2025-10-11 15:21:31 - POST recibido: Array
(
    [action] => save_process
    [uuid] => 9ba3a2d5-b4fa-4af9-829b-8519bf26b56f
    [process_name] => XDDDDADADA
    [category] => mexicv/Materials CMM/Mining
    [general_comment] => Important note: although most of the data in the US LCI database has 
undergone some sort of review, the database as a whole has not yet 
undergone a formal validation process.
Please email comments to lci@nrel.gov.
    [technology_description] => 
    [geo_description] => Northern America
    [process_type] => UNIT_PROCESS
    [time_desc] => 
    [version] => 01.00.001
    [valid_from] => 2011-07-10
    [valid_until] => 
    [project] => MEXICV
    [lci_method] => 
    [ds_data_selection] => 
    [ds_data_treatment] => 
    [data_collection_period] => 
    [ds_data_completeness] => 
    [completeness_text] => 
    [sources_text] => Franklin Associates 2003; U.S. Census Bureau 1997; unspecified 9999; Hong, B.D 1997; U.S. Department of Energy 1983; unspecified 2002; Energy Information Administration 1997; Energy Information Administration 2000; unspecified 2002; USDA/ERS 2002; USDA/NCRS 2002; Energy Information Administration 2000; Energy Information Administration 1995; U.S. EPA 1998; U.S. EPA 1995; D.A. Kirchgessner 2000; J.G. Speight 1994
    [modeling_constants] => 
    [access_restrictions] => 
    [copyright] => 1
    [modeller_uuid] => c6f7d1c9-9a3b-11f0-a91e-2369a80f526f
    [owner_uuid] => d8af91f0-9b03-11f0-a91e-2369a80f526f
)

2025-10-11 15:43:03 - POST recibido: Array
(
    [action] => save_process
    [uuid] => 9ba3a2d5-b4fa-4af9-829b-8519bf26b56f
    [process_name] => XDDDDADADA
    [category] => mexicv/Materials CMM/Mining
    [general_comment] => Important note: although most of the data in the US LCI database has 
undergone some sort of review, the database as a whole has not yet 
undergone a formal validation process.
Please email comments to lci@nrel.gov.
    [technology_description] => 
    [geo_description] => Northern America
    [process_type] => UNIT_PROCESS
    [time_desc] => 
    [version] => 01.00.001
    [valid_from] => 2011-07-10
    [valid_until] => 
    [project] => MEXICV
    [lci_method] => 
    [ds_data_selection] => 
    [ds_data_treatment] => 
    [data_collection_period] => 
    [ds_data_completeness] => 
    [completeness_text] => 
    [sources_text] => Franklin Associates 2003; U.S. Census Bureau 1997; unspecified 9999; Hong, B.D 1997; U.S. Department of Energy 1983; unspecified 2002; Energy Information Administration 1997; Energy Information Administration 2000; unspecified 2002; USDA/ERS 2002; USDA/NCRS 2002; Energy Information Administration 2000; Energy Information Administration 1995; U.S. EPA 1998; U.S. EPA 1995; D.A. Kirchgessner 2000; J.G. Speight 1994
    [modeling_constants] => 
    [access_restrictions] => 
    [copyright] => 1
    [modeller_uuid] => c6f7d1c9-9a3b-11f0-a91e-2369a80f526f
    [owner_uuid] => d8af91f0-9b03-11f0-a91e-2369a80f526f
)

2025-10-11 15:43:05 - POST recibido: Array
(
)

2025-10-11 15:45:24 - POST recibido: Array
(
)

2025-10-11 15:49:33 - POST recibido: Array
(
    [action] => search_actors_and_users
    [search] => 
)

2025-10-11 15:49:44 - POST recibido: Array
(
    [action] => search_actors_and_users
    [search] => 
)

2025-10-11 15:49:54 - POST recibido: Array
(
    [action] => search_datasets
    [search] => 
)

2025-10-11 15:49:59 - POST recibido: Array
(
    [action] => update_flow
    [flow_type] => input
    [flow_uuid] => 4d407906-a6b9-11f0-a91e-2369a80f526f
    [new_process_uuid] => 5286ae4d-cb2f-369a-8e54-3a7fcdd76cde
    [amount] => 2
)

2025-10-11 15:50:07 - POST recibido: Array
(
    [action] => update_description
    [flow_uuid] => 4d407906-a6b9-11f0-a91e-2369a80f526f
    [flow_type] => input
    [description] => B75B45745B
)

2025-10-11 15:50:09 - POST recibido: Array
(
    [action] => search_datasets
    [search] => 
)

2025-10-11 15:50:10 - POST recibido: Array
(
    [action] => search_datasets
    [search] => 
)

2025-10-11 15:50:14 - POST recibido: Array
(
    [action] => search_datasets
    [search] => T
)

2025-10-11 15:50:14 - POST recibido: Array
(
    [action] => search_datasets
    [search] => TAP
)

2025-10-11 15:50:14 - POST recibido: Array
(
    [action] => search_datasets
    [search] => TA
)

2025-10-11 15:50:17 - POST recibido: Array
(
    [action] => search_datasets
    [search] => TAP 
)

2025-10-11 15:50:18 - POST recibido: Array
(
    [action] => search_datasets
    [search] => TAP W
)

2025-10-11 15:50:21 - POST recibido: Array
(
    [action] => update_flow
    [flow_type] => output
    [flow_uuid] => 4d40ebf0-a6b9-11f0-a91e-2369a80f526f
    [new_process_uuid] => 7caceef8-4a97-3de3-97fb-53241bdc8448
    [amount] => 23
)

2025-10-11 15:50:26 - POST recibido: Array
(
    [action] => update_description
    [flow_uuid] => 4d40ebf0-a6b9-11f0-a91e-2369a80f526f
    [flow_type] => output
    [description] => TYY55YTYYT
)

2025-10-11 15:50:26 - POST recibido: Array
(
    [action] => save_process
    [uuid] => a2823a94-6537-4253-a572-ea1a580c40d2
    [process_name] => XDDDDDDD
    [category] => mexicv/Transportation CMM/Freight
    [general_comment] => FEWFWEFWE
    [technology_description] => EREWQWG35
    [geo_description] => Mexico
    [process_type] => UNIT_PROCESS
    [time_desc] => REWQG
    [version] => 01.00.001
    [valid_from] => 2025-12-12
    [valid_until] => 2030-10-05
    [project] => REREWRERWERW
    [lci_method] => R4DR
    [ds_data_selection] => DR33T4
    [ds_data_treatment] => G46G346
    [data_collection_period] => G4634G
    [ds_data_completeness] => RD32DR2
    [completeness_text] => G346G6GB23
    [sources_text] => DR3RD3
    [modeling_constants] => 6G46G34
    [access_restrictions] => G46B36G34
    [copyright] => 1
    [modeller_uuid] => c6f7d1c9-9a3b-11f0-a91e-2369a80f526f
    [owner_uuid] => d8af91f0-9b03-11f0-a91e-2369a80f526f
)

2025-10-11 15:50:28 - POST recibido: Array
(
)

2025-10-11 15:50:50 - POST recibido: Array
(
)

2025-10-11 16:03:42 - POST recibido: Array
(
)

2025-10-11 16:03:46 - POST recibido: Array
(
    [action] => saveprocess
    [uuid] => a2823a94-6537-4253-a572-ea1a580c40d2
    [category] => mexicv/Transportation CMM/Freight
    [version] => 01.00.001
    [project] => REREWRERWERW
    [copyright] => 0
    [modeller_uuid] => c6f7d1c9-9a3b-11f0-a91e-2369a80f526f
    [owner_uuid] => d8af91f0-9b03-11f0-a91e-2369a80f526f
)

2025-10-11 16:06:01 - POST recibido: Array
(
    [action] => saveprocess
    [uuid] => a2823a94-6537-4253-a572-ea1a580c40d2
    [category] => mexicv/Transportation CMM/Freight
    [version] => 01.00.001
    [project] => REREWRERWERW
    [copyright] => 0
    [modeller_uuid] => c6f7d1c9-9a3b-11f0-a91e-2369a80f526f
    [owner_uuid] => d8af91f0-9b03-11f0-a91e-2369a80f526f
)

2025-10-11 16:06:12 - POST recibido: Array
(
    [action] => saveprocess
    [uuid] => a2823a94-6537-4253-a572-ea1a580c40d2
    [category] => mexicv/Transportation CMM/Freight
    [version] => 01.00.001
    [project] => REREWRERWERW
    [copyright] => 0
    [modeller_uuid] => c6f7d1c9-9a3b-11f0-a91e-2369a80f526f
    [owner_uuid] => d8af91f0-9b03-11f0-a91e-2369a80f526f
)

2025-10-11 16:10:00 - POST recibido: Array
(
    [action] => saveprocess
    [uuid] => a2823a94-6537-4253-a572-ea1a580c40d2
    [category] => mexicv/Transportation CMM/Freight
    [version] => 01.00.001
    [project] => REREWRERWERW
    [copyright] => 0
    [modeller_uuid] => c6f7d1c9-9a3b-11f0-a91e-2369a80f526f
    [owner_uuid] => d8af91f0-9b03-11f0-a91e-2369a80f526f
)

2025-10-11 16:10:28 - POST recibido: Array
(
)

2025-10-11 16:10:35 - POST recibido: Array
(
    [action] => save_process
    [uuid] => a2823a94-6537-4253-a572-ea1a580c40d2
    [process_name] => XDDDDDDD
    [category] => mexicv/Transportation CMM/Freight
    [general_comment] => FEWFWEFWE
    [technology_description] => EREWQWG35
    [geo_description] => Mexico
    [process_type] => UNIT_PROCESS
    [time_desc] => REWQG
    [version] => 01.00.001
    [valid_from] => 2025-12-12
    [valid_until] => 2030-10-05
    [project] => REREWRERWERW
    [lci_method] => R4DR
    [ds_data_selection] => DR33T4
    [ds_data_treatment] => G46G346
    [data_collection_period] => G4634G
    [ds_data_completeness] => RD32DR2
    [completeness_text] => G346G6GB23
    [sources_text] => DR3RD3
    [modeling_constants] => 6G46G34
    [access_restrictions] => G46B36G34
    [copyright] => 0
    [modeller_uuid] => c6f7d1c9-9a3b-11f0-a91e-2369a80f526f
    [owner_uuid] => d8af91f0-9b03-11f0-a91e-2369a80f526f
)

2025-10-11 16:11:51 - POST recibido: Array
(
)

2025-10-11 16:12:22 - POST recibido: Array
(
    [action] => search_actors_and_users
    [search] => 
)

2025-10-11 16:12:28 - POST recibido: Array
(
    [action] => search_actors_and_users
    [search] => 
)

2025-10-11 16:12:40 - POST recibido: Array
(
    [action] => search_datasets
    [search] => 
)

2025-10-11 16:12:52 - POST recibido: Array
(
    [action] => update_flow
    [flow_type] => input
    [flow_uuid] => feea883e-a6bc-11f0-a91e-2369a80f526f
    [new_process_uuid] => 57388417-e929-453f-ad0e-d22833468211
    [amount] => 12
)

2025-10-11 16:12:59 - POST recibido: Array
(
    [action] => update_description
    [flow_uuid] => feea883e-a6bc-11f0-a91e-2369a80f526f
    [flow_type] => input
    [description] => VFGERGWR
)

2025-10-11 16:13:01 - POST recibido: Array
(
    [action] => search_datasets
    [search] => 
)

2025-10-11 16:13:04 - POST recibido: Array
(
    [action] => search_datasets
    [search] => TA
)

2025-10-11 16:13:04 - POST recibido: Array
(
    [action] => search_datasets
    [search] => T
)

2025-10-11 16:13:04 - POST recibido: Array
(
    [action] => search_datasets
    [search] => TAP
)

2025-10-11 16:13:04 - POST recibido: Array
(
    [action] => search_datasets
    [search] => TAPW
)

2025-10-11 16:13:06 - POST recibido: Array
(
    [action] => search_datasets
    [search] => TAP
)

2025-10-11 16:13:17 - POST recibido: Array
(
    [action] => update_flow
    [flow_type] => output
    [flow_uuid] => feeaec5c-a6bc-11f0-a91e-2369a80f526f
    [new_process_uuid] => 7caceef8-4a97-3de3-97fb-53241bdc8448
    [amount] => 2
)

2025-10-11 16:13:23 - POST recibido: Array
(
    [action] => update_description
    [flow_uuid] => feeaec5c-a6bc-11f0-a91e-2369a80f526f
    [flow_type] => output
    [description] => EEEVYVRT
)

2025-10-11 16:13:23 - POST recibido: Array
(
    [action] => save_process
    [uuid] => a8698dff-4ee4-436b-8b0c-757b8650d1a9
    [process_name] => HOLAAAA
    [category] => mexicv/Transportation CMM/Freight
    [general_comment] => FEWFEWQ
    [technology_description] => F34G43G
    [geo_description] => Mexico
    [process_type] => UNIT_PROCESS
    [time_desc] => WEFWEFWE
    [version] => 01.00.001
    [valid_from] => 2014-12-12
    [valid_until] => EWFWEF
    [project] => G4GG242G4
    [lci_method] => G242G2G
    [ds_data_selection] => G542
    [ds_data_treatment] => 244FF4
    [data_collection_period] => 2F2F
    [ds_data_completeness] => G2G24
    [completeness_text] => 
    [sources_text] => 42G24G2
    [modeling_constants] => F24F2F2
    [access_restrictions] => 3R23R32R3
    [copyright] => 1
    [modeller_uuid] => c6f7d1c9-9a3b-11f0-a91e-2369a80f526f
    [owner_uuid] => d8af91f0-9b03-11f0-a91e-2369a80f526f
)

2025-10-11 16:13:26 - POST recibido: Array
(
)

2025-10-11 16:13:41 - POST recibido: Array
(
)

2025-10-11 16:13:45 - POST recibido: Array
(
    [action] => save_process
    [uuid] => a8698dff-4ee4-436b-8b0c-757b8650d1a9
    [process_name] => HOLAAAA
    [category] => mexicv/Transportation CMM/Freight
    [general_comment] => FEWFEWQ
    [technology_description] => F34G43G
    [geo_description] => Mexico
    [process_type] => UNIT_PROCESS
    [time_desc] => WEFWEFWE
    [version] => 01.00.001
    [valid_from] => 2014-12-12
    [valid_until] => 0000-00-00
    [project] => G4GG242G4
    [lci_method] => G242G2G
    [ds_data_selection] => G542
    [ds_data_treatment] => 244FF4
    [data_collection_period] => 2F2F
    [ds_data_completeness] => G2G24
    [completeness_text] => 
    [sources_text] => 42G24G2
    [modeling_constants] => F24F2F2
    [access_restrictions] => 3R23R32R3
    [copyright] => 0
    [modeller_uuid] => c6f7d1c9-9a3b-11f0-a91e-2369a80f526f
    [owner_uuid] => d8af91f0-9b03-11f0-a91e-2369a80f526f
)

2025-10-11 16:17:21 - POST recibido: Array
(
)

2025-10-11 16:17:59 - POST recibido: Array
(
    [action] => search_actors_and_users
    [search] => 
)

2025-10-11 16:18:11 - POST recibido: Array
(
    [action] => search_actors_and_users
    [search] => 
)

2025-10-11 16:18:21 - POST recibido: Array
(
    [action] => search_datasets
    [search] => 
)

2025-10-11 16:18:28 - POST recibido: Array
(
    [action] => update_flow
    [flow_type] => input
    [flow_uuid] => c3b46057-a6bd-11f0-a91e-2369a80f526f
    [new_process_uuid] => dc1832b0-36c6-4dcd-aaa8-cac51cb35527
    [amount] => 3
)

2025-10-11 16:18:32 - POST recibido: Array
(
    [action] => search_datasets
    [search] => 
)

2025-10-11 16:18:35 - POST recibido: Array
(
    [action] => search_datasets
    [search] => E
)

2025-10-11 16:18:35 - POST recibido: Array
(
    [action] => search_datasets
    [search] => EL
)

2025-10-11 16:18:36 - POST recibido: Array
(
    [action] => search_datasets
    [search] => ELE
)

2025-10-11 16:18:36 - POST recibido: Array
(
    [action] => search_datasets
    [search] => ELEC
)

2025-10-11 16:18:43 - POST recibido: Array
(
    [action] => update_flow
    [flow_type] => input
    [flow_uuid] => c3b46057-a6bd-11f0-a91e-2369a80f526f
    [new_process_uuid] => 67eb1819-187c-4e1e-b6cd-876da0118043
    [amount] => 10
)

2025-10-11 16:18:53 - POST recibido: Array
(
    [action] => update_description
    [flow_uuid] => c3b46057-a6bd-11f0-a91e-2369a80f526f
    [flow_type] => input
    [description] => RCECRWR
)

2025-10-11 16:18:59 - POST recibido: Array
(
    [action] => update_description
    [flow_uuid] => c3c6a6c5-a6bd-11f0-a91e-2369a80f526f
    [flow_type] => output
    [description] => CERWEWEC
)

2025-10-11 16:19:03 - POST recibido: Array
(
    [action] => search_datasets
    [search] => 
)

2025-10-11 16:19:10 - POST recibido: Array
(
    [action] => update_flow
    [flow_type] => output
    [flow_uuid] => c3c6a6c5-a6bd-11f0-a91e-2369a80f526f
    [new_process_uuid] => dc1832b0-36c6-4dcd-aaa8-cac51cb35527
    [amount] => 10
)

2025-10-11 16:19:30 - POST recibido: Array
(
    [action] => save_process
    [uuid] => e83e9650-1782-4c17-8c15-236a7355579a
    [process_name] => AGUA DE LLAVE
    [category] => mexicv/Materials CMM/Water/Water/Drinking water\Transformation
    [general_comment] => Adapted from Ecoinvent 3.0.
The world electricity mix was substituted by the Mexican electricity mix.
Most of the World average values correspond with the Mexican Ones (Farell, Carole, Inegi 2013).
    [technology_description] => FC4RC24R4CR
    [geo_description] => MEXICO
    [process_type] => UNIT_PROCESS
    [time_desc] => R323RRF
    [version] => 01.00.001
    [valid_from] => 2014-11-12
    [valid_until] => 2030-10-05
    [project] => MEXICV
    [lci_method] => LCA COMMONS
    [ds_data_selection] => RC3CR23C2
    [ds_data_treatment] => 32CR32RC32C
    [data_collection_period] => C32R2C
    [ds_data_completeness] => CR32R23CRC
    [completeness_text] => 3CR32CR3RC23R
    [sources_text] => SimaPro 2014
    [modeling_constants] => CR3R2RC
    [access_restrictions] => ERBREBVE
    [copyright] => 1
    [modeller_uuid] => de53c560-d6a9-11da-a94d-0800200c9a66
    [owner_uuid] => 721bcfe4-ee92-33bc-a9bd-bbf5ba3cb52d
)

2025-10-11 16:26:26 - POST recibido: Array
(
)

2025-10-11 16:27:00 - POST recibido: Array
(
    [action] => search_actors_and_users
    [search] => 
)

2025-10-11 16:27:04 - POST recibido: Array
(
    [action] => search_actors_and_users
    [search] => 
)

2025-10-11 16:27:15 - POST recibido: Array
(
    [action] => save_process
    [uuid] => 42ca40d6-59e8-4c2c-8ad5-79198ecdb7c1
    [process_name] => PRUEBA
    [category] => mexicv/Transportation CMM/Freight
    [general_comment] => FEFEF
    [technology_description] => FT4TF3
    [geo_description] => Mexico
    [process_type] => UNIT_PROCESS
    [time_desc] => V3T34T34F
    [version] => 01.00.001
    [valid_from] => 2014-12-12
    [valid_until] => 
    [project] => TF4TF3T
    [lci_method] => FT43F24FT
    [ds_data_selection] => F4T43FT4
    [ds_data_treatment] => 4FT23F2T
    [data_collection_period] => T3TT3
    [ds_data_completeness] => F23TT3T
    [completeness_text] => 
    [sources_text] => FT4334
    [modeling_constants] => TT44
    [access_restrictions] => F4T43T34TF34
    [copyright] => 1
    [modeller_uuid] => c6f7d1c9-9a3b-11f0-a91e-2369a80f526f
    [owner_uuid] => 226558a9-73e4-36d4-b383-98230cc5247d
)

2025-10-11 17:18:08 - POST recibido: Array
(
)

2025-10-11 17:18:15 - POST recibido: Array
(
    [action] => search_datasets
    [search] => 
)

2025-10-11 17:18:19 - POST recibido: Array
(
    [action] => update_flow
    [flow_type] => input
    [flow_uuid] => 415fb177-a6c6-11f0-a91e-2369a80f526f
    [new_process_uuid] => 72758969-6e2c-42d8-b82c-c34582fbeeb3
    [amount] => 3
)

2025-10-11 17:18:24 - POST recibido: Array
(
    [action] => search_datasets
    [search] => 
)

2025-10-11 17:18:27 - POST recibido: Array
(
    [action] => search_datasets
    [search] => T
)

2025-10-11 17:18:27 - POST recibido: Array
(
    [action] => search_datasets
    [search] => TA
)

2025-10-11 17:18:27 - POST recibido: Array
(
    [action] => search_datasets
    [search] => TAP
)

2025-10-11 17:18:32 - POST recibido: Array
(
    [action] => update_flow
    [flow_type] => output
    [flow_uuid] => 4160300a-a6c6-11f0-a91e-2369a80f526f
    [new_process_uuid] => 7caceef8-4a97-3de3-97fb-53241bdc8448
    [amount] => 32
)

2025-10-11 17:18:41 - POST recibido: Array
(
    [action] => save_process
    [uuid] => 72758969-6e2c-42d8-b82c-c34582fbeeb3
    [process_name] => CREWRWERC
    [category] => mexicv/Transportation CMM/Freight
    [general_comment] => 
    [technology_description] => 
    [geo_description] => Mexico
    [process_type] => UNIT_PROCESS
    [time_desc] => 
    [version] => 01.00.001
    [valid_from] => 2014-12-12
    [valid_until] => 
    [project] => 
    [lci_method] => 
    [ds_data_selection] => 
    [ds_data_treatment] => 
    [data_collection_period] => 
    [ds_data_completeness] => 
    [completeness_text] => 
    [sources_text] => 
    [modeling_constants] => 
    [access_restrictions] => 
    [copyright] => 0
    [modeller_uuid] => 
    [owner_uuid] => 
)

2025-10-11 18:27:31 - POST recibido: Array
(
)

2025-10-11 18:27:41 - POST recibido: Array
(
    [action] => search_actors_and_users
    [search] => 
)

2025-10-11 18:27:45 - POST recibido: Array
(
    [action] => search_actors_and_users
    [search] => 
)

2025-10-11 18:27:54 - POST recibido: Array
(
    [action] => save_process
    [uuid] => 2b03fce6-41fc-4a65-9b8b-f7454bf476db
    [process_name] => DADADA
    [category] => mexicv/Transportation CMM/Freight
    [general_comment] => 
    [technology_description] => 
    [geo_description] => Mexico
    [process_type] => UNIT_PROCESS
    [time_desc] => 
    [version] => 01.00.001
    [valid_from] => 2014-12-12
    [valid_until] => 
    [project] => 
    [lci_method] => 
    [ds_data_selection] => 
    [ds_data_treatment] => 
    [data_collection_period] => 
    [ds_data_completeness] => 
    [completeness_text] => 
    [sources_text] => 
    [modeling_constants] => 
    [access_restrictions] => 
    [copyright] => 1
    [modeller_uuid] => c6f7d1c9-9a3b-11f0-a91e-2369a80f526f
    [owner_uuid] => b02ce318-be40-3c09-84b9-f96511c07c8b
)

2025-10-11 18:54:58 - POST recibido: Array
(
)

2025-10-11 19:13:16 - POST recibido: Array
(
    [action] => save_process
    [uuid] => 7850f3d7-16f2-4f8b-806d-6118021cb9e4
    [process_name] => FFFFF
    [category] => mexicv/Transportation CMM/Freight
    [general_comment] => 
    [technology_description] => 
    [geo_description] => Mexico
    [process_type] => UNIT_PROCESS
    [time_desc] => 
    [version] => 01.00.001
    [valid_from] => 2014-12-12
    [valid_until] => 
    [project] => 
    [lci_method] => 
    [ds_data_selection] => 
    [ds_data_treatment] => 
    [data_collection_period] => 
    [ds_data_completeness] => 
    [completeness_text] => 
    [sources_text] => 
    [modeling_constants] => 
    [access_restrictions] => 
    [copyright] => 0
    [modeller_uuid] => 
    [owner_uuid] => 
)

2025-10-11 19:14:02 - POST recibido: Array
(
)

2025-10-11 19:14:11 - POST recibido: Array
(
    [action] => save_process
    [uuid] => 276ce2d7-6d60-43ab-beab-551fc4616a65
    [process_name] => 2f24d3ws
    [category] => mexicv/Transportation CMM/Freight
    [general_comment] => 
    [technology_description] => 
    [geo_description] => Mexico
    [process_type] => UNIT_PROCESS
    [time_desc] => 
    [version] => 01.00.001
    [valid_from] => 2014-12-12
    [valid_until] => 
    [project] => 
    [lci_method] => 
    [ds_data_selection] => 
    [ds_data_treatment] => 
    [data_collection_period] => 
    [ds_data_completeness] => 
    [completeness_text] => 
    [sources_text] => 
    [modeling_constants] => 
    [access_restrictions] => 
    [copyright] => 0
    [modeller_uuid] => 
    [owner_uuid] => 
)

2025-10-15 20:36:28 - POST recibido: Array
(
)

2025-10-15 20:36:33 - POST recibido: Array
(
    [action] => save_process
    [uuid] => bf2f5943-bb44-4bcb-a9e7-25be93efea4c
    [process_name] => PRUEBA
    [category] => Fabricación de azúcar
    [general_comment] => weqweqwewqe
    [technology_description] => qewqeqwewqe
    [geo_description] => ewqeqweqwew
    [process_type] => UNIT_PROCESS
    [time_desc] => 
    [version] => 
    [valid_from] => 
    [valid_until] => 
    [project] => 
    [lci_method] => 
    [ds_data_selection] => 
    [ds_data_treatment] => 
    [data_collection_period] => 
    [ds_data_completeness] => 
    [completeness_text] => wewqewqewqewe
    [sources_text] => 
    [modeling_constants] => 
    [access_restrictions] => 
    [copyright] => 0
    [modeller_uuid] => 
    [owner_uuid] => 
)

2025-10-15 20:36:34 - POST recibido: Array
(
)

2025-10-15 20:36:41 - POST recibido: Array
(
    [action] => save_process
    [uuid] => bf2f5943-bb44-4bcb-a9e7-25be93efea4c
    [process_name] => PRUEBA
    [category] => Fabricación de azúcar
    [general_comment] => weqweqwewqe
    [technology_description] => qewqeqwewqe
    [geo_description] => ewqeqweqwew
    [process_type] => UNIT_PROCESS
    [time_desc] => 
    [version] => 
    [valid_from] => 0000-00-00
    [valid_until] => 0000-00-00
    [project] => 
    [lci_method] => 
    [ds_data_selection] => 
    [ds_data_treatment] => 
    [data_collection_period] => 
    [ds_data_completeness] => 
    [completeness_text] => wewqewqewqewe
    [sources_text] => 
    [modeling_constants] => 
    [access_restrictions] => 
    [copyright] => 0
    [modeller_uuid] => 
    [owner_uuid] => 
)

2025-10-15 20:36:52 - POST recibido: Array
(
)

2025-10-15 20:36:58 - POST recibido: Array
(
    [action] => save_process
    [uuid] => bf2f5943-bb44-4bcb-a9e7-25be93efea4c
    [process_name] => PRUEBA1
    [category] => Fabricación de azúcar
    [general_comment] => weqweqwewqe
    [technology_description] => qewqeqwewqe
    [geo_description] => ewqeqweqwew
    [process_type] => UNIT_PROCESS
    [time_desc] => 
    [version] => 
    [valid_from] => 0000-00-00
    [valid_until] => 0000-00-00
    [project] => 
    [lci_method] => 
    [ds_data_selection] => 
    [ds_data_treatment] => 
    [data_collection_period] => 
    [ds_data_completeness] => 
    [completeness_text] => wewqewqewqewe
    [sources_text] => 
    [modeling_constants] => 
    [access_restrictions] => 
    [copyright] => 0
    [modeller_uuid] => 
    [owner_uuid] => 
)

2025-10-15 20:37:00 - POST recibido: Array
(
    [action] => save_process
    [uuid] => bf2f5943-bb44-4bcb-a9e7-25be93efea4c
    [process_name] => PRUEBA1
    [category] => Fabricación de azúcar
    [general_comment] => weqweqwewqe
    [technology_description] => qewqeqwewqe
    [geo_description] => ewqeqweqwew
    [process_type] => UNIT_PROCESS
    [time_desc] => 
    [version] => 
    [valid_from] => 0000-00-00
    [valid_until] => 0000-00-00
    [project] => 
    [lci_method] => 
    [ds_data_selection] => 
    [ds_data_treatment] => 
    [data_collection_period] => 
    [ds_data_completeness] => 
    [completeness_text] => wewqewqewqewe
    [sources_text] => 
    [modeling_constants] => 
    [access_restrictions] => 
    [copyright] => 0
    [modeller_uuid] => 
    [owner_uuid] => 
)

2025-10-15 20:37:01 - POST recibido: Array
(
)

2025-10-16 04:24:48 - POST recibido: Array
(
)

2025-10-16 04:24:59 - POST recibido: Array
(
    [action] => search_actors_and_users
    [search] => 
)

2025-10-16 04:25:09 - POST recibido: Array
(
    [action] => search_datasets
    [search] => 
)

2025-10-16 04:27:17 - POST recibido: Array
(
)

2025-10-16 04:27:30 - POST recibido: Array
(
    [action] => search_actors_and_users
    [search] => 
)

2025-10-16 04:27:41 - POST recibido: Array
(
    [action] => search_datasets
    [search] => 
)

2025-10-16 04:27:49 - POST recibido: Array
(
    [action] => search_datasets
    [search] => 
)

2025-10-16 04:28:17 - POST recibido: Array
(
)

2025-10-16 04:28:25 - POST recibido: Array
(
    [action] => search_actors_and_users
    [search] => 
)

2025-10-16 04:28:34 - POST recibido: Array
(
    [action] => search_datasets
    [search] => 
)

2025-10-16 04:28:40 - POST recibido: Array
(
    [action] => search_datasets
    [search] => 
)

2025-10-16 06:11:47 - POST recibido: Array
(
)

2025-10-16 19:44:38 - POST recibido: Array
(
)

2025-10-16 19:45:03 - POST recibido: Array
(
    [action] => save_process
    [uuid] => 0e4618c3-22e2-4128-95da-74a3e3ec7275
    [process_name] => Queso oaxaca test
    [category] => Fabricación de productos lácteos
    [general_comment] => 
    [technology_description] => Artesanal
    [geo_description] => Producción de Queso Oaxaca
    [process_type] => UNIT_PROCESS
    [time_desc] => 
    [version] => 
    [valid_from] => 0000-00-00
    [valid_until] => 0000-00-00
    [project] => 
    [lci_method] => 
    [ds_data_selection] => 
    [ds_data_treatment] => 
    [data_collection_period] => 
    [ds_data_completeness] => 
    [completeness_text] => 
    [sources_text] => 
    [modeling_constants] => 
    [access_restrictions] => Review: Sin revisar | Access: Restringida | License: Propietaria
    [copyright] => 0
    [modeller_uuid] => 
    [owner_uuid] => a219b81ee2cccfe601efaf161732a573
)

2025-10-16 19:45:05 - POST recibido: Array
(
)

2025-10-16 19:45:09 - POST recibido: Array
(
    [action] => save_process
    [uuid] => 0e4618c3-22e2-4128-95da-74a3e3ec7275
    [process_name] => Queso oaxaca test
    [category] => Fabricación de productos lácteos
    [general_comment] => 
    [technology_description] => Artesanal
    [geo_description] => Producción de Queso Oaxaca
    [process_type] => UNIT_PROCESS
    [time_desc] => 
    [version] => 
    [valid_from] => 0000-00-00
    [valid_until] => 0000-00-00
    [project] => 
    [lci_method] => 
    [ds_data_selection] => 
    [ds_data_treatment] => 
    [data_collection_period] => 
    [ds_data_completeness] => 
    [completeness_text] => 
    [sources_text] => 
    [modeling_constants] => 
    [access_restrictions] => Review: Sin revisar | Access: Restringida | License: Propietaria
    [copyright] => 0
    [modeller_uuid] => 
    [owner_uuid] => a219b81ee2cccfe601efaf161732a573
)

2025-10-16 19:45:11 - POST recibido: Array
(
)

2025-10-16 19:45:33 - POST recibido: Array
(
)

2025-10-17 00:13:54 - POST recibido: Array
(
)

2025-10-17 00:14:00 - POST recibido: Array
(
    [action] => save_process
    [uuid] => c9c4f4a8-9575-48b4-95a1-d7552b6acd0d
    [process_name] => FEWFWEF
    [category] => mexicv/Transportation CMM/Freight
    [general_comment] => 
    [technology_description] => 
    [geo_description] => Mexico
    [process_type] => UNIT_PROCESS
    [time_desc] => 
    [version] => 01.00.001
    [valid_from] => 2014-12-12
    [valid_until] => 
    [project] => 
    [lci_method] => 
    [ds_data_selection] => 
    [ds_data_treatment] => 
    [data_collection_period] => 
    [ds_data_completeness] => 
    [completeness_text] => 
    [sources_text] => 
    [modeling_constants] => 
    [access_restrictions] => 
    [copyright] => 0
    [modeller_uuid] => 
    [owner_uuid] => 
)

2025-10-17 18:59:18 - POST recibido: Array
(
)

2025-10-20 18:04:50 - POST recibido: Array
(
)

2025-10-20 18:05:15 - POST recibido: Array
(
)

2025-10-20 18:05:36 - POST recibido: Array
(
)

2025-10-20 18:08:08 - POST recibido: Array
(
)

2025-10-20 18:08:31 - POST recibido: Array
(
)

2025-10-20 18:10:12 - POST recibido: Array
(
    [action] => save_process
    [uuid] => 13cca76e-6072-43bf-8bb7-e65db564c103
    [process_name] => Queso 2
    [category] => Fabricación de comidas y platos preparados
    [general_comment] => 
    [technology_description] => 
    [geo_description] => 
    [process_type] => UNIT_PROCESS
    [time_desc] => 
    [version] => 
    [valid_from] => 
    [valid_until] => 
    [project] => 
    [lci_method] => 
    [ds_data_selection] => 
    [ds_data_treatment] => 
    [data_collection_period] => 
    [ds_data_completeness] => 
    [completeness_text] => 
    [sources_text] => 
    [modeling_constants] => 
    [access_restrictions] => 
    [copyright] => 0
    [modeller_uuid] => 
    [owner_uuid] => 
)

2025-10-20 21:52:37 - POST recibido: Array
(
)

2025-10-21 04:18:24 - POST recibido: Array
(
)

2025-10-21 05:05:08 - POST recibido: Array
(
)

2025-10-21 05:05:08 - POST recibido: Array
(
)

2025-10-21 05:05:08 - POST recibido: Array
(
)

2025-10-21 05:05:16 - POST recibido: Array
(
)

2025-10-21 05:05:21 - POST recibido: Array
(
    [action] => save_process
    [uuid] => 64c3d38f-b353-460e-be72-d98c2e197731
    [process_name] => xdddddd
    [category] => material/Agricultural/Plant production/Other/Transformation
    [general_comment] => Inventory of Agribalyse 3.1 2022
This process describes the production of 135100 kg of Agave tequilana, at farm/MX U

Status: Finished
Record: Data entered by Gingko 21 - julie.houssier@gingko21.com

Generator: Data generated by Gingko 21
    [technology_description] => 
    [geo_description] => Mexico
    [process_type] => UNIT_PROCESS
    [time_desc] => 
    [version] => 00.01.000
    [valid_from] => 2022-01-14
    [valid_until] => 
    [project] => System: AGRIBALYSE
    [lci_method] => 
    [ds_data_selection] => 
    [ds_data_treatment] => 
    [data_collection_period] => 
    [ds_data_completeness] => 
    [completeness_text] => 
    [sources_text] => 
    [modeling_constants] => 
    [access_restrictions] => 
    [copyright] => 0
    [modeller_uuid] => 
    [owner_uuid] => 
)

2025-10-21 05:05:22 - POST recibido: Array
(
)

2025-10-21 05:06:38 - POST recibido: Array
(
)

2025-10-21 05:06:43 - POST recibido: Array
(
    [action] => save_process
    [uuid] => 64c3d38f-b353-460e-be72-d98c2e197731
    [process_name] => xdddddd
    [category] => material/Agricultural/Plant production/Other/Transformation
    [general_comment] => Inventory of Agribalyse 3.1 2022
This process describes the production of 135100 kg of Agave tequilana, at farm/MX U

Status: Finished
Record: Data entered by Gingko 21 - julie.houssier@gingko21.com

Generator: Data generated by Gingko 21
    [technology_description] => 
    [geo_description] => Mexico
    [process_type] => UNIT_PROCESS
    [time_desc] => 
    [version] => 00.01.000
    [valid_from] => 2022-01-14
    [valid_until] => 0000-00-00
    [project] => System: AGRIBALYSE
    [lci_method] => 
    [ds_data_selection] => 
    [ds_data_treatment] => 
    [data_collection_period] => 
    [ds_data_completeness] => 
    [completeness_text] => 
    [sources_text] => 
    [modeling_constants] => 
    [access_restrictions] => 
    [copyright] => 0
    [modeller_uuid] => 
    [owner_uuid] => 
)

2025-10-22 18:17:06 - POST recibido: Array
(
)

2025-10-22 18:18:27 - POST recibido: Array
(
)

2025-10-24 19:04:41 - POST recibido: Array
(
)

2025-10-28 20:40:01 - POST recibido: Array
(
)

2025-10-28 20:40:15 - POST recibido: Array
(
    [action] => save_process
    [uuid] => da13c21c-7c0e-42ed-94d2-d10e700f46f9
    [process_name] => > 7 Ton diesel por km (Copia en edición)
    [category] => mexicv/Transportation CMM/Freight
    [general_comment] => 
    [technology_description] => 
    [geo_description] => Mexico
    [process_type] => UNIT_PROCESS
    [time_desc] => 
    [version] => 01.00.001
    [valid_from] => 2014-12-12
    [valid_until] => 
    [project] => 
    [lci_method] => 
    [ds_data_selection] => 
    [ds_data_treatment] => 
    [data_collection_period] => 
    [ds_data_completeness] => 
    [completeness_text] => 
    [sources_text] => 
    [modeling_constants] => 
    [access_restrictions] => 
    [copyright] => 0
    [modeller_uuid] => 
    [owner_uuid] => 
)

2025-10-28 20:40:16 - POST recibido: Array
(
)

2025-10-28 20:41:23 - POST recibido: Array
(
)

2025-10-28 20:41:31 - POST recibido: Array
(
    [action] => save_process
    [uuid] => a777a6b9-e159-485f-8fc9-0a7ee4796a88
    [process_name] => PRUEBAAAAA
    [category] => mexicv/Transportation CMM/Freight
    [general_comment] => 
    [technology_description] => 
    [geo_description] => Mexico
    [process_type] => UNIT_PROCESS
    [time_desc] => 
    [version] => 01.00.001
    [valid_from] => 2014-12-12
    [valid_until] => 
    [project] => 
    [lci_method] => 
    [ds_data_selection] => 
    [ds_data_treatment] => 
    [data_collection_period] => 
    [ds_data_completeness] => 
    [completeness_text] => 
    [sources_text] => 
    [modeling_constants] => 
    [access_restrictions] => 
    [copyright] => 0
    [modeller_uuid] => 
    [owner_uuid] => 
)

2025-10-28 20:41:32 - POST recibido: Array
(
)

2025-10-28 20:41:42 - POST recibido: Array
(
)

2025-10-28 20:41:44 - POST recibido: Array
(
    [action] => save_process
    [uuid] => a777a6b9-e159-485f-8fc9-0a7ee4796a88
    [process_name] => PRUEBAAAAA
    [category] => mexicv/Transportation CMM/Freight
    [general_comment] => 
    [technology_description] => 
    [geo_description] => Mexico
    [process_type] => UNIT_PROCESS
    [time_desc] => 
    [version] => 01.00.001
    [valid_from] => 2014-12-12
    [valid_until] => 0000-00-00
    [project] => 
    [lci_method] => 
    [ds_data_selection] => 
    [ds_data_treatment] => 
    [data_collection_period] => 
    [ds_data_completeness] => 
    [completeness_text] => 
    [sources_text] => 
    [modeling_constants] => 
    [access_restrictions] => 
    [copyright] => 0
    [modeller_uuid] => 
    [owner_uuid] => 
)

2025-10-29 21:44:32 - POST recibido: Array
(
)

2025-10-29 21:44:48 - POST recibido: Array
(
)

2025-10-29 21:49:14 - POST recibido: Array
(
)

2025-11-05 19:55:15 - POST recibido: Array
(
)

2025-11-07 19:01:51 - POST recibido: Array
(
)

2025-11-07 19:02:53 - POST recibido: Array
(
    [action] => search_datasets
    [search] => 
)

2025-11-07 19:03:02 - POST recibido: Array
(
    [action] => search_datasets
    [search] => 
)

2025-11-09 22:45:09 - POST recibido: Array
(
)

2025-11-09 22:45:18 - POST recibido: Array
(
)

2025-11-10 02:36:00 - POST recibido: Array
(
)

2025-11-10 02:36:07 - POST recibido: Array
(
    [action] => save_process
    [uuid] => 11fe2360-180d-4e11-a0b3-52defd3d4396
    [process_name] => PRUEBA_EDIT
    [category] => MexiLCA_IINGEN
    [general_comment] => 
    [technology_description] => 
    [geo_description] => Mexico
    [process_type] => UNIT_PROCESS
    [time_desc] => 
    [version] => 01.00.001
    [valid_from] => 2014-12-12
    [valid_until] => 
    [project] => 
    [lci_method] => 
    [ds_data_selection] => 
    [ds_data_treatment] => 
    [data_collection_period] => 
    [ds_data_completeness] => 
    [completeness_text] => 
    [sources_text] => 
    [modeling_constants] => 
    [access_restrictions] => 
    [copyright] => 0
    [modeller_uuid] => 
    [owner_uuid] => 
)

2025-11-10 02:36:10 - POST recibido: Array
(
)

2025-11-10 02:40:40 - POST recibido: Array
(
)

2025-11-10 02:56:26 - POST recibido: Array
(
)

2025-11-10 02:56:33 - POST recibido: Array
(
    [action] => save_process
    [uuid] => b95297e6-6328-4b8e-9898-3454fc638d5d
    [is_draft] => 1
    [process_name] => AGUA EDIT
    [category] => MexiLCA_IINGEN
    [general_comment] => Adapted from Ecoinvent 3.0.
The world electricity mix was substituted by the Mexican electricity mix.
Most of the World average values correspond with the Mexican Ones (Farell, Carole, Inegi 2013).
    [technology_description] => 
    [geo_description] => Global
    [process_type] => SYSTEM_PROCESS
    [time_desc] => 
    [version] => 01.00.001
    [valid_from] => 2014-11-12
    [valid_until] => 
    [project] => MexiLCA
    [lci_method] => 
    [ds_data_selection] => 
    [ds_data_treatment] => 
    [data_collection_period] => 
    [ds_data_completeness] => 
    [completeness_text] => 
    [sources_text] => SimaPro 2014
    [modeling_constants] => 
    [access_restrictions] => 
    [copyright] => 0
    [modeller_uuid] => 
    [owner_uuid] => 
)

2025-11-10 02:56:34 - POST recibido: Array
(
)

2025-11-10 03:08:11 - POST recibido: Array
(
)

2025-11-10 03:08:18 - POST recibido: Array
(
    [action] => save_process
    [uuid] => 9f44b720-2fd4-48da-82bd-ec7847c9e2a8
    [is_draft] => 1
    [process_name] => TEQUILA PRUEBA
    [category] => material/Agricultural/Plant production/Other/Transformation
    [general_comment] => Inventory of Agribalyse 3.1 2022
This process describes the production of 135100 kg of Agave tequilana, at farm/MX U

Status: Finished
Record: Data entered by Gingko 21 - julie.houssier@gingko21.com

Generator: Data generated by Gingko 21
    [technology_description] => 
    [geo_description] => Mexico
    [process_type] => UNIT_PROCESS
    [time_desc] => 
    [version] => 00.01.000
    [valid_from] => 2022-01-14
    [valid_until] => 
    [project] => System: AGRIBALYSE
    [lci_method] => 
    [ds_data_selection] => 
    [ds_data_treatment] => 
    [data_collection_period] => 
    [ds_data_completeness] => 
    [completeness_text] => 
    [sources_text] => 
    [modeling_constants] => 
    [access_restrictions] => 
    [copyright] => 0
    [modeller_uuid] => 
    [owner_uuid] => 
)

2025-11-10 03:10:19 - POST recibido: Array
(
    [action] => save_process
    [uuid] => 9f44b720-2fd4-48da-82bd-ec7847c9e2a8
    [is_draft] => 1
    [process_name] => TEQUILA PRUEBA
    [category] => material/Agricultural/Plant production/Other/Transformation
    [general_comment] => Inventory of Agribalyse 3.1 2022
This process describes the production of 135100 kg of Agave tequilana, at farm/MX U

Status: Finished
Record: Data entered by Gingko 21 - julie.houssier@gingko21.com

Generator: Data generated by Gingko 21
    [technology_description] => 
    [geo_description] => Mexico
    [process_type] => UNIT_PROCESS
    [time_desc] => 
    [version] => 00.01.000
    [valid_from] => 2022-01-14
    [valid_until] => 
    [project] => System: AGRIBALYSE
    [lci_method] => 
    [ds_data_selection] => 
    [ds_data_treatment] => 
    [data_collection_period] => 
    [ds_data_completeness] => 
    [completeness_text] => 
    [sources_text] => 
    [modeling_constants] => 
    [access_restrictions] => 
    [copyright] => 0
    [modeller_uuid] => 
    [owner_uuid] => 
)

2025-11-10 03:10:30 - POST recibido: Array
(
    [action] => save_process
    [uuid] => 9f44b720-2fd4-48da-82bd-ec7847c9e2a8
    [is_draft] => 1
    [process_name] => TEQUILA PRUEBA
    [category] => material/Agricultural/Plant production/Other/Transformation
    [general_comment] => Inventory of Agribalyse 3.1 2022
This process describes the production of 135100 kg of Agave tequilana, at farm/MX U

Status: Finished
Record: Data entered by Gingko 21 - julie.houssier@gingko21.com

Generator: Data generated by Gingko 21
    [technology_description] => 
    [geo_description] => Mexico
    [process_type] => UNIT_PROCESS
    [time_desc] => 
    [version] => 00.01.000
    [valid_from] => 2022-01-14
    [valid_until] => 
    [project] => System: AGRIBALYSE
    [lci_method] => 
    [ds_data_selection] => 
    [ds_data_treatment] => 
    [data_collection_period] => 
    [ds_data_completeness] => 
    [completeness_text] => 
    [sources_text] => 
    [modeling_constants] => 
    [access_restrictions] => 
    [copyright] => 0
    [modeller_uuid] => 
    [owner_uuid] => 
)

2025-11-10 03:11:14 - POST recibido: Array
(
)

2025-11-10 03:11:19 - POST recibido: Array
(
    [action] => save_process
    [uuid] => 5f21f2f8-2f0a-4a91-8018-debb29ddb7de
    [is_draft] => 1
    [process_name] => PRUEBA
    [category] => MexiLCA_IINGEN
    [general_comment] => Unit process. Red brick.
Data obtained from the thesis "Generación de inventarios para el Análisis de Ciclo de Vida de cemento, block, bovedilla, vigueta y ladrillo en la zona centro de México" (Chargoy, 2009) and processed by the Centro Mario Molina.



The carbon footprint and cumulative energy demand were determined for the production process of artisanal brick using a life cycle inventory with data obtained in Mexico and based on the ISO 14044. The following results were obtained regarding the production of 1 kg of artisanal brick: 0.3189 kg CO2eq footprint; cumulative energy demand of 3.4204 MJ-Eq.
    [technology_description] => 
    [geo_description] => Mexico
    [process_type] => UNIT_PROCESS
    [time_desc] => 
    [version] => 01.00.001
    [valid_from] => 
    [valid_until] => 
    [project] => MexiLCA
    [lci_method] => 
    [ds_data_selection] => 
    [ds_data_treatment] => 
    [data_collection_period] => 
    [ds_data_completeness] => 
    [completeness_text] => 
    [sources_text] => 
    [modeling_constants] => 
    [access_restrictions] => 
    [copyright] => 0
    [modeller_uuid] => 
    [owner_uuid] => 
)

2025-11-10 03:15:15 - POST recibido: Array
(
    [action] => save_process
    [uuid] => 5f21f2f8-2f0a-4a91-8018-debb29ddb7de
    [is_draft] => 1
    [process_name] => PRUEBA
    [category] => MexiLCA_IINGEN
    [general_comment] => Unit process. Red brick.
Data obtained from the thesis "Generación de inventarios para el Análisis de Ciclo de Vida de cemento, block, bovedilla, vigueta y ladrillo en la zona centro de México" (Chargoy, 2009) and processed by the Centro Mario Molina.



The carbon footprint and cumulative energy demand were determined for the production process of artisanal brick using a life cycle inventory with data obtained in Mexico and based on the ISO 14044. The following results were obtained regarding the production of 1 kg of artisanal brick: 0.3189 kg CO2eq footprint; cumulative energy demand of 3.4204 MJ-Eq.
    [technology_description] => 
    [geo_description] => Mexico
    [process_type] => UNIT_PROCESS
    [time_desc] => 
    [version] => 01.00.001
    [valid_from] => 
    [valid_until] => 
    [project] => MexiLCA
    [lci_method] => 
    [ds_data_selection] => 
    [ds_data_treatment] => 
    [data_collection_period] => 
    [ds_data_completeness] => 
    [completeness_text] => 
    [sources_text] => 
    [modeling_constants] => 
    [access_restrictions] => 
    [copyright] => 0
    [modeller_uuid] => 
    [owner_uuid] => 
)

2025-11-10 03:15:17 - POST recibido: Array
(
)

2025-11-10 03:21:16 - POST recibido: Array
(
)

2025-11-10 03:21:23 - POST recibido: Array
(
    [action] => save_process
    [uuid] => 74932f9f-5782-40fa-9c39-3ee63d47b7aa
    [isdraft] => 1
    [process_name] => ULTIMA
    [category] => MexiLCA_IINGEN
    [general_comment] => 
    [technology_description] => 
    [geo_description] => Mexico
    [process_type] => UNIT_PROCESS
    [time_desc] => 
    [version] => 01.00.001
    [valid_from] => 2014-12-12
    [valid_until] => 
    [project] => 
    [lci_method] => 
    [ds_data_selection] => 
    [ds_data_treatment] => 
    [data_collection_period] => 
    [ds_data_completeness] => 
    [completeness_text] => 
    [sources_text] => 
    [modeling_constants] => 
    [access_restrictions] => 
    [copyright] => 0
    [modeller_uuid] => 
    [owner_uuid] => 
)

2025-11-10 03:21:24 - POST recibido: Array
(
)

2025-11-10 03:27:57 - POST recibido: Array
(
)

2025-11-10 03:28:01 - POST recibido: Array
(
    [action] => save_process
    [uuid] => ba4a03ea-b3dd-4fb9-855b-6e096a0d8f23
    [isdraft] => 1
    [process_name] => xddd
    [category] => MexiLCA_IINGEN
    [general_comment] => 
    [technology_description] => 
    [geo_description] => Mexico
    [process_type] => UNIT_PROCESS
    [time_desc] => 
    [version] => 01.00.001
    [valid_from] => 2014-12-12
    [valid_until] => 
    [project] => 
    [lci_method] => 
    [ds_data_selection] => 
    [ds_data_treatment] => 
    [data_collection_period] => 
    [ds_data_completeness] => 
    [completeness_text] => 
    [sources_text] => 
    [modeling_constants] => 
    [access_restrictions] => 
    [copyright] => 0
    [modeller_uuid] => 
    [owner_uuid] => 
)

2025-11-10 03:28:04 - POST recibido: Array
(
)

2025-11-10 05:08:14 - POST recibido: Array
(
)

2025-11-10 05:11:05 - POST recibido: Array
(
    [action] => save_process
    [uuid] => 272e7928-fe49-4355-97f1-ba86324c64fd
    [isdraft] => 1
    [process_name] => market for natural gas liquids
    [category] => Utilities/221 Utilities
    [general_comment] => This is a market activity representing the consumption mix of natural gas liquids in the Global geography. The market connects suppliers with consumers of natural gas liquids within the same geographical area, grouping producers and imports. The activity starts at the gate of the activities that produce natural gas liquids within the Global geography and ends with the supply of natural gas liquids to consumers. Transport or losses are considered irrelevant for this product. Natural gas liquids is a fossil fuel with a calorific value of 24.624 MJ/kg, used as a liquid fuel sourced from unprocessed natural gas. Main applications include domestic fuel for cooking and heating, industrial fuel, and plastics raw material.
    [technology_description] => Market activity technology that represents the consumption mix and distribution of natural gas liquids in the Global geography, connecting suppliers with consumers without considering transport or losses as they are irrelevant for this delivered product.
    [geo_description] => 
    [process_type] => 
    [time_desc] => 
    [version] => 01.00.000
    [valid_from] => 
    [valid_until] => 
    [project] => ecoinvent database
    [lci_method] => Allocation, cut-off system model
    [ds_data_selection] => Includes producers and imports within Global geography, excludes transport and losses as irrelevant for this product
    [ds_data_treatment] => Market represents consumption mix connecting suppliers with consumers in same geographical area
    [data_collection_period] => 2000-2024
    [ds_data_completeness] => Covers all relevant flows for natural gas liquids market in Global geography
    [completeness_text] => Complete for market representation of natural gas liquids in Global geography
    [sources_text] => ecoinvent database v3.11
    [modeling_constants] => Valid for the entire period 2000-01-01 to 2024-12-31
    [access_restrictions] => Restrictions of use stipulated in the EULA remain applicable
    [copyright] => 0
    [modeller_uuid] => 
    [owner_uuid] => 
)

2025-11-10 05:11:07 - POST recibido: Array
(
)

2025-11-10 18:57:03 - POST recibido: Array
(
)

2025-11-11 00:16:28 - POST recibido: Array
(
)

2025-11-11 00:23:28 - POST recibido: Array
(
    [action] => save_process
    [uuid] => c3982f6e-2ddf-40af-bd8c-e7fbd264bf14
    [process_name] => market for natural gas liquids
    [category] => Utilities/221 Utilities
    [general_comment] => This is a market activity representing the consumption mix of natural gas liquids in the Global geography. The market connects suppliers with consumers of the same product in the same geographical area, grouping producers and imports. This market contains no transport or losses as they are irrelevant for the delivered product. Natural gas liquids is a fossil fuel with a calorific value of 24.624 MJ/kg used as a liquid fuel sourced from unprocessed natural gas. Main applications include domestic fuel for cooking and heating, industrial fuel and plastics raw material. The activity starts at the gate of the activities that produce natural gas liquids within Global geography and ends with the supply to consumers.
    [technology_description] => Market activity technology that represents the consumption mix and supply chain for natural gas liquids. This includes grouping producers and imports within the Global geography, connecting suppliers with consumers without considering transport or losses as they are irrelevant for this delivered product.
    [geo_description] => 
    [process_type] => 
    [time_desc] => 
    [version] => 01.00.000
    [valid_from] => 
    [valid_until] => 
    [project] => ecoinvent database
    [lci_method] => Allocation, cut-off system model
    [ds_data_selection] => Includes production activities within Global geography, excludes transport and losses as irrelevant for this product
    [ds_data_treatment] => Market represents consumption mix connecting suppliers with consumers in same geographical area
    [data_collection_period] => 2000-2024
    [ds_data_completeness] => Covers all relevant flows for natural gas liquids market in Global geography
    [completeness_text] => Complete for market representation of natural gas liquids in Global geography
    [sources_text] => ecoinvent Association
    [modeling_constants] => Valid for the entire period 2000-01-01 to 2024-12-31
    [access_restrictions] => Restrictions of use stipulated in the EULA remain applicable
    [copyright] => 0
    [modeller_uuid] => 
    [owner_uuid] => 
)

2025-11-11 00:41:50 - POST recibido: Array
(
)

2025-11-14 02:25:55 - POST recibido: Array
(
)

2025-11-14 02:34:42 - POST recibido: Array
(
)

2025-11-14 02:49:24 - POST recibido: Array
(
)

2025-11-14 02:56:44 - POST recibido: Array
(
)

2025-11-14 03:16:50 - POST recibido: Array
(
)

2025-11-18 20:20:30 - POST recibido: Array
(
)

2025-11-18 20:24:30 - POST recibido: Array
(
    [action] => save_process
    [uuid] => 14b18471-e47b-4b89-b53f-f47f30725e3f
    [isdraft] => 1
    [process_name] => Evaluación del impacto ambiental de la cadena de producción de carne de res en el Estado de Veracruz, mediante el análisis de ciclo de vida
    [category] => Agricultura, Silvicultura, Pesca y Caza/112 Ganadería
    [general_comment] => En el presente estudio se evaluó el impacto ambiental en la producción de 1 kg de carne de res de dos diferentes cadenas productivas en el Estado de Veracruz, México. Para ello se empleó la metodología Análisis de Ciclo de Vida y se analizaron nueve categorías de impacto en los cinco procesos de la cadena cárnica: crianza, preengorda, engorda, transformación y comercialización. Las cadenas se identificaron como escenario 1 (E1) (Intensiva/TIF/Tienda de autoservicio) y escenario 2 (E2) (Extensiva/No-TIF/Carnicería). Durante el año de operaciones evaluado el E1 comercializó un total de 253,532.6 kg de carne y el E2 12,682.45 kg. Los resultados mostraron que los procesos de producción primaria contribuyen con un porcentaje entre el 93.0 y 99.8 a las categorías acidificación, eutrofización, cambio climático y oxidación fotoquímica, participación determinada por la fermentación entérica del ganado y por el manejo del estiércol. La suma de la participación de los procesos de transformación y comercialización a estos impactos fue entre 7 y 0.2%, respectivamente. Respecto al potencial de toxicidad humana el E1 (0.6 kg 1,4-DBeq) es superior al E2 (0.3 kg 1,4-DBeq) principalmente por el empleo de agroquímicos en el cultivo de granos y por el uso de combustibles fósiles. Sin embargo, en las categorías uso de suelo y uso de agua el E2 presenta mayor impacto, debido al mayor tiempo de permanencia del ganado en los proceso de preengorda y engorda y por el menor peso de salida del ganado al mercado. Esta metodología ayuda a determinar las ventanas de oportunidad para mejorar estos procesos y su impacto en el ambiente.
    [technology_description] => Análisis de Ciclo de Vida (ACV) - metodología para determinar los impactos ambientales potenciales asociados con un producto a través de la recopilación de un inventario de entradas y salidas relevantes del sistema estudiado, desde la extracción de materias primas hasta su disposición final. Se evaluaron nueve categorías de impacto: acidificación, eutrofización, cambio climático, disminución de la capa de ozono estratosférico, oxidación fotoquímica, toxicidad humana, disminución de recursos abióticos, uso de suelo y uso de agua.
    [geo_description] => 
    [process_type] => 
    [time_desc] => 
    [version] => 01.00.000
    [valid_from] => 
    [valid_until] => 
    [project] => Evaluación del impacto ambiental de la cadena de producción de carne de res en el Estado de Veracruz
    [lci_method] => Análisis de Ciclo de Vida según Norma ISO 14040
    [ds_data_selection] => Inclusión de insumos alimenticios, energía, fertilizantes, pesticidas y disposición de residuos
    [ds_data_treatment] => Promedio de datos colectados de casos de estudio representativos
    [data_collection_period] => Un año de operaciones entre 2011-2013
    [ds_data_completeness] => Cobertura completa de todos los procesos de la cadena cárnica, excluyendo bienes de capital y medicamentos
    [completeness_text] => Exhaustivo para procesos definidos en el alcance del estudio
    [sources_text] => Bare et al., 2003; ISO, 2006; NMX-SAA-14044-IMNC-2008; Cederberg et al., 2009; Pelletier et al., 2010
    [modeling_constants] => Asignación económica para producción de leche y becerros en sistemas de doble propósito
    [access_restrictions] => Restricciones académicas estándar para tesis universitarias
    [copyright] => 0
    [modeller_uuid] => 
    [owner_uuid] => 
)

2025-11-18 20:24:31 - POST recibido: Array
(
)

2025-11-18 20:24:38 - POST recibido: Array
(
    [action] => save_process
    [uuid] => 14b18471-e47b-4b89-b53f-f47f30725e3f
    [isdraft] => 1
    [process_name] => Evaluación del impacto ambiental de la cadena de producción de carne de res en el Estado de Veracruz, mediante el análisis de ciclo de vida
    [category] => Agricultura, Silvicultura, Pesca y Caza/112 Ganadería
    [general_comment] => En el presente estudio se evaluó el impacto ambiental en la producción de 1 kg de carne de res de dos diferentes cadenas productivas en el Estado de Veracruz, México. Para ello se empleó la metodología Análisis de Ciclo de Vida y se analizaron nueve categorías de impacto en los cinco procesos de la cadena cárnica: crianza, preengorda, engorda, transformación y comercialización. Las cadenas se identificaron como escenario 1 (E1) (Intensiva/TIF/Tienda de autoservicio) y escenario 2 (E2) (Extensiva/No-TIF/Carnicería). Durante el año de operaciones evaluado el E1 comercializó un total de 253,532.6 kg de carne y el E2 12,682.45 kg. Los resultados mostraron que los procesos de producción primaria contribuyen con un porcentaje entre el 93.0 y 99.8 a las categorías acidificación, eutrofización, cambio climático y oxidación fotoquímica, participación determinada por la fermentación entérica del ganado y por el manejo del estiércol. La suma de la participación de los procesos de transformación y comercialización a estos impactos fue entre 7 y 0.2%, respectivamente. Respecto al potencial de toxicidad humana el E1 (0.6 kg 1,4-DBeq) es superior al E2 (0.3 kg 1,4-DBeq) principalmente por el empleo de agroquímicos en el cultivo de granos y por el uso de combustibles fósiles. Sin embargo, en las categorías uso de suelo y uso de agua el E2 presenta mayor impacto, debido al mayor tiempo de permanencia del ganado en los proceso de preengorda y engorda y por el menor peso de salida del ganado al mercado. Esta metodología ayuda a determinar las ventanas de oportunidad para mejorar estos procesos y su impacto en el ambiente.
    [technology_description] => Análisis de Ciclo de Vida (ACV) - metodología para determinar los impactos ambientales potenciales asociados con un producto a través de la recopilación de un inventario de entradas y salidas relevantes del sistema estudiado, desde la extracción de materias primas hasta su disposición final. Se evaluaron nueve categorías de impacto: acidificación, eutrofización, cambio climático, disminución de la capa de ozono estratosférico, oxidación fotoquímica, toxicidad humana, disminución de recursos abióticos, uso de suelo y uso de agua.
    [geo_description] => 
    [process_type] => 
    [time_desc] => 
    [version] => 01.00.000
    [valid_from] => 0000-00-00
    [valid_until] => 0000-00-00
    [project] => Evaluación del impacto ambiental de la cadena de producción de carne de res en el Estado de Veracruz
    [lci_method] => Análisis de Ciclo de Vida según Norma ISO 14040
    [ds_data_selection] => Inclusión de insumos alimenticios, energía, fertilizantes, pesticidas y disposición de residuos
    [ds_data_treatment] => Promedio de datos colectados de casos de estudio representativos
    [data_collection_period] => Un año de operaciones entre 2011-2013
    [ds_data_completeness] => Cobertura completa de todos los procesos de la cadena cárnica, excluyendo bienes de capital y medicamentos
    [completeness_text] => Exhaustivo para procesos definidos en el alcance del estudio
    [sources_text] => Bare et al., 2003; ISO, 2006; NMX-SAA-14044-IMNC-2008; Cederberg et al., 2009; Pelletier et al., 2010
    [modeling_constants] => Asignación económica para producción de leche y becerros en sistemas de doble propósito
    [access_restrictions] => Restricciones académicas estándar para tesis universitarias
    [copyright] => 0
    [modeller_uuid] => 
    [owner_uuid] => 
)

2025-11-18 20:24:39 - POST recibido: Array
(
)

2025-11-18 21:28:24 - POST recibido: Array
(
)

2025-11-18 21:28:39 - POST recibido: Array
(
    [action] => save_process
    [uuid] => 54651665-7c65-4116-ad80-5baec81fb516
    [isdraft] => 1
    [process_name] => Análisis de Ciclo de Vida (ACV) de la Producción de Azúcar Estándar de un Ingenio Azucarero en México
    [category] => Manufactura/3113 Fabricación de Azúcar
    [general_comment] => La metodología del ACV se aplicó al proceso de producción y comercialización de azúcar estándar de un ingenio azucarero en México. El estudio consideró dos subsistemas: ingenio azucarero y producto final, tomando en cuenta desde que la caña de azúcar llega al ingenio azucarero e insumos principales para fabricar el producto analizado, así como el uso del producto, que es la comercialización y los residuos de los empaques por su consumo. La etapa agrícola que comprende el cultivo, fertilización, cosecha y transporte de la caña al ingenio no se tomó en cuenta. En el subsistema de Ingenio azucarero, se consideran los procesos asociados a la obtención del azúcar como producto, y del bagazo, cachaza y melaza como subproductos. En el subsistema de producto final, se consideran la producción del envase (costales de polipropileno), la comercialización del azúcar y los residuos del consumo.
    [technology_description] => Se emplea la metodología general del Análisis de Ciclo de Vida (ACV) para determinar las cargas ambientales que ocasionan la elaboración y comercialización de azúcar estándar. Las etapas que se realizaron en este estudio fueron los objetivos y alcances, se calcularon los balances de masa y energía, se consultaron diferentes datos para el análisis inventario (ICV), se llevó a cabo la evaluación de impactos a través del método Ecoindicador 99 (EICV), y finalmente se interpretaron los resultados y establecieron las conclusiones.
    [geo_description] => 
    [process_type] => 
    [time_desc] => 
    [version] => 01.00.000
    [valid_from] => 
    [valid_until] => 
    [project] => Análisis de Ciclo de Vida (ACV) de la producción de azúcar estándar de un ingenio azucarero en México
    [lci_method] => Metodología general del ACV según ISO 14040:2006, incluyendo análisis de inventario y evaluación de impactos mediante el método Ecoindicador 99
    [ds_data_selection] => Se incluyen procesos desde la llegada de la caña al ingenio hasta comercialización y residuos de empaques
    [ds_data_treatment] => Balances de masa y energía en diferentes etapas de producción, datos nacionales de acceso público
    [data_collection_period] => No especificado en el texto proporcionado
    [ds_data_completeness] => Excluye etapa agrícola (cultivo, fertilización, cosecha y transporte de caña), exportaciones de azúcar estándar
    [completeness_text] => Cobertura parcial del ciclo de vida, excluyendo etapa agrícola y exportaciones
    [sources_text] => Adams et al. (2008), Akrami (2016), Aranda y Zabalza (2010), Basanta et al. (2007), Benavides y León (2007), Botha & Blottnitz (2006), Bravo (2014), Caicedo y Medina (2012), Capuz y Gómez (2004), CONADESUCA, CNIAA, SAGARPA, PEMEX, SEMARNAT
    [modeling_constants] => Pureza de la miel final no mayor al 35% de sacarosa, humedad del azúcar del 0.1%
    [access_restrictions] => Uso exclusivamente para fines educativos e informativos, debe citar la fuente. Prohibido uso comercial, reproducción, edición o modificación sin autorización
    [copyright] => 0
    [modeller_uuid] => 
    [owner_uuid] => 
)

2025-11-18 21:28:40 - POST recibido: Array
(
)

2025-11-19 18:20:34 - POST recibido: Array
(
)

2025-11-19 18:20:52 - POST recibido: Array
(
    [action] => save_process
    [uuid] => 6215b98e-7f9f-4f81-a5e0-9f7a67c076b8
    [isdraft] => 1
    [process_name] => Environmental impact of Oaxaca cheese production and wastewater from artisanal dairies under two scenarios in Aculco, State of Mexico
    [category] => Manufactura/3115 Fabricación de Productos Lácteos
    [general_comment] => El estudio evaluó los impactos ambientales de la producción de queso Oaxaca en cuatro queserías artesanales del Estado de México mediante análisis de ciclo de vida en 10 categorías de impacto: calentamiento global, agotamiento del ozono estratosférico, formación de partículas finas, formación de ozono, ecosistemas terrestres, acidificación terrestre, eutrofización de agua dulce, ecotoxicidad terrestre, toxicidad humana no cancerígena, escasez de recursos fósiles y consumo de agua. Se calculó la huella de carbono de 1 kg de queso Oaxaca y se evaluaron dos escenarios de manejo de aguas residuales: tratamiento anaeróbico en biodigestor o descarga al sistema municipal.
    [technology_description] => Se utilizó la metodología de Análisis de Ciclo de Vida (LCA) según ISO 14040 con el software SimaPro® v.8.5.0.0 utilizando la base de datos Ecoinvent v.3. El método de evaluación de impacto fue ReCiPe 2016 Midpoint impacts categories. Se realizó análisis de sensibilidad con diferentes escenarios de manejo de aguas residuales y análisis de incertidumbre mediante método Monte Carlo. Se utilizó medidor de energía multifunción WR D-024 para medir consumo eléctrico en tiempo real.
    [geo_description] => 
    [process_type] => 
    [time_desc] => 
    [version] => 01.00.000
    [valid_from] => 
    [valid_until] => 
    [project] => Supported by CONACYT project 'Estudio de productos lácteos en el norte del estado de México a través de un S-ACV: Estudio de caso de dos tipos de quesos' 4285/2017/CI and PAPIIT-IN305620 'Repertorios y estrategias culturales de organizaciones y actores en la sustentabilidad de la cadena agroalimentaria de productos lácteos'
    [lci_method] => Life cycle assessment (LCA) according to ISO 14040 using SimaPro® v.8.5.0.0 software with ReCiPe 2016 Midpoint impacts categories method, Herarquista (H) v 1.01
    [ds_data_selection] => Inclusion criteria: All inputs and outputs related to Oaxaca cheese production process; Exclusion criteria: Milk production phase prior to dairy reception
    [ds_data_treatment] => Monthly production data calculated first, then annual averages estimated for functional unit; Statistical analysis using Shapiro-Wilk test for normality and one-way ANOVA for comparisons; Monte Carlo test for uncertainty analysis
    [data_collection_period] => One-year period from June 2018 to June 2019
    [ds_data_completeness] => Complete coverage of all relevant flows within system boundaries including raw materials, energy, water, transportation, and waste streams; Milk production stage excluded from system boundaries
    [completeness_text] => High completeness for system boundaries defined; Complete inventory of all major inputs and outputs; Milk production phase intentionally excluded to focus on cheese processing impacts
    [sources_text] => Ecoinvent v.3 database; Mexican electrical energy database (Santoyo-Castelazo et al., 2011); IPCC (2013) for carbon footprint calculation; Primary data from field research
    [modeling_constants] => Functional unit: 1 kg of Oaxaca cheese; 10% of whey considered as lost and allocated to wastewater; 90% of whey considered as avoided product for pig feeding; Time horizon of 100 years for carbon footprint calculation according to IPCC (2013)
    [access_restrictions] => Copyright restrictions apply; Proper citation required
    [copyright] => 0
    [modeller_uuid] => 
    [owner_uuid] => 
)

2025-11-19 18:20:53 - POST recibido: Array
(
)

2025-11-19 18:21:08 - POST recibido: Array
(
    [action] => save_process
    [uuid] => 6215b98e-7f9f-4f81-a5e0-9f7a67c076b8
    [isdraft] => 1
    [process_name] => Environmental impact of Oaxaca cheese production and wastewater from artisanal dairies under two scenarios in Aculco, State of Mexico
    [category] => Manufactura/3115 Fabricación de Productos Lácteos
    [general_comment] => El estudio evaluó los impactos ambientales de la producción de queso Oaxaca en cuatro queserías artesanales del Estado de México mediante análisis de ciclo de vida en 10 categorías de impacto: calentamiento global, agotamiento del ozono estratosférico, formación de partículas finas, formación de ozono, ecosistemas terrestres, acidificación terrestre, eutrofización de agua dulce, ecotoxicidad terrestre, toxicidad humana no cancerígena, escasez de recursos fósiles y consumo de agua. Se calculó la huella de carbono de 1 kg de queso Oaxaca y se evaluaron dos escenarios de manejo de aguas residuales: tratamiento anaeróbico en biodigestor o descarga al sistema municipal.
    [technology_description] => Se utilizó la metodología de Análisis de Ciclo de Vida (LCA) según ISO 14040 con el software SimaPro® v.8.5.0.0 utilizando la base de datos Ecoinvent v.3. El método de evaluación de impacto fue ReCiPe 2016 Midpoint impacts categories. Se realizó análisis de sensibilidad con diferentes escenarios de manejo de aguas residuales y análisis de incertidumbre mediante método Monte Carlo. Se utilizó medidor de energía multifunción WR D-024 para medir consumo eléctrico en tiempo real.
    [geo_description] => 
    [process_type] => 
    [time_desc] => 
    [version] => 01.00.000
    [valid_from] => 0000-00-00
    [valid_until] => 0000-00-00
    [project] => Supported by CONACYT project 'Estudio de productos lácteos en el norte del estado de México a través de un S-ACV: Estudio de caso de dos tipos de quesos' 4285/2017/CI and PAPIIT-IN305620 'Repertorios y estrategias culturales de organizaciones y actores en la sustentabilidad de la cadena agroalimentaria de productos lácteos'
    [lci_method] => Life cycle assessment (LCA) according to ISO 14040 using SimaPro® v.8.5.0.0 software with ReCiPe 2016 Midpoint impacts categories method, Herarquista (H) v 1.01
    [ds_data_selection] => Inclusion criteria: All inputs and outputs related to Oaxaca cheese production process; Exclusion criteria: Milk production phase prior to dairy reception
    [ds_data_treatment] => Monthly production data calculated first, then annual averages estimated for functional unit; Statistical analysis using Shapiro-Wilk test for normality and one-way ANOVA for comparisons; Monte Carlo test for uncertainty analysis
    [data_collection_period] => One-year period from June 2018 to June 2019
    [ds_data_completeness] => Complete coverage of all relevant flows within system boundaries including raw materials, energy, water, transportation, and waste streams; Milk production stage excluded from system boundaries
    [completeness_text] => High completeness for system boundaries defined; Complete inventory of all major inputs and outputs; Milk production phase intentionally excluded to focus on cheese processing impacts
    [sources_text] => Ecoinvent v.3 database; Mexican electrical energy database (Santoyo-Castelazo et al., 2011); IPCC (2013) for carbon footprint calculation; Primary data from field research
    [modeling_constants] => Functional unit: 1 kg of Oaxaca cheese; 10% of whey considered as lost and allocated to wastewater; 90% of whey considered as avoided product for pig feeding; Time horizon of 100 years for carbon footprint calculation according to IPCC (2013)
    [access_restrictions] => Copyright restrictions apply; Proper citation required
    [copyright] => 0
    [modeller_uuid] => 
    [owner_uuid] => 
)

2025-11-19 18:21:09 - POST recibido: Array
(
)

2025-11-19 18:40:23 - POST recibido: Array
(
)

2025-11-19 18:40:51 - POST recibido: Array
(
    [action] => save_process
    [uuid] => d172f108-78b9-4b35-9351-6042af55b784
    [process_name] => Environmental impact of Oaxaca cheese production and wastewater from artisanal dairies under two scenarios in Aculco, State of Mexico
    [category] => Manufacturing/3115 Dairy Product Manufacturing
    [general_comment] => The environmental impacts in the artisan cheese sector in the central region of Mexico provide a particular panorama of the environmental situation of this industry. The objective of this study was to evaluate environmental impacts through a life cycle analysis in 10 impact categories: global warming, stratospheric ozone depletion, fine particle formation, ozone formation, terrestrial ecosystems, terrestrial acidification, eutrophication of fresh water, terrestrial ecotoxicity, human ecotoxicity. non-carcinogenic toxicity, scarcity of fossil resources and water consumption. And the calculation of the carbon footprint with the IPCC, 2013 of 1 kg of Oaxaca cheese in four dairies artisanal in the State of Mexico. The main hotspots were whey, transportation, and electricity. The reduction of the impact generated by wastewater can be associated with the implementation and improvement of eco-innovations such as the use of biodigesters, however their use generates impacts on SOD, TA, FA, TEc and FRs due to the composition of the whey residue. The renewal of refrigeration equipment is another alternative to reduce electricity consumption, which on average consumes 0.04 kWh per one kg of Oaxaca cheese in cheese factories that have new refrigerators, and 0.14 kWh when refrigerators are reused, mainly impacting the FRs. The average carbon footprint of Oaxaca cheese was 15.6 CO2 kg eq, which allows us to have a measure of the behavior of this food. A sensitivity analysis was carried out with different scenarios with wastewater where it was found that the handling of whey is essential for reducing impacts.
    [technology_description] => The life cycle assessment (LCA) methodology is used to know environmental impacts in a product or service. Is a tool that is internationally recognized for the quality of its data and procedures. Specialized software is available for carrying out LCAs (SIMAPRO, OpenLCA, Umberto) that relies on extensive environmental databases, enabling complete environmental inventories (calculation of all inputs and outputs to a system and used as a method within the LCAs) to be completed using global data. The software SimaPro® v.8.5.0.0 (PRé Sustainability, Amersfoort, Netherlands) was used to calculate the environmental impacts. Inputs such as raw milk, detergent ingredients to clean and desinfect (biodegradable soap to clean), and wastewater input were obtained from the Ecoinvent v.3 database (Ecoinvent, Zurich, Switzerland). The impact evaluation was made using the ReCiPe 2016 Midpoint impacts categories method, Herarquista (H) v 1.01, SimaPro® v.8.5.0.0 (PhD version).
    [geo_description] => 
    [process_type] => 
    [time_desc] => 
    [version] => 01.00.000
    [valid_from] => 
    [valid_until] => 
    [project] => CONACYT project 'Estudio de productos lácteos en el norte del estado de México a través de un S-ACV: Estudio de caso de dos tipos de quesos' 4285/2017/CI and PAPIIT-IN305620 'Repertorios y estrategias culturales de organizaciones y actores en la sustentabilidad de la cadena agroalimentaria de productos lácteos'
    [lci_method] => Life cycle assessment (LCA) according to ISO 14040 using SimaPro® v.8.5.0.0 software with ReCiPe 2016 Midpoint impacts categories method, Herarquista (H) v 1.01
    [ds_data_selection] => Included all inputs and outputs directly related to Oaxaca cheese production; Excluded milk production stage to focus on cheese industry critical points; Included transportation for both input acquisition and product distribution
    [ds_data_treatment] => Monthly production data calculated first, then annual averages estimated for functional unit; Data verified using multifunction energy meter WR D-024; Statistical analysis using Shapiro-Wilk test and one-way ANOVA for physicochemical data
    [data_collection_period] => One-year period from June 2018 to June 2019
    [ds_data_completeness] => Complete coverage of all relevant flows within system boundaries including raw materials, energy, water, transportation, and waste outputs; Milk production stage excluded from system boundaries
    [completeness_text] => Comprehensive coverage of all production stages from milk reception to retail delivery; Complete inventory of inputs and outputs; 10 impact categories evaluated
    [sources_text] => Aguirre-Villegas et al., 2011; Canellada et al., 2018; Berlin, 2002; Finnegan et al., 2017; Ecoinvent v.3 database; Santoyo-Castelazo et al., 2011
    [modeling_constants] => Functional unit: 1 kg of Oaxaca cheese; 10% of whey considered as lost and allocated to wastewater; 90% of whey considered as avoided product for pig feeding; Time horizon of 100 years for carbon footprint calculation according to IPCC 2013
    [access_restrictions] => Copyright restrictions apply; Available through ScienceDirect with appropriate subscriptions
    [copyright] => 0
    [modeller_uuid] => 
    [owner_uuid] => 
)

2025-11-19 18:52:42 - POST recibido: Array
(
)

2025-11-19 19:16:13 - POST recibido: Array
(
)

2025-11-19 19:16:50 - POST recibido: Array
(
)

2025-11-19 19:17:02 - POST recibido: Array
(
)

2025-11-19 19:17:37 - POST recibido: Array
(
)

2025-11-19 19:17:56 - POST recibido: Array
(
)

2025-11-19 19:18:12 - POST recibido: Array
(
)

2025-11-19 19:18:47 - POST recibido: Array
(
)

2025-11-19 19:19:05 - POST recibido: Array
(
)

2025-11-19 19:23:12 - POST recibido: Array
(
)

2025-11-19 20:32:23 - POST recibido: Array
(
)

2025-11-19 20:33:46 - POST recibido: Array
(
)

2025-11-19 20:34:51 - POST recibido: Array
(
)

2025-11-19 20:38:11 - POST recibido: Array
(
    [action] => search_datasets
    [search] => 
)

2025-11-19 20:43:11 - POST recibido: Array
(
)

2025-11-19 20:46:12 - POST recibido: Array
(
    [action] => save_process
    [uuid] => 6cb16b9a-04da-4f72-b0cd-07598e8029d4
    [process_name] => tomato production, fresh grade, open field
    [category] => Agriculture, forestry and fishing/01 Crop and animal production, hunting and related service activities/011 Growing of non-perennial crops/0113 Growing of vegetables and melons, roots and tubers
    [general_comment] => Proceso de inventario del ciclo de vida para la producción de tomate fresco grado abierto en campo. Incluye todas las entradas de fertilizantes (amoníaco anhidro líquido, nitrato de amonio, sulfato de amonio, fertilizantes nitrogenados inorgánicos, fertilizantes potásicos inorgánicos), aplicación de productos fitosanitarios mediante pulverizador de campo, fertilización mediante esparcidor, riego, aplicación de estiércol líquido mediante camión cisterna de vacío, y uso de estiércol líquido de ganado y porcino. El sistema considera emisiones al aire (amoníaco, dióxido de carbono fósil, óxido nitroso, óxidos de nitrógeno), al suelo (cadmio, cromo, mercurio, pesticides no especificados) y al agua (cadmio, cromo, cobre, plomo, mercurio, níquel, fosfato, fósforo, zinc, nitrato).
    [technology_description] => Método de análisis de ciclo de vida (ACV) aplicado a la producción agrícola de tomate en campo abierto. Incluye evaluación de inventario de flujos de materiales y energía, emisiones al medio ambiente, y aplicación de fertilizantes y pesticidas mediante técnicas convencionales de agricultura.
    [geo_description] => 
    [process_type] => UNIT_PROCESS
    [time_desc] => 
    [version] => 01.00.000
    [valid_from] => 
    [valid_until] => 
    [project] => 
    [lci_method] => 
    [ds_data_selection] => 
    [ds_data_treatment] => 
    [data_collection_period] => 
    [ds_data_completeness] => 
    [completeness_text] => 
    [sources_text] => 
    [modeling_constants] => 
    [access_restrictions] => Public
    [copyright] => 0
    [modeller_uuid] => 
    [owner_uuid] => 
)

2025-11-19 21:29:05 - POST recibido: Array
(
)

2025-11-27 05:58:21 - POST recibido: Array
(
)

2025-11-27 21:01:36 - POST recibido: Array
(
)

2025-11-27 21:16:07 - POST recibido: Array
(
)

2025-11-28 18:29:53 - POST recibido: Array
(
)

2025-11-29 04:35:52 - POST recibido: Array
(
)

2025-11-29 04:36:50 - POST recibido: Array
(
    [action] => save_process
    [uuid] => 37836a5a-57e7-49c5-9a5b-53111b3fdbc9
    [isdraft] => 1
    [process_name] => Análisis de Ciclo de Vida comparativo de pavimentos en la Ciudad de México
    [category] => Construcción/237 Heavy and Civil Engineering Construction
    [general_comment] => El objetivo de este trabajo de tesis es cuantificar y analizar los impactos ambientales de tres distintos métodos de tratamientos de rehabilitación de carpetas asfálticas propuestos para las vialidades de la red primaria de la Ciudad de México (CDMX) y compararlos con el procedimiento actual para determinar la factibilidad de la introducción de alternativas distintas de rehabilitación con base en un enfoque de Análisis de Ciclo de Vida (ACV), basado en las Normas ISO 14040 y 14044. El cumplimiento de este objetivo busca el mejoramiento en la eficiencia y el desempeño ambiental de los procesos de obras en la CDMX, trabajando así, hacia los objetivos de desarrollo sostenible planteados por Naciones Unidas y favoreciendo la economía circular. Cada uno de los cuatro distintos métodos de rehabilitación analizados en este documento se denominan escenarios. El Escenario Base (cero) representa la forma actual de rehabilitación de carpetas en la CDMX: un fresado parcial de la carpeta asfáltica y reencarpetado de siete centímetros de profundidad, mientras que los otros tres escenarios plantean métodos alternos como propuestas para la sustitución del proceso actual. Estos tres escenarios propuestos se describen a continuación. Escenario 1: fresado total de la carpeta asfáltica y su remplazo, considerando un espesor de quince centímetros como representativo de las vialidades de la red primaria de la CDMX. Escenario 2: un reciclado en frío (Full Depth Reclamation) y Escenario 3: un reciclado en caliente (Hot In-place Recycling) y reemplazo de la capa superior de la carpeta asfáltica por medio de paneles de calentamiento por quema de gas propano. La Unidad Funcional se define como la rehabilitación de la carpeta asfáltica de 1 km-carril de vialidad principal de la Ciudad de México con 3.5 metros de ancho, sin curvas, salidas o incorporaciones y durante un período de estudio de 30 años. El alcance de los sistemas toma en cuenta todo el Ciclo de Vida de la rehabilitación de la carpeta: desde la primera extracción de materias primas, hasta la última remoción y disposición final del material residual de la carpeta 30 años después, tomando como punto de partida para todos los escenarios la existencia previa de una vialidad con daños en toda la profundidad de la carpeta asfáltica. De los cuatro sistemas evaluados se observó que el Escenario Base obtuvo el peor desempeño ambiental para todas las categorías de impacto evaluadas, debido principalmente a su corta vida útil, como consecuencia de las grietas profundas que persisten debajo de la carpeta asfáltica cuando se realiza el fresado parcial. El escenario con los menores impactos ambientales resulta ser el Escenario 3, reciclaje en caliente, gracias a la maquinaria de alta especialización que es capaz de unificar varias labores en un solo equipo.
    [technology_description] => Análisis de Ciclo de Vida (ACV) basado en las Normas ISO 14040 y 14044, utilizando metodologías estandarizadas para evaluar impactos ambientales de procesos de rehabilitación de pavimentos. Incluye evaluación de fresado parcial y total, reciclado en frío (Full Depth Reclamation) y reciclado en caliente (Hot In-place Recycling) con paneles de calentamiento por quema de gas propano.
    [geo_description] => 
    [process_type] => 
    [time_desc] => 
    [version] => 01.00.000
    [valid_from] => 
    [valid_until] => 
    [project] => Tesis de Ingeniería Civil: Análisis de Ciclo de Vida comparativo de pavimentos en la Ciudad de México
    [lci_method] => Metodología basada en las Normas ISO 14040 y 14044 para el desarrollo del inventario del ciclo de vida
    [ds_data_selection] => Inclusión de los principales métodos de rehabilitación considerados adecuados para las condiciones de la CDMX: fresado parcial, fresado total, reciclaje en frío y reciclaje en caliente
    [ds_data_treatment] => Procesamiento de datos de costos unitarios según tabulador SCT y conversión a valores presentes netos considerando tasa de inflación e interés
    [data_collection_period] => Referencias a datos de 2019-2021, período de estudio de 30 años para el análisis
    [ds_data_completeness] => Cobertura completa de todos los flujos relevantes del ciclo de vida incluyendo extracción de materias primas, transporte, construcción, mantenimiento y disposición final
    [completeness_text] => Evaluación exhaustiva que considera todas las etapas del ciclo de vida y múltiples categorías de impacto ambiental
    [sources_text] => APA (2011), SCT (2019), Güereca (2006), ISO 14040/44 (2006), Giani et al. (2015), Butt (2012), entre otras referencias técnicas especializadas
    [modeling_constants] => Período de estudio de 30 años para contemplar varias reiteraciones del ciclo de vida de las alternativas de rehabilitación
    [access_restrictions] => Restricciones académicas institucionales de la UNAM
    [copyright] => 0
    [modeller_uuid] => 
    [owner_uuid] => 
)

2025-11-29 04:36:52 - POST recibido: Array
(
)

2025-11-29 04:37:03 - POST recibido: Array
(
)

2025-11-29 21:43:49 - POST recibido: Array
(
)

2025-11-29 22:38:11 - POST recibido: Array
(
)

2025-11-29 22:47:47 - POST recibido: Array
(
)

2025-11-29 23:07:18 - POST recibido: Array
(
)

2025-11-29 23:07:41 - POST recibido: Array
(
    [action] => search_actors_and_users
    [search] => 
)

2025-11-29 23:13:03 - POST recibido: Array
(
)

2025-11-29 23:16:22 - POST recibido: Array
(
)

2025-11-29 23:59:24 - POST recibido: Array
(
)

2025-11-30 00:01:28 - POST recibido: Array
(
)

2025-11-30 05:07:09 - POST recibido: Array
(
)

2025-11-30 05:08:16 - POST recibido: Array
(
    [action] => save_process
    [uuid] => 0d5092ff-bd4a-4850-951d-24a68cbdae42
    [isdraft] => 1
    [process_name] => ANÁLISIS DEL CICLO DE VIDA EN LA PRODUCCIÓN DE PIÑA
    [category] => Agriculture, Forestry, Fishing and Hunting/111 Crop Production
    [general_comment] => El Análisis del Ciclo de Vida (ACV) es una herramienta de gestión medioambiental cuya finalidad es analizar de forma objetiva, metódica, sistemática y científica, el impacto ambiental originado por el proceso de un producto o servicio durante su ciclo de vida. Este trabajo tiene como objetivo principal la aplicación de la metodología de ACV, mediante la evaluación de las cargas ambientales que ocasiona la producción de piña en Los Tigres, Juan Rodríguez Clara, Veracruz. El estudio abarcó dos modalidades de producción: convencional y bajo ambiente protegido, con un enfoque en la fase agrícola desde la preparación del terreno hasta la cosecha (cuna a la puerta de la finca). La unidad funcional es 1 kg de piña fresca. Los resultados de la valoración proporcionan a los productores agrícolas mexicanos elementos de juicio para la implementación de prácticas con bajos impactos ambientales.
    [technology_description] => 
    [geo_description] => 
    [process_type] => 
    [time_desc] => 
    [version] => 01.00.000
    [valid_from] => 
    [valid_until] => 
    [project] => Tesis para obtener el grado de Maestro en Ciencias en Economía Agrícola y de los Recursos Naturales.
    [lci_method] => Análisis de Ciclo de Vida (ACV) simplificado, siguiendo los requisitos de las Normas Internacionales ISO 14040:2006 y 14044:2006. El método de evaluación de impacto es Eco-Indicator 99.
    [ds_data_selection] => Se incluyeron todos los insumos reportados por los productores como necesarios por hectárea para el establecimiento y mantenimiento del cultivo de piña en la modalidad convencional.
    [ds_data_treatment] => Los datos de insumos, recolectados por hectárea, fueron normalizados a la unidad funcional de 1 kg de piña fresca. Esta conversión se realizó dividiendo la cantidad total de insumo por hectárea por el rendimiento del cultivo (70,000 kg/ha).
    [data_collection_period] => 2016-01-01 a 2017-12-31
    [ds_data_completeness] => El inventario de ciclo de vida cubre los principales flujos de entrada de materiales y energía para la fase agrícola, incluyendo preparación del suelo, siembra, fertilización, control de plagas y malezas. Se excluye la producción (fase de manufactura) de los insumos, como fertilizantes y maquinaria.
    [completeness_text] => El estudio es representativo para el sistema de producción de piña convencional en la región analizada. Sin embargo, no incluye un inventario detallado de emisiones elementales (flujos de salida), enfocándose en los resultados de impacto agregado. La falta de un método de evaluación de impacto regionalizado es una limitación importante.
    [sources_text] => Alanis, P. E., 2012. Los rendimientos y la productividad en la agricultura. Revista Chapingo.
Antón, V. M. A., 2012. Análisis de Ciclo de Vida aplicado a horticultura protegida. Cuadernos de estudios agroalimentarios, pp. 211-226.
Avendaño, R. B. D., Sierra, L. O. A. & Lobo, R. M., 2015. Una estimación de la responsabilidad social empresarial en empresas hortofrutícolas de baja California, México.. Revista Mexicana en Ciencias Agrícolas, 01 de abril - 15 de mayo, 6(3), pp. 563-576.
Banco Mundial, 2018. Grupo Banco Mundial. [En línea] Available at: https://www.bancomundial.org/
Chidiak, M., 2003. Demanda y oferta de bienes y servicios ambientales por parte de la pyme: el caso argentino, Santiago de Chile: CEPAL.
Dussel, P. E., 2002. Territorio y competitividad en la agroindustria en México. Primera ed. D.F.: Plaza y Valdés S.A. de C.V..
FAO, 2018. Organización de las Naciones Unidas para la Alimentación y la Agricultura. [En línea] Available at: http://www.fao.org/home/es/
Frohmann, A., Herreros, S. M. N. & Olmos, X., 2015. Sostenibilidad ambiental y competitividad internacional, Santiago de Chile: Naciones Unidas.
GobMx, 2017. Gobierno de México. [En línea] Available at: https://www.gob.mx/
Gómez, F. M., 2014. Métodos de análisis ambiental y análisis del ciclo de vida. Guía sobre Declaración Ambiental de Producto y Cálculo de Huella de Carbono, pp. 11-24.
GREENPEACE, 2012. La agricultura mexicana y el cambio climático, México: Organización GREENPEACE.
Haya, L. E., 2016. Análisis de Ciclo de Vida, Madrid: Escuela de Organización Industrial.
Humbert, S., Schryver, A. D., Margini, M. & Jolliet, O., 2012. IMPACT 2002+: USER GUIDE. Quantis Sustainability Counts, 25 Marzo.
Hurtado, D. M., 2015. La Salud Ambiental en México, Situación actual y perspectivas futuras. México: Dirección de Salud Ambiental, Instituto Nacional de Salud Pública.
INEGI, 2014. Instituto Nacional de Estadística y Geografía. [En línea] Available at: http://www.inegi.org.mx/
ISO 14040, 2006. International Organization for Standardization. [En línea] Available at: https://www.iso.org/home.html
ISO 14044, 2006. International Organization for Standardization. [En línea] Available at: https://www.iso.org/home.html
Jiménez, E. M. & Chaidez, Q. C., 2013. La inocuidad de los alimentos en México. Panorama de la seguridad alimentaria y nutricional en México 2012.
Leos, R. J. A. & Fortis, H. M., 2003. Inocuidad alimentaria en la producción de frutas y hortalizas frescas. Agrofaz: publicación semestral de investigación científica, 3(1), pp. 253-262.
Maya, A. C. J., 2011. Sinaloa: ¿cluster agroindustrial o territorio desincrustado?. Análisis, Mayo-Agosto, Issue 14, pp. 127-160.
Mercado, A. & Córdova, K., 2011. La industria agroalimentaria en la controversia del desarrollo sustentable. Estudios Sociales, pp. 28-65.
Montilla, D. B. I., Fernández, S., Alcalá, D. M. D. & Gallardo, M., 1997. El cultivo de la piña en Venezuela. Maracay: Fondo Nacional de Investigaciones Agropecuarias .
PNUD, 2018. Programa de las Naciones Unidas para el Desarrollo. [En línea] Available at: http://www.undp.org
Romero, R. B. I., 2003. El análisis del Ciclo de Vida y la Gestión Ambiental. Tendencias Tecnológicas, pp. 91-97.
SAGARPA, 2014. Anuario Estadístico de la Producción Agrícola, México: s.n.
SAGARPA, 2017. Secretaria de Agricultura, Ganaderia, Desarrollo Rural, Pesca y Alimentación. [En línea] Available at: http://www.gob.mx/sagarpa
SAGARPA & FAO, 2012. s.l.: México: El sector agropecuario ante el desafío del cambio climático.
Sauvé, L., 1999. La educación ambiental entre la modernidad y la posmodernidad : En busca de un marco de referencia educativo integrador. Tópicos, 1 (2), pp. 7-27.
Secretaría Gobierno, d., 2016. Acciones y Programas. [En línea] Available at: http://www.gob.mx/se/acciones-y-programas/comercio-exterior-paises-con-tratados-y-acuerdos-firmados-con-mexico
Seuc, A., Domínguez, E. & Díaz, O., 2000. INTRODUCCIÓN A LOS DALYs. Cubana Hig Epidemiol, 38(2), pp. 92-101.
Tilman, D. & Clark, M., 2014. Global diets link environmental sustainability and human health. Nature, 27 Noviembre, 515(13959), pp. 518-522.
Udo de Haes, H. y otros, 1999b. Best Available Practice Regarding Impact Categories and Categorý Indicators in Life Cycle Impact Assessment (II). Journal of the Internacional Institute life Cycle Assessment, 4(2), pp. 66-74.
Uriza, Á. D. E., 2011. Programa Estratégico para el Desarrollo Rural Sustentable de la Región Sur-Sureste de México: Trópico Húmedo 2011, Isla, Veracruz: Centro de Investigación Regional Golfo Centro.
Vásquez, A. J. & Cabral, М. А., 2001. La inocuidad alimentaria, realidad y reto mundial. [En línea] Available at: http://www.fao.org/docrep/003/Y0600M/y0600m02.htm
Villafán, V. K. B. & Ayala, O. D. A., 2012. Responsabilidad social de las empresas agrícolas y agroindustriales aguacateras de Uruapan, Michoacán, y sus implicaciones en la competitividad. Contaduría y Administración, 59(4), pp. 223-251.
    [modeling_constants] => El estudio se enfoca en el sistema de producción convencional. El rendimiento promedio para este sistema es de 70,000 kg/ha. El sistema convencional no utiliza riego ni energía eléctrica. Se asume una distancia de transporte de 30 km para los insumos desde el punto de compra hasta el campo. La infraestructura (edificios y maquinaria) está considerada en el alcance. La energía y combustibles provienen de proveedores monopólicos en México.
    [access_restrictions] => 
    [copyright] => 0
    [modeller_uuid] => 
    [owner_uuid] => 
)

2025-11-30 05:08:17 - POST recibido: Array
(
)

2025-11-30 05:08:27 - POST recibido: Array
(
)

2025-11-30 05:08:31 - POST recibido: Array
(
    [action] => save_process
    [uuid] => 0d5092ff-bd4a-4850-951d-24a68cbdae42
    [process_name] => ANÁLISIS DEL CICLO DE VIDA EN LA PRODUCCIÓN DE PIÑA
    [category] => Agriculture, Forestry, Fishing and Hunting/111 Crop Production
    [general_comment] => El Análisis del Ciclo de Vida (ACV) es una herramienta de gestión medioambiental cuya finalidad es analizar de forma objetiva, metódica, sistemática y científica, el impacto ambiental originado por el proceso de un producto o servicio durante su ciclo de vida. Este trabajo tiene como objetivo principal la aplicación de la metodología de ACV, mediante la evaluación de las cargas ambientales que ocasiona la producción de piña en Los Tigres, Juan Rodríguez Clara, Veracruz. El estudio abarcó dos modalidades de producción: convencional y bajo ambiente protegido, con un enfoque en la fase agrícola desde la preparación del terreno hasta la cosecha (cuna a la puerta de la finca). La unidad funcional es 1 kg de piña fresca. Los resultados de la valoración proporcionan a los productores agrícolas mexicanos elementos de juicio para la implementación de prácticas con bajos impactos ambientales.
    [technology_description] => 
    [geo_description] => 
    [process_type] => 
    [time_desc] => 
    [version] => 01.00.000
    [valid_from] => 0000-00-00
    [valid_until] => 0000-00-00
    [project] => Tesis para obtener el grado de Maestro en Ciencias en Economía Agrícola y de los Recursos Naturales.
    [lci_method] => Análisis de Ciclo de Vida (ACV) simplificado, siguiendo los requisitos de las Normas Internacionales ISO 14040:2006 y 14044:2006. El método de evaluación de impacto es Eco-Indicator 99.
    [ds_data_selection] => Se incluyeron todos los insumos reportados por los productores como necesarios por hectárea para el establecimiento y mantenimiento del cultivo de piña en la modalidad convencional.
    [ds_data_treatment] => Los datos de insumos, recolectados por hectárea, fueron normalizados a la unidad funcional de 1 kg de piña fresca. Esta conversión se realizó dividiendo la cantidad total de insumo por hectárea por el rendimiento del cultivo (70,000 kg/ha).
    [data_collection_period] => 2016-01-01 a 2017-12-31
    [ds_data_completeness] => El inventario de ciclo de vida cubre los principales flujos de entrada de materiales y energía para la fase agrícola, incluyendo preparación del suelo, siembra, fertilización, control de plagas y malezas. Se excluye la producción (fase de manufactura) de los insumos, como fertilizantes y maquinaria.
    [completeness_text] => El estudio es representativo para el sistema de producción de piña convencional en la región analizada. Sin embargo, no incluye un inventario detallado de emisiones elementales (flujos de salida), enfocándose en los resultados de impacto agregado. La falta de un método de evaluación de impacto regionalizado es una limitación importante.
    [sources_text] => Alanis, P. E., 2012. Los rendimientos y la productividad en la agricultura. Revista Chapingo.
Antón, V. M. A., 2012. Análisis de Ciclo de Vida aplicado a horticultura protegida. Cuadernos de estudios agroalimentarios, pp. 211-226.
Avendaño, R. B. D., Sierra, L. O. A. & Lobo, R. M., 2015. Una estimación de la responsabilidad social empresarial en empresas hortofrutícolas de baja California, México.. Revista Mexicana en Ciencias Agrícolas, 01 de abril - 15 de mayo, 6(3), pp. 563-576.
Banco Mundial, 2018. Grupo Banco Mundial. [En línea] Available at: https://www.bancomundial.org/
Chidiak, M., 2003. Demanda y oferta de bienes y servicios ambientales por parte de la pyme: el caso argentino, Santiago de Chile: CEPAL.
Dussel, P. E., 2002. Territorio y competitividad en la agroindustria en México. Primera ed. D.F.: Plaza y Valdés S.A. de C.V..
FAO, 2018. Organización de las Naciones Unidas para la Alimentación y la Agricultura. [En línea] Available at: http://www.fao.org/home/es/
Frohmann, A., Herreros, S. M. N. & Olmos, X., 2015. Sostenibilidad ambiental y competitividad internacional, Santiago de Chile: Naciones Unidas.
GobMx, 2017. Gobierno de México. [En línea] Available at: https://www.gob.mx/
Gómez, F. M., 2014. Métodos de análisis ambiental y análisis del ciclo de vida. Guía sobre Declaración Ambiental de Producto y Cálculo de Huella de Carbono, pp. 11-24.
GREENPEACE, 2012. La agricultura mexicana y el cambio climático, México: Organización GREENPEACE.
Haya, L. E., 2016. Análisis de Ciclo de Vida, Madrid: Escuela de Organización Industrial.
Humbert, S., Schryver, A. D., Margini, M. & Jolliet, O., 2012. IMPACT 2002+: USER GUIDE. Quantis Sustainability Counts, 25 Marzo.
Hurtado, D. M., 2015. La Salud Ambiental en México, Situación actual y perspectivas futuras. México: Dirección de Salud Ambiental, Instituto Nacional de Salud Pública.
INEGI, 2014. Instituto Nacional de Estadística y Geografía. [En línea] Available at: http://www.inegi.org.mx/
ISO 14040, 2006. International Organization for Standardization. [En línea] Available at: https://www.iso.org/home.html
ISO 14044, 2006. International Organization for Standardization. [En línea] Available at: https://www.iso.org/home.html
Jiménez, E. M. & Chaidez, Q. C., 2013. La inocuidad de los alimentos en México. Panorama de la seguridad alimentaria y nutricional en México 2012.
Leos, R. J. A. & Fortis, H. M., 2003. Inocuidad alimentaria en la producción de frutas y hortalizas frescas. Agrofaz: publicación semestral de investigación científica, 3(1), pp. 253-262.
Maya, A. C. J., 2011. Sinaloa: ¿cluster agroindustrial o territorio desincrustado?. Análisis, Mayo-Agosto, Issue 14, pp. 127-160.
Mercado, A. & Córdova, K., 2011. La industria agroalimentaria en la controversia del desarrollo sustentable. Estudios Sociales, pp. 28-65.
Montilla, D. B. I., Fernández, S., Alcalá, D. M. D. & Gallardo, M., 1997. El cultivo de la piña en Venezuela. Maracay: Fondo Nacional de Investigaciones Agropecuarias .
PNUD, 2018. Programa de las Naciones Unidas para el Desarrollo. [En línea] Available at: http://www.undp.org
Romero, R. B. I., 2003. El análisis del Ciclo de Vida y la Gestión Ambiental. Tendencias Tecnológicas, pp. 91-97.
SAGARPA, 2014. Anuario Estadístico de la Producción Agrícola, México: s.n.
SAGARPA, 2017. Secretaria de Agricultura, Ganaderia, Desarrollo Rural, Pesca y Alimentación. [En línea] Available at: http://www.gob.mx/sagarpa
SAGARPA & FAO, 2012. s.l.: México: El sector agropecuario ante el desafío del cambio climático.
Sauvé, L., 1999. La educación ambiental entre la modernidad y la posmodernidad : En busca de un marco de referencia educativo integrador. Tópicos, 1 (2), pp. 7-27.
Secretaría Gobierno, d., 2016. Acciones y Programas. [En línea] Available at: http://www.gob.mx/se/acciones-y-programas/comercio-exterior-paises-con-tratados-y-acuerdos-firmados-con-mexico
Seuc, A., Domínguez, E. & Díaz, O., 2000. INTRODUCCIÓN A LOS DALYs. Cubana Hig Epidemiol, 38(2), pp. 92-101.
Tilman, D. & Clark, M., 2014. Global diets link environmental sustainability and human health. Nature, 27 Noviembre, 515(13959), pp. 518-522.
Udo de Haes, H. y otros, 1999b. Best Available Practice Regarding Impact Categories and Categorý Indicators in Life Cycle Impact Assessment (II). Journal of the Internacional Institute life Cycle Assessment, 4(2), pp. 66-74.
Uriza, Á. D. E., 2011. Programa Estratégico para el Desarrollo Rural Sustentable de la Región Sur-Sureste de México: Trópico Húmedo 2011, Isla, Veracruz: Centro de Investigación Regional Golfo Centro.
Vásquez, A. J. & Cabral, М. А., 2001. La inocuidad alimentaria, realidad y reto mundial. [En línea] Available at: http://www.fao.org/docrep/003/Y0600M/y0600m02.htm
Villafán, V. K. B. & Ayala, O. D. A., 2012. Responsabilidad social de las empresas agrícolas y agroindustriales aguacateras de Uruapan, Michoacán, y sus implicaciones en la competitividad. Contaduría y Administración, 59(4), pp. 223-251.
    [modeling_constants] => El estudio se enfoca en el sistema de producción convencional. El rendimiento promedio para este sistema es de 70,000 kg/ha. El sistema convencional no utiliza riego ni energía eléctrica. Se asume una distancia de transporte de 30 km para los insumos desde el punto de compra hasta el campo. La infraestructura (edificios y maquinaria) está considerada en el alcance. La energía y combustibles provienen de proveedores monopólicos en México.
    [access_restrictions] => 
    [copyright] => 0
    [modeller_uuid] => 
    [owner_uuid] => 
)

2025-11-30 05:43:22 - POST recibido: Array
(
)

2025-11-30 05:43:45 - POST recibido: Array
(
    [action] => save_process
    [uuid] => 01bc517d-23a7-4975-aaa1-6ba3e7dd8a90
    [isdraft] => 1
    [process_name] => EVALUACIÓN DE LOS IMPACTOS AMBIENTALES DE SISTEMAS DE GENERACIÓN DE ENERGÍA DEL OCÉANO
    [category] => Utilities/221 Electric Power Generation, Transmission and Distribution/2211 Electric Power Generation
    [general_comment] => Este estudio evalúa los impactos ambientales de cuatro dispositivos de generación de energía a partir del océano: un sistema OTEC de ciclo cerrado (conversión de energía térmica), un sistema de gradiente salino por electrodiálisis inversa (RED), un generador de corrientes de marea (SeaGen) y un generador de corrientes oceánicas (IMPULSA). Se utiliza la metodología de Análisis de Ciclo de Vida (ACV) con la metodología de evaluación de impactos ReCiPe. Se analizan 9 categorías de impacto: cambio climático, agotamiento de la capa de ozono, agotamiento de combustibles fósiles, formación de materia particulada, acidificación, toxicidad humana, ecotoxicidad marina, eutrofización marina y agotamiento de metales. Los límites del sistema incluyen la construcción, generación (para OTEC) y fin de vida de los dispositivos. La unidad funcional es 1 kWh de electricidad generada. Los resultados generales indican que los sistemas oceánicos tienen menores impactos que la generación convencional en México, pero presentan impactos comparables con otros sistemas renovables. Se identifican los procesos y materiales con mayor contribución a los impactos para cada tecnología.
    [technology_description] => 
    [geo_description] => 
    [process_type] => 
    [time_desc] => 
    [version] => 01.00.000
    [valid_from] => 
    [valid_until] => 
    [project] => Fondo CONACYT-SENER / Sustentabilidad Energética a través del Centro Mexicano de Innovación en Energías del Océano (CEMIE-Océano), número de subvención 249795.
    [lci_method] => Análisis de Ciclo de Vida conforme a ISO 14040. La evaluación de impactos se realizó con la metodología ReCiPe v1.08 (perspectiva jerárquica).
    [ds_data_selection] => Se seleccionaron cuatro sistemas de generación de energía del océano representativos de diferentes tecnologías. Se eligieron nueve categorías de impacto de la metodología ReCiPe por ser consideradas las más representativas para los sistemas evaluados.
    [ds_data_treatment] => Los datos de inventario de las fuentes bibliográficas se recopilaron y normalizaron a la unidad funcional de 1 kWh de electricidad generada durante la vida útil del dispositivo. La modelación se realizó con el software GaBi.
    [data_collection_period] => El documento fue publicado en 2019, utilizando fuentes que datan desde 1979 hasta 2019.
    [ds_data_completeness] => La etapa de construcción y fin de vida se modeló para todos los dispositivos. La etapa de generación solo se consideró para el dispositivo OTEC CC debido a la disponibilidad de datos sobre insumos. Para los otros dispositivos, los insumos de mantenimiento durante la generación no fueron considerados por falta de información.
    [completeness_text] => El estudio es una primera aproximación completa para las tecnologías seleccionadas dentro de los límites definidos, aunque se reconocen brechas de datos, particularmente en la fase de operación y mantenimiento.
    [sources_text] => Aalbers, R. R. D. (2015); Abas, N., et al. (2018); Abbasi, S.A., & Abbasi, N. (2000); Ahmadian, R., & Falconer, R. A. (2012); Al Hawari, A., et al. (2014); Allender, J. H., et al. (1978); Aluminum Association (2013); Amy, G., et al. (2017); Anaya-Durand, A., & Pedroza-Flores, H. (2008); Antón Vallejo, M. A. (2004); Asahi Glass Co. LTD; Aviña Jiménez, H. M. (2007); Banerjee, S., et al. (2013); Bárcenas Graniel, J. F. (2014); Bernal Francisco, M. (2016); Bernardoni, C. H. R. I. S. T. I. A. N., et al. (2019); Bicer, Y., et al. (2016); Bijmans, M. F. M., et al. (2012); Blunden, L. S., & Bahaj, A. S. (2007); Boehlert, G. W., & Gill, A. B. (2010); Bolaji, B. O., & Huan, Z. (2013); Bovea, M. D., et al. (2007); BP (2017); Bruciaga, W., & Escobar, C. (2016); Bullón, F. (2006); Cabello, J., et al. (2017); Cabello, R., et al. (2015); Campos Hernández, A. (2017); Cemie océano (2017); Central Intelligence Agency (2016); Clark, R. H. (2007); Cook, J., et al. (2016); Daniilidis, A., et al. (2014); De la Garza Cuevas, C. F. (2016); Dessne, P., et al. (2015); Devault, D. A., & Péné-Annette, A. (2017); Devecioğlu, A. G., & Oruç, V. (2015); Douglas, C. A., et al. (2008); Douziech, M., et al. (2016); Dufour, J. (2016); EC (2006, 2014); ECB (2014); Ecotricity (2017); EFMA (2000); EMEC (2017); Energy, B. (2014); Equimar (2010); Estévez, I., et al. (2014); F. George, J, et al. (1979); Falnes, J., & Løvseth, J. (1991); Fernández Díez, P. (2008); Ferrari, I. (2008); Frischknecht, R., & Jolliet, O. (2016); García Huante, A. (2015); Garduño Ruiz, E. P., et al. (2017); Garza Cuevas, C. F. de la (2016); Gastelum Zepeda, L. (2017); Gavankar, S., et al. (2015); George, J. F., et al. (1979); GOB (2015); Goedkoop, M., et al. (2009); Goldman, A. (2012); Grall, J., & Chauvaud, L. (2002); GreenHouse Gas Protocol (2016); Güereca L.P (2014, 2006); Güler, E., et al. (2014); Güney, M. S., & Kaygusuz, K. (2010); Hans Chr., S., et al. (2007); Hill, W. (2003); Hiriart Le Bert, G. (2009); Hong, J. G., & Chen, Y. (2014); Hubbert, M. K. (1949); IEA (2016); INEEL (2016); ISO (2006); Khan, N., et al. (2017); Knoeri, C., et al. (2013); LAERFTE (2013); LTE (2015); Li, D., et al. (2017); Li, Y., & Pan, D. Z. (2017); Llopis Doménech, R., et al.; López G. José (2011); Maina, P., & Huan, Z. (2015); Mariño, I., et al. (2017); Meegahapola, L., et al. (2007); Meghwar, A., et al. (2017); Miller, R. R., et al. (1994); Mistry, M., et al. (2016); Moriarty, P., & Honnery, D. (2012); Muetze, A., & Vining, J. G. (2006); Nasir Mehmood, Z. L., & Khan, J. (2012); News direct (2013); Norris, J. V., & Droniou, E. (2007); ORECCA (2011); Outcalt, S. L., & McLinden, M. O. (1996); Papadakis, G. (2006); Papapetrou, M., & Kumpavat, K. (2016); Parker, R. P. M., et al. (2007); Pattle, R. E. (1954); Pelc, R., & Fujita, R. M. (2002); Piccinno, F., et al. (2016); Pinder, R. W., et al. (2008); Post, J. W., et al. (2010); Power Technology (2019); PRé (2012); Quinby-Hunt, M. S., et al. (1986, 1987); Raventos, A., et al. (2010); Ramsey, D., et al. (2014); REA power (2014); Romero, B. (2003); Rourke, F. O., et al. (2010); Rule, B. M., et al. (2009); SALAET FERNÁNDEZ, S. T. É. P. H. A. N. E., & ROCA JUSMET, J. O. R. D. I. (2010); Sánchez, D., et al. (2017); Sangiuliano, S. J. (2017); Sangjo Han (2013); SEMARNAT (2002, 2014, 2015); SENER (2013, 2015, 2017, 2018); SETAC, U. (2016); Simon, B., et al. (2016); Solomon, S. (1999); Soerensen, H. C., & Weinstein, A. (2008); Student energy (2015); Tedesco, M., et al. (2017); Thomson, R. C., et al. (2019); Tidal power (2012); TM (2017); Uihlein, A. (2016); Uihlein, A., & Magagna, D. (2016); UNEP (2016); Valdés Aragonés, I. (2014); Vallejo, S. & Sánchez, C. (2015); Veerman, J., et al. (2009, 2010); Vega, L. A. (2012); Vega, L. A., & Michaelis, D. (2010); Vermaas, D. A., et al. (2011); Viola, A., et al. (2015); Walker, S., & Howell, R. (2011); Walker, S., et al. (2015); Weckert, M. (2008); Yang, X. (2013); Yañez, G. (2014); Yoon, J. I., et al. (2014, 2017); Zhai, Q., et al. (2018).
    [modeling_constants] => El estudio considera a México como límite geográfico, pero utiliza datos internacionales por falta de información local. Las etapas consideradas son construcción, generación y fin de vida. Se utilizó un periodo de referencia de 30 años para la comparación. La perspectiva de evaluación de impacto es la jerárquica (100 años).
    [access_restrictions] => PROHIBIDA SU REPRODUCCIÓN TOTAL O PARCIAL. El material está protegido por la Ley Federal del Derecho de Autor de México. El uso de imágenes, fragmentos de videos y demás material protegido será exclusivamente para fines educativos e informativos, debiendo citar la fuente y el autor. Cualquier uso distinto como lucro, reproducción, edición o modificación será perseguido y sancionado.
    [copyright] => 0
    [modeller_uuid] => 
    [owner_uuid] => 
)

2025-11-30 05:43:46 - POST recibido: Array
(
)

2025-11-30 05:43:53 - POST recibido: Array
(
)

2025-12-02 03:44:55 - POST recibido: Array
(
)

2025-12-02 03:58:40 - POST recibido: Array
(
)

2025-12-02 03:59:03 - POST recibido: Array
(
)

2025-12-02 04:00:54 - POST recibido: Array
(
)

2025-12-02 04:01:50 - POST recibido: Array
(
)

2025-12-02 04:03:39 - POST recibido: Array
(
)

2025-12-02 04:07:55 - POST recibido: Array
(
)

2025-12-02 04:08:04 - POST recibido: Array
(
    [action] => search_datasets
    [search] => TAP
)

2025-12-02 04:08:13 - POST recibido: Array
(
    [action] => create_new_flow
    [flow_type] => input
    [process_uuid] => d73ca3e6-f36c-4907-b162-f50329a3ed98
    [new_process_uuid] => 7caceef8-4a97-3de3-97fb-53241bdc8448
    [amount] => 5
)

2025-12-02 04:15:11 - POST recibido: Array
(
    [action] => search_datasets
    [search] => tequila
)

2025-12-02 04:15:11 - POST recibido: Array
(
    [action] => search_datasets
    [search] => tequila
)

2025-12-02 04:15:11 - POST recibido: Array
(
    [action] => search_datasets
    [search] => tequila
)

2025-12-02 04:15:11 - POST recibido: Array
(
    [action] => search_datasets
    [search] => tequila
)

2025-12-02 04:15:11 - POST recibido: Array
(
    [action] => create_new_flow
    [flow_type] => input
    [process_uuid] => d73ca3e6-f36c-4907-b162-f50329a3ed98
    [new_process_uuid] => 7caceef8-4a97-3de3-97fb-53241bdc8448
    [amount] => 5
)

2025-12-02 04:15:11 - POST recibido: Array
(
    [action] => create_new_flow
    [flow_type] => input
    [process_uuid] => d73ca3e6-f36c-4907-b162-f50329a3ed98
    [new_process_uuid] => 7caceef8-4a97-3de3-97fb-53241bdc8448
    [amount] => 4
)

2025-12-02 04:18:14 - POST recibido: Array
(
    [action] => search_datasets
    [search] => water
)

2025-12-02 04:28:38 - POST recibido: Array
(
    [action] => search_datasets
    [search] => water
)

2025-12-02 04:28:46 - POST recibido: Array
(
    [action] => create_new_flow
    [flow_type] => input
    [process_uuid] => d73ca3e6-f36c-4907-b162-f50329a3ed98
    [new_process_uuid] => 8b9997d8-c2b1-3244-bdb8-7be386373db8
    [amount] => 11
)

2025-12-02 04:28:48 - POST recibido: Array
(
)

2025-12-02 04:29:12 - POST recibido: Array
(
    [action] => search_datasets
    [search] => tap
)

2025-12-02 04:29:12 - POST recibido: Array
(
    [action] => search_datasets
    [search] => tap
)

2025-12-02 04:29:12 - POST recibido: Array
(
    [action] => search_datasets
    [search] => tap
)

2025-12-02 04:29:12 - POST recibido: Array
(
    [action] => search_datasets
    [search] => tap
)

2025-12-02 04:29:18 - POST recibido: Array
(
    [action] => create_new_flow
    [flow_type] => output
    [process_uuid] => d73ca3e6-f36c-4907-b162-f50329a3ed98
    [new_process_uuid] => 7caceef8-4a97-3de3-97fb-53241bdc8448
    [amount] => 111
)

2025-12-02 04:29:20 - POST recibido: Array
(
)

2025-12-02 04:29:35 - POST recibido: Array
(
    [action] => update_description
    [flow_uuid] => cb9c036b-fd9b-4bfc-9c61-edebf89f97ea
    [flow_type] => output
    [description] => XD
)

2025-12-02 04:29:40 - POST recibido: Array
(
    [action] => update_description
    [flow_uuid] => b60c68c7-7772-422c-ae10-0d838fa0f15f
    [flow_type] => input
    [description] => DDDDD
)

2025-12-02 04:29:42 - POST recibido: Array
(
    [action] => save_process
    [uuid] => d73ca3e6-f36c-4907-b162-f50329a3ed98
    [process_name] => > 7 Ton diesel por km (Copia en edición)
    [category] => MexiLCA_IINGEN
    [general_comment] => 
    [technology_description] => 
    [geo_description] => Mexico
    [process_type] => UNIT_PROCESS
    [time_desc] => 
    [version] => 01.00.001
    [valid_from] => 2014-12-12
    [valid_until] => 
    [project] => 
    [lci_method] => 
    [ds_data_selection] => 
    [ds_data_treatment] => 
    [data_collection_period] => 
    [ds_data_completeness] => 
    [completeness_text] => 
    [sources_text] => 
    [modeling_constants] => 
    [access_restrictions] => 
    [copyright] => 0
    [modeller_uuid] => 
    [owner_uuid] => 
)

2025-12-02 04:34:51 - POST recibido: Array
(
)

2025-12-02 04:36:52 - POST recibido: Array
(
    [action] => search_datasets
    [search] => tequila
)

2025-12-02 04:36:52 - POST recibido: Array
(
    [action] => search_datasets
    [search] => TOMA
)

2025-12-02 04:36:52 - POST recibido: Array
(
    [action] => search_datasets
    [search] => TOMA
)

2025-12-02 04:36:55 - POST recibido: Array
(
    [action] => search_datasets
    [search] => water
)

2025-12-02 04:39:55 - POST recibido: Array
(
    [action] => create_new_flow
    [flow_type] => input
    [process_uuid] => 4a1472f1-b070-46f2-9ade-38c8d163b603
    [new_process_uuid] => f1ee34e9-45af-4af2-9256-6b8684f4d932
    [amount] => 5
)

2025-12-02 04:39:56 - POST recibido: Array
(
)

2025-12-02 04:40:10 - POST recibido: Array
(
    [action] => search_datasets
    [search] => tequila
)

2025-12-02 04:40:13 - POST recibido: Array
(
    [action] => create_new_flow
    [flow_type] => output
    [process_uuid] => 4a1472f1-b070-46f2-9ade-38c8d163b603
    [new_process_uuid] => 763ea11f-9803-36b5-aadc-7af347b0059c
    [amount] => 16
)

2025-12-02 04:40:14 - POST recibido: Array
(
)

2025-12-02 04:40:20 - POST recibido: Array
(
    [action] => save_process
    [uuid] => 4a1472f1-b070-46f2-9ade-38c8d163b603
    [process_name] => ACV VIGUETA: ANÁLISIS DE CICLO DE VIDA DEL VIGUETA
    [category] => Manufactura/327 Fabricación de Productos de Minerales No Metálicos
    [general_comment] => Se determinó la huella de carbono y la demanda acumulada de energía durante la fabricación de vigueta, a partir de un Inventario de Ciclo de Vida (ICV) con datos obtenidos en México, y tomando como base las especificaciones de la ISO 14044. El objetivo es estimar la huella de carbono durante el proceso de fabricación de viguetas en plantas localizadas en la zona centro de México. El alcance se limita al estudio del proceso de fabricación de vigueta en plantas localizadas en México (extracción de materia prima, transporte y fabricación). La unidad funcional es producir un metro lineal de vigueta terminada en planta en la zona centro de México, con datos de 2009. El resultado obtenido respecto a la producción de 1 m lineal de vigueta en planta fue de 6.40565 kgCO2eq.
    [technology_description] => 
    [geo_description] => 
    [process_type] => 
    [time_desc] => 
    [version] => 01.00.000
    [valid_from] => 
    [valid_until] => 
    [project] => Generación de inventarios para el Análisis de Ciclo de Vida de cemento, block, bovedilla, vigueta y ladrillo en la zona centro de México.
    [lci_method] => ISO 14044, CML 2001 v. 4.2
    [ds_data_selection] => Criterio de corte de masa al 1%; cualquier compuesto que represente menos del 1% de la masa total no se tomará en cuenta.
    [ds_data_treatment] => El consumo de electricidad y de gas LP se dividió entre la producción correspondiente para obtener un aproximado real de consumo por pieza producida. Los resultados de las diferentes empresas se promediaron de forma ponderada con base en el nivel de producción.
    [data_collection_period] => 2009
    [ds_data_completeness] => Se omite el consumo por soldadura (0.356% de la masa de la vigueta húmeda). No se obtuvieron datos suficientes para determinar la emisión de sólidos totales al agua. Para la extracción de materia prima únicamente se incluye el impacto por el transporte, debido a la negativa de las empresas extractoras para aportar mayor información.
    [completeness_text] => Parcial. El inventario omite el consumo de soldadura, las emisiones al agua, y los procesos de extracción de materias primas (excepto su transporte).
    [sources_text] => Array
    [modeling_constants] => Criterio de corte de masa al 1%. Supuestos: mix energético nacional de México (CMM 2014), factores de emisión AP-42 adaptados a México, agua de la red, distancias de transporte estimadas con INEGI DENUE.
    [access_restrictions] => 
    [copyright] => 0
    [modeller_uuid] => 
    [owner_uuid] => 
)

2025-12-03 00:57:19 - POST recibido: Array
(
)

2025-12-03 01:06:08 - POST recibido: Array
(
    [action] => search_datasets
    [search] => water
)

2025-12-03 01:06:23 - POST recibido: Array
(
    [action] => create_new_flow
    [flow_type] => output
    [process_uuid] => d07222d6-77f5-4c61-8b3b-914c10936600
    [new_process_uuid] => 9966694d-0c43-42f7-9b3b-b1f238a2f4ef
    [amount] => 25
)

2025-12-03 01:06:25 - POST recibido: Array
(
)

2025-12-03 01:06:36 - POST recibido: Array
(
    [action] => update_description
    [flow_uuid] => 14dc4d76-6a6a-410c-a594-56c8a6fea6ef
    [flow_type] => output
    [description] => XD
)

2025-12-03 01:06:36 - POST recibido: Array
(
    [action] => save_process
    [uuid] => d07222d6-77f5-4c61-8b3b-914c10936600
    [isdraft] => 1
    [process_name] => ANÁLISIS DE CICLO DE VIDA DEL CEMENTO PORTLAND MEMORIA DE CÁLCULO BORRADOR
    [category] => Manufacturing/327 Nonmetallic Mineral Product Manufacturing
    [general_comment] => Se determinó la huella de carbono para la fabricación del cemento tipo Portland a partir de un Inventario de Ciclo de Vida (ICV), con datos obtenidos en México, y tomando como base las especificaciones de la ISO 14044. Los resultados obtenidos muestran una huella de carbono de 1.3807 kg CO2eq y una demanda acumulada de energía de 7.2930 MJeq respecto a la producción de 1 kg de cemento Portland en planta. El alcance del estudio se limita a la fabricación del cemento, cubriendo las etapas de extracción de materia prima, transporte al punto de fabricación y el proceso de fabricación per se. La unidad funcional es producir un kilogramo de cemento gris estándar terminado en planta localizada en la zona centro de México, con datos de 2009.
    [technology_description] => 
    [geo_description] => 
    [process_type] => 
    [time_desc] => 
    [version] => 01.00.000
    [valid_from] => 
    [valid_until] => 
    [project] => ACV CEMENTO
    [lci_method] => ISO 14044:2006, CML 2001 v. 4.2
    [ds_data_selection] => Criterio de corte de masa al 1%.
    [ds_data_treatment] => Las cantidades de materia prima se calcularon multiplicando la producción anual por la composición típica de clinker en México. Se asumió un 5% de yeso. El consumo energético es el promedio de dos empresas. Las distancias de transporte son promedios calculados con base en la ubicación de 34 plantas de cemento y las minas correspondientes.
    [data_collection_period] => 2009
    [ds_data_completeness] => El estudio excluye las etapas del ciclo de vida posteriores a la fabricación en planta (uso y fin de vida). La etapa de extracción de materia prima únicamente incluye el impacto por el transporte. En la matriz de inventario de las emisiones de CO2 por transporte solo se considera la cantidad de combustible consumido.
    [completeness_text] => Parcial. El inventario se enfoca en las etapas desde la cuna hasta la puerta de la fábrica (cradle-to-gate), omitiendo las fases de uso y fin de vida. Existen lagunas de datos reconocidas, especialmente para la extracción de materias primas.
    [sources_text] => [1] Instituto Mexicano de Normalización y Certificación A.C. ISO 14044:2006. NMX-SAA-14044-IMNC-2008. Gestión ambiental - Análisis del ciclo de vida - Requisitos y directrices., 2009. [2] CANACEM. Procesos de Producción, 2007. [3] CMM. Mix de Energía Eléctrica en México: Análisis de Ciclo de Vida del Mix de Producción de Electricidad. Technical report, Centro Mario Molina para Estudios Estratégicos sobre Energía y Medio Ambiente, Distrito Federal, México, 2014. [4] INEGI DENUE. Directorio Estadístico Nacional de Unidades Económicas. [5] R. B. Leighou. Chemistry of Engineering Materials. McGraw-Hill Book Company, Inc, Japón, 1953. [6] Arnaldo Cardim de Carvalho Filho. Análisis del ciclo de vida de productos derivados del cemento – Aportaciones al análisis de los inventarios del ciclo de vida del cemento. Doctorado, Universidad Politécnica de Cataluña, España, 2001. [7] Secretaría de Economía. Perfil de mercado del yeso. Technical report, Coordinación General de Minería, Dirección General de Desarrollo Minero, Distrito Federal, México, 2012. [8] Juan Pablo Chargoy Amador, Luis Angel Rosas Millán, and Diego Rodolfo Téllez Muradás. Generación de inventarios para el Análisis de Ciclo de Vida de cemento, block, bovedilla, vigueta y ladrillo en la zona centro de México. Mayor, Universidad de las Américas Puebla, 2009. [9] C. A. Espinoza. Inventario de análisis de ciclo de vida para el cemento. PhD thesis, Instituto Tecnológico y de Estudios Superiores de Monterrey, 2005. [10] CMM. Estrategias de Mitigación de Gases de Efecto Invernadero en el Sector Cemento. Technical report, Centro Mario Molina para Estudios Estratégicos sobre Energía y Medio Ambiente, Distrito Federal, México, 2008. [11] Environmental Protection Agency. Capítulo 11.6, Portland Cement Manufacturing. In Emission Factors & AP 42, Compilation of Air Pollutant Emission Factors. E.U.A., 2009. [12] Manual del Constructor CEMEX. [13] Iron and steel - Sector Profile.
    [modeling_constants] => El criterio de corte utilizado es el de masa al 1%; cualquier compuesto que represente menos del 1% de la masa total no se toma en cuenta. La producción de electricidad se basó en el mix energético nacional. Se asume que el agua requerida para la producción de cemento se toma directamente de la red.
    [access_restrictions] => 
    [copyright] => 0
    [modeller_uuid] => 
    [owner_uuid] => 
)

2025-12-03 01:06:37 - POST recibido: Array
(
)

2025-12-04 21:08:18 - POST recibido: Array
(
)

2025-12-04 21:08:31 - POST recibido: Array
(
    [action] => search_actors_and_users
    [search] => 
)

2025-12-04 21:08:34 - POST recibido: Array
(
    [action] => search_actors_and_users
    [search] => a
)

2025-12-04 21:08:35 - POST recibido: Array
(
    [action] => search_actors_and_users
    [search] => al
)

2025-12-04 21:08:35 - POST recibido: Array
(
    [action] => search_actors_and_users
    [search] => ale
)

2025-12-04 21:08:41 - POST recibido: Array
(
    [action] => search_actors_and_users
    [search] => 
)

2025-12-04 21:09:14 - POST recibido: Array
(
    [action] => search_datasets
    [search] => water
)

2025-12-04 21:09:22 - POST recibido: Array
(
    [action] => create_new_flow
    [flow_type] => input
    [process_uuid] => 676cd66e-196b-4b53-956e-572a727ab558
    [new_process_uuid] => 9485a9de-9962-4d53-a2c4-4715d94e36be
    [amount] => 1
)

2025-12-04 21:09:24 - POST recibido: Array
(
)

2025-12-04 23:50:01 - POST recibido: Array
(
)

2025-12-04 23:50:34 - POST recibido: Array
(
    [action] => save_process
    [uuid] => 2b038166-055d-4412-a264-c7ac40e61d45
    [process_name] => ACV CEMENTO ANÁLISIS DE CICLO DE VIDA DEL CEMENTO PORTLAND MEMORIA DE CÁLCULO
    [category] => Manufactura/327 Fabricación de Productos de Minerales No Metálicos
    [general_comment] => Se determinó la huella de carbono para la fabricación del cemento tipo Portland a partir de un Inventario de Ciclo de Vida (ICV), con datos obtenidos en México, y tomando como base las especificaciones de la ISO 14044. El objetivo es estimar la huella de carbono del proceso de fabricación del cemento Portland en plantas localizadas en la zona centro de México. La unidad funcional es producir un kilogramo de cemento gris estándar terminado en planta localizada en la zona centro de México, con datos de 2009. El estudio se enfoca en determinar la huella de carbono para el cemento durante las etapas de extracción de materia prima, transporte al punto de fabricación y el proceso de fabricación per se. Los resultados obtenidos muestran una huella de carbono de 1.3807 kg CO2eq y una demanda acumulada de energía de 7.2930 MJeq respecto a la producción de 1 kg de cemento Portland en planta.
    [technology_description] => 
    [geo_description] => 
    [process_type] => 
    [time_desc] => 
    [version] => 01.00.000
    [valid_from] => 
    [valid_until] => 
    [project] => Memoria de Cálculo Borrador, Centro Mario Molina
    [lci_method] => ISO 14044, CML 2001 v. 4.2
    [ds_data_selection] => El criterio de corte utilizado es el de masa al 1%. Adicionalmente, se busca determinar si existen otras variables representativas tomando como base el criterio de corte ambiental.
    [ds_data_treatment] => Las cantidades de materia prima se calcularon a partir de la producción anual y la composición típica de clinker en México. El consumo energético se calculó como el promedio de dos empresas. Las distancias de transporte se calcularon como el promedio entre las 34 plantas de cemento del país y las minas de cada materia prima.
    [data_collection_period] => 2009
    [ds_data_completeness] => El alcance se limita a la fabricación del cemento (extracción, transporte y manufactura). El resto de las etapas del ciclo de vida no son tratadas. Para la extracción de materia prima únicamente se incluye el impacto por el transporte debido a la negativa de las empresas extractoras para aportar mayor información.
    [completeness_text] => Parcial. El estudio es explícito en sus limitaciones, como la exclusión de etapas del ciclo de vida y la falta de datos primarios detallados para la etapa de extracción.
    [sources_text] => [1] Instituto Mexicano de Normalización y Certificación A.C. ISO 14044:2006. NMX-SAA-14044-IMNC-2008. Gestión ambiental – Análisis del ciclo de vida – Requisitos y directrices., 2009.
[2] CANACEM. Procesos de Producción, 2007.
[3] CMM. Mix de Energía Eléctrica en México: Análisis de Ciclo de Vida del Mix de Producción de Electricidad. Technical report, Centro Mario Molina para Estudios Estratégicos sobre Energía y Medio Ambiente, Distrito Federal, México, 2014.
[4] INEGI DENUE. Directorio Estadístico Nacional de Unidades Económicas.
[5] R. B. Leighou. Chemistry of Engineering Materials. McGraw-Hill Book Company, Inc, Japón, 1953.
[6] Arnaldo Cardim de Carvalho Filho. Análisis del ciclo de vida de productos derivados del cemento – Aportaciones al análisis de los inventarios del ciclo de vida del cemento. Doctorado, Universidad Politécnica de Cataluña, España, 2001.
[7] Secretaría de Economía. Perfil de mercado del yeso. Technical report, Coordinación General de Minería, Dirección General de Desarrollo Minero, Distrito Federal, México, 2012.
[8] Juan Pablo Chargoy Amador, Luis Angel Rosas Millán, and Diego Rodolfo Téllez Muradás. Generación de inventarios para el Análisis de Ciclo de Vida de cemento, block, bovedilla, vigueta y ladrillo en la zona centro de México. Mayor, Universidad de las Américas Puebla, 2009.
[9] C. A. Espinoza. Inventario de análisis de ciclo de vida para el cemento. PhD thesis, Instituto Tecnológico y de Estudios Superiores de Monterrey, 2005.
[10] CMM. Estrategias de Mitigación de Gases de Efecto Invernadero en el Sector Cemento. Technical report, Centro Mario Molina para Estudios Estratégicos sobre Energía y Medio Ambiente, Distrito Federal, México, 2008.
[11] Environmental Protection Agency. Capítulo 11.6, Portland Cement Manufacturing. In Emission Factors & AP 42, Compilation of Air Pollutant Emission Factors. E.U.A., 2009.
[12] Manual del Constructor CEMEX.
[13] Iron and steel - Sector Profile.
    [modeling_constants] => Criterio de corte de masa al 1%; cualquier compuesto que represente menos del 1% de la masa total no se tomará en cuenta. La producción de electricidad se basó en el mix energético nacional de México. Se asume que el agua requerida se toma directamente de la red.
    [access_restrictions] => 
    [copyright] => 0
    [modeller_uuid] => 
    [owner_uuid] => 
)

2025-12-07 06:16:43 - POST recibido: Array
(
)

2025-12-07 06:17:38 - POST recibido: Array
(
    [action] => search_datasets
    [search] => use cooking oil
)

2025-12-07 06:17:44 - POST recibido: Array
(
    [action] => search_datasets
    [search] => methanol
)

2025-12-07 06:17:49 - POST recibido: Array
(
    [action] => create_new_flow
    [flow_type] => input
    [process_uuid] => 0d8e6873-868d-46f3-852f-269c467e1f40
    [new_process_uuid] => 51284c22-cb5c-3e7d-9a8f-3508bd64a2fb
    [amount] => 1
)

2025-12-07 06:17:51 - POST recibido: Array
(
)

2025-12-07 06:18:15 - POST recibido: Array
(
)

2025-12-07 06:18:35 - POST recibido: Array
(
    [action] => search_datasets
    [search] => 
)

2025-12-07 06:18:41 - POST recibido: Array
(
    [action] => search_datasets
    [search] => 
)

2025-12-07 06:18:42 - POST recibido: Array
(
    [action] => search_datasets
    [search] => m
)

2025-12-07 06:18:42 - POST recibido: Array
(
    [action] => search_datasets
    [search] => me
)

2025-12-07 06:18:43 - POST recibido: Array
(
    [action] => search_datasets
    [search] => met
)

2025-12-07 06:18:44 - POST recibido: Array
(
    [action] => search_datasets
    [search] => metj
)

2025-12-07 06:18:44 - POST recibido: Array
(
    [action] => search_datasets
    [search] => met
)

2025-12-07 06:18:46 - POST recibido: Array
(
    [action] => search_datasets
    [search] => meth
)

2025-12-07 06:18:46 - POST recibido: Array
(
    [action] => search_datasets
    [search] => metha
)

2025-12-07 06:18:46 - POST recibido: Array
(
    [action] => search_datasets
    [search] => methan
)

2025-12-07 06:18:46 - POST recibido: Array
(
    [action] => search_datasets
    [search] => methano
)

2025-12-07 06:18:46 - POST recibido: Array
(
    [action] => search_datasets
    [search] => methanol
)

2025-12-07 06:18:58 - POST recibido: Array
(
    [action] => search_datasets
    [search] => 
)

2025-12-07 06:19:02 - POST recibido: Array
(
    [action] => search_datasets
    [search] => m
)

2025-12-07 06:19:02 - POST recibido: Array
(
    [action] => search_datasets
    [search] => me
)

2025-12-07 06:19:03 - POST recibido: Array
(
    [action] => search_datasets
    [search] => met
)

2025-12-07 06:19:03 - POST recibido: Array
(
    [action] => search_datasets
    [search] => meth
)

2025-12-07 06:19:03 - POST recibido: Array
(
    [action] => search_datasets
    [search] => metha
)

2025-12-07 06:19:03 - POST recibido: Array
(
    [action] => search_datasets
    [search] => methan
)

2025-12-07 06:19:04 - POST recibido: Array
(
    [action] => search_datasets
    [search] => methano
)

2025-12-07 06:19:04 - POST recibido: Array
(
    [action] => search_datasets
    [search] => methanol
)

2025-12-07 06:19:13 - POST recibido: Array
(
    [action] => update_flow
    [flow_type] => input
    [flow_uuid] => 1ed22a6c-f64e-43da-9bf7-05b8fd42299c
    [new_process_uuid] => ca186aba-2d4e-415e-893f-9487bc75c790
    [amount] => 80.24
)

2025-12-07 06:21:25 - POST recibido: Array
(
)

2025-12-07 06:22:19 - POST recibido: Array
(
    [action] => search_datasets
    [search] => 
)

2025-12-07 23:03:32 - POST recibido: Array
(
)

2025-12-07 23:04:04 - POST recibido: Array
(
    [action] => save_process
    [uuid] => 36e09ed5-7667-4878-b0ad-256932952214
    [isdraft] => 1
    [process_name] => ACV PISO CERÁMICO ANÁLISIS DE CICLO DE VIDA DE UN KILOGRAMO (1kg) DE LOSETAS Y AZULEJOS DE GRES PORCELÁNICO ESMALTADO Y GRES DE PASTA ROJA
    [category] => C:Manufacturing/327:Nonmetallic Mineral Product Manufacturing
    [general_comment] => Se determinó la huella de carbono y la demanda acumulada de energía durante la fabricación de un kilogramo (1 kg) de losetas y azulejos de gres porcelánico esmaltado y gres de pasta roja. Se usó como base las especificaciones de la ISO 14044. El alcance del estudio se limita al proceso de fabricación (extracción de materia prima, transporte y fabricación). La unidad funcional se definió como un kilogramo (1 kg) de losetas y azulejos. Se obtuvo como resultado para gres porcelánico esmaltado una huella de carbono de 1.036 kg CO2eq y una demanda acumulada de energía de 10.42 MJeq.
    [technology_description] => 
    [geo_description] => 
    [process_type] => 
    [time_desc] => 
    [version] => 01.00.000
    [valid_from] => 
    [valid_until] => 
    [project] => ACV PISO CERÁMICO
    [lci_method] => Análisis de Ciclo de Vida (ACV) basado en las especificaciones de la norma ISO 14044. Los impactos se calcularon con los métodos CML 2001 v. 4.2 (GWP100) y Cumulative Energy Demand v.1.0.1.
    [ds_data_selection] => El criterio de corte es de 1% por masa. Se excluye la fabricación de bienes de capital (maquinaria).
    [ds_data_treatment] => Los valores de inventario recopilados de fuentes internacionales fueron adaptados para México en cuanto al consumo energético correspondiente al proceso.
    [data_collection_period] => 
    [ds_data_completeness] => El estudio cubre las etapas de extracción de materia prima, transporte y fabricación. El resto de las etapas del ciclo de vida (uso, fin de vida) no son tratadas. Se menciona dificultad en la obtención de datos locales para el inventario.
    [completeness_text] => El inventario cubre los flujos más relevantes dentro del alcance definido, pero se basa en gran medida en datos secundarios adaptados, especialmente para las materias primas.
    [sources_text] => [1] Instituto Mexicano de Normalización y Certificación A.C. ISO 14044:2006. NMX-SAA-14044-IMNC-2008. Gestión ambiental - Análisis del ciclo de vida - Requisitos y directrices., 2009. [2] Norma Oficial Mexicana NOM-231-SSA1-2002, Artículos de alfarería vidriada, cerámica vidriada y porcelana. Límites de plomo y cadmio solubles. Método de ensayo., 2007. [3] Álvaro Guzmán A., John Torres L., Martha Cedeño V., Silvio Delvasto A., Vicente Amigó B., and Enrique Sánchez V. Fabricación de gres porcelánico empleando ceniza de tamo de arroz en sustitución del feldespato. Boletín de la Sociedad Española de Cerámica y Vidrio, 52(6):283–290, 2013. [4] F. Andreola, L. Barbiero, A. Corradi, I. Lancellotti, and T. Mandredini. Utilisation of municipal incinerator grate slag for manufacturing porcelainized stoneware tiles manufacturing. Journal of the European Ceramic Society, 22:1457-1462, 2002. [5] Omar Aguilar García, Rafael Lara Hernández, Azucena Arellano Lara, José L. Gil Vázquez, and Jaime Aguilar García. Increasing Bending Strength of Porcelain Stoneware via Pseudoboehmite Additions. Journal of Ceramics, 2014:7, 2014. [6] Javier Cuellar Lozano. Desarrollo y caracterización de un Gres porcelánico. Maestría, Universidad Autónoma de Nuevo León. [7] INEGI DENUE. Directorio Estadístico Nacional de Unidades Económicas. [8] CMM. Mix de Energía Eléctrica en México: Análisis de Ciclo de Vida del Mix de Producción de Electricidad. Technical report, Centro Mario Molina para Estudios Estratégicos sobre Energía y Medio Ambiente, Distrito Federal, México, 2014. [9] Ecoinvent database. [10] Ángel Miguel Gilabert Alvarez. Aproximación medioambiental al inventario de ciclo de vida de la baldosa de Castellón. Doctorado, Universidad de Valencia, 2007. [11] Vicentiz. Esmaltes cerámicos. Fichas Técnicas. Technical report, J.L. Vicentiz, S.L., Gatika, España, 2014. [12] Ana Luiza Maykon Cargnin, Jerônimo Folchini Salgado, Agenor Moraes Gomes, and Dachamir Hotza De Noni Junior. Estudio de caso del Análisis de Ciclo de Vida (ACV) comparativo entre la producción de gres porcelánico esmaltado (BIa) y gres de pasta roja (BIIa). Technical report, Qualicer, Castellón, España, 2012. [13] Iron and steel - Sector Profile.
    [modeling_constants] => El criterio de corte utilizado es el de masa al 1%; cualquier compuesto que represente menos del 1% de la masa total no se toma en cuenta. No se considera la fabricación de la maquinaria. Se asume el uso del proceso de molienda en húmedo y atomizado. Se utilizó el mix energético nacional de México calculado por el Centro Mario Molina.
    [access_restrictions] => 
    [copyright] => 0
    [modeller_uuid] => 
    [owner_uuid] => 
)

2025-12-07 23:04:05 - POST recibido: Array
(
)

2025-12-07 23:12:27 - POST recibido: Array
(
)

2025-12-08 00:13:52 - POST recibido: Array
(
)

2025-12-08 01:03:11 - POST recibido: Array
(
)

2025-12-08 01:04:58 - POST recibido: Array
(
)

2025-12-08 01:05:22 - POST recibido: Array
(
    [action] => delete_flow
    [flow_type] => output
    [flow_uuid] => 3d1ba80f-cdc0-4f24-8be5-24eee646b38d
)

2025-12-08 01:09:58 - POST recibido: Array
(
)

2025-12-08 01:10:04 - POST recibido: Array
(
    [action] => save_process
    [uuid] => 87fe9bec-7b6c-4ffb-8e16-ef6ef3225669
    [process_name] => ACV CEMENTO ANÁLISIS DE CICLO DE VIDA DEL CEMENTO PORTLAND MEMORIA DE CÁLCULO BORRADOR
    [category] => Manufactura/327 Fabricación de Productos de Minerales No Metálicos
    [general_comment] => Se determinó la huella de carbono para la fabricación del cemento tipo Portland a partir de un Inventario de Ciclo de Vida (ICV), con datos obtenidos en México, y tomando como base las especificaciones de la ISO 14044. El objetivo es estimar la huella de carbono del proceso de fabricación del cemento Portland en plantas localizadas en la zona centro de México. La unidad funcional es producir un kilogramo de cemento gris estándar terminado en planta localizada en la zona centro de México (datos de 2009). El alcance se limita al estudio de la fabricación del cemento tipo Portland (cradle-to-gate), enfocándose en las etapas de extracción de materia prima, transporte al punto de fabricación y el proceso de fabricación per se. Los resultados obtenidos muestran una huella de carbono de 1.3807 kg CO2eq y una demanda acumulada de energía de 7.2930 MJeq respecto a la producción de 1 kg de cemento Portland en planta.
    [technology_description] => 
    [geo_description] => 
    [process_type] => 
    [time_desc] => 
    [version] => 01.00.000
    [valid_from] => 
    [valid_until] => 
    [project] => Memoria de Cálculo, Centro Mario Molina
    [lci_method] => ISO 14044:2006, CML 2001 v. 4.2
    [ds_data_selection] => Criterio de corte de masa al 1%.
    [ds_data_treatment] => Las cantidades de materia prima se calcularon multiplicando la producción anual por la composición típica del clinker en México. Las distancias de transporte son un promedio entre 34 plantas de cemento y las minas de cada materia prima. El consumo energético es un promedio de dos empresas.
    [data_collection_period] => 2009
    [ds_data_completeness] => El estudio se enfoca en extracción, transporte y fabricación. El resto de las etapas del ciclo de vida (uso, fin de vida) no son tratadas. Para la extracción de materia prima, únicamente se incluye el impacto por el transporte. En las emisiones de CO2 por transporte solo se considera la cantidad de combustible consumido.
    [completeness_text] => Moderado. Cubre las principales etapas de producción pero reconoce limitaciones en la obtención de datos primarios específicos de planta y en el alcance de algunos flujos elementales (ej. extracción y transporte).
    [sources_text] => [1] Instituto Mexicano de Normalización y Certificación A.C. ISO 14044:2006. NMX-SAA-14044-IMNC-2008. [2] CANACEM. Procesos de Producción, 2007. [3] CMM. Mix de Energía Eléctrica en México: Análisis de Ciclo de Vida, 2014. [4] INEGI DENUE. Directorio Estadístico Nacional de Unidades Económicas. [5] R. B. Leighou. Chemistry of Engineering Materials, 1953. [6] Arnaldo Cardim de Carvalho Filho. Análisis del ciclo de vida de productos derivados del cemento, 2001. [7] Secretaría de Economía. Perfil de mercado del yeso, 2012. [8] Juan Pablo Chargoy Amador, et al. Generación de inventarios para el Análisis de Ciclo de Vida de cemento, block, bovedilla, vigueta y ladrillo en la zona centro de México, 2009. [9] C. A. Espinoza. Inventario de análisis de ciclo de vida para el cemento, 2005. [10] CMM. Estrategias de Mitigación de Gases de Efecto Invernadero en el Sector Cemento, 2008. [11] Environmental Protection Agency. Capítulo 11.6, Portland Cement Manufacturing. In Emission Factors & AP 42. [12] Manual del Constructor CEMEX. [13] Iron and steel - Sector Profile.
    [modeling_constants] => Criterio de corte de masa al 1%; cualquier compuesto que represente menos del 1% de la masa total no se toma en cuenta. La producción de electricidad se basó en el mix energético nacional. Se asume que el agua requerida se toma directamente de la red.
    [access_restrictions] => 
    [copyright] => 0
    [modeller_uuid] => 
    [owner_uuid] => 
)

2025-12-08 17:13:29 - POST recibido: Array
(
)

2025-12-08 17:14:17 - POST recibido: Array
(
    [action] => delete_flow
    [flow_type] => input
    [flow_uuid] => 1ed22a6c-f64e-43da-9bf7-05b8fd42299c
)

2025-12-08 17:14:33 - POST recibido: Array
(
    [action] => search_datasets
    [search] => methanol
)

2025-12-08 17:14:35 - POST recibido: Array
(
    [action] => create_new_flow
    [flow_type] => input
    [process_uuid] => 0d8e6873-868d-46f3-852f-269c467e1f40
    [new_process_uuid] => 51284c22-cb5c-3e7d-9a8f-3508bd64a2fb
    [amount] => 1
)

2025-12-08 17:14:36 - POST recibido: Array
(
)

2025-12-08 17:14:44 - POST recibido: Array
(
    [action] => delete_flow
    [flow_type] => input
    [flow_uuid] => 34217ec1-96b8-4446-bea4-bac799d7bc76
)

2025-12-08 17:14:48 - POST recibido: Array
(
    [action] => delete_flow
    [flow_type] => input
    [flow_uuid] => cdad6f11-6336-49cb-9da0-6494e86e3ecb
)

2025-12-08 17:15:14 - POST recibido: Array
(
    [action] => search_datasets
    [search] => 
)

2025-12-08 17:16:19 - POST recibido: Array
(
    [action] => search_datasets
    [search] => 
)

2025-12-08 17:16:28 - POST recibido: Array
(
    [action] => search_datasets
    [search] => 
)

2025-12-08 17:16:31 - POST recibido: Array
(
    [action] => search_datasets
    [search] => e
)

2025-12-08 17:16:31 - POST recibido: Array
(
    [action] => search_datasets
    [search] => el
)

2025-12-08 17:16:31 - POST recibido: Array
(
    [action] => search_datasets
    [search] => ele
)

2025-12-08 17:16:31 - POST recibido: Array
(
    [action] => search_datasets
    [search] => elec
)

2025-12-08 17:16:32 - POST recibido: Array
(
    [action] => search_datasets
    [search] => elect
)

2025-12-08 17:16:32 - POST recibido: Array
(
    [action] => search_datasets
    [search] => electr
)

2025-12-08 17:16:32 - POST recibido: Array
(
    [action] => search_datasets
    [search] => electri
)

2025-12-08 17:16:32 - POST recibido: Array
(
    [action] => search_datasets
    [search] => electric
)

2025-12-08 17:16:32 - POST recibido: Array
(
    [action] => search_datasets
    [search] => electrici
)

2025-12-08 17:16:32 - POST recibido: Array
(
    [action] => search_datasets
    [search] => electricid
)

2025-12-08 17:16:33 - POST recibido: Array
(
    [action] => search_datasets
    [search] => electricida
)

2025-12-08 17:16:33 - POST recibido: Array
(
    [action] => search_datasets
    [search] => electricidad
)

2025-12-08 17:16:34 - POST recibido: Array
(
    [action] => search_datasets
    [search] => electricida
)

2025-12-08 17:16:34 - POST recibido: Array
(
    [action] => search_datasets
    [search] => electricid
)

2025-12-08 17:16:34 - POST recibido: Array
(
    [action] => search_datasets
    [search] => electrici
)

2025-12-08 17:16:34 - POST recibido: Array
(
    [action] => search_datasets
    [search] => electric
)

2025-12-08 17:16:38 - POST recibido: Array
(
    [action] => search_datasets
    [search] => electrici
)

2025-12-08 17:16:38 - POST recibido: Array
(
    [action] => search_datasets
    [search] => electricit
)

2025-12-08 17:16:38 - POST recibido: Array
(
    [action] => search_datasets
    [search] => electricity
)

2025-12-08 17:16:42 - POST recibido: Array
(
    [action] => update_flow
    [flow_type] => input
    [flow_uuid] => a3738e8c-d258-4cfb-a733-31711fb14b9b
    [new_process_uuid] => 4f7b4f6a-b8bd-42a2-bd9a-10860eceacce
    [amount] => 5.91
)

2025-12-08 17:25:22 - POST recibido: Array
(
)

2025-12-08 17:26:09 - POST recibido: Array
(
    [action] => search_actors_and_users
    [search] => 
)

2025-12-08 17:27:10 - POST recibido: Array
(
    [action] => search_actors_and_users
    [search] => 
)

2025-12-08 17:27:18 - POST recibido: Array
(
    [action] => search_datasets
    [search] => 
)

2025-12-08 17:27:35 - POST recibido: Array
(
    [action] => save_process
    [uuid] => 01bc517d-23a7-4975-aaa1-6ba3e7dd8a90
    [isdraft] => 1
    [process_name] => EVALUACIÓN DE LOS IMPACTOS AMBIENTALES DE SISTEMAS DE GENERACIÓN DE ENERGÍA DEL OCÉANO
    [category] => Utilities/221 Electric Power Generation, Transmission and Distribution/2211 Electric Power Generation
    [general_comment] => Este estudio evalúa los impactos ambientales de cuatro dispositivos de generación de energía a partir del océano: un sistema OTEC de ciclo cerrado (conversión de energía térmica), un sistema de gradiente salino por electrodiálisis inversa (RED), un generador de corrientes de marea (SeaGen) y un generador de corrientes oceánicas (IMPULSA). Se utiliza la metodología de Análisis de Ciclo de Vida (ACV) con la metodología de evaluación de impactos ReCiPe. Se analizan 9 categorías de impacto: cambio climático, agotamiento de la capa de ozono, agotamiento de combustibles fósiles, formación de materia particulada, acidificación, toxicidad humana, ecotoxicidad marina, eutrofización marina y agotamiento de metales. Los límites del sistema incluyen la construcción, generación (para OTEC) y fin de vida de los dispositivos. La unidad funcional es 1 kWh de electricidad generada. Los resultados generales indican que los sistemas oceánicos tienen menores impactos que la generación convencional en México, pero presentan impactos comparables con otros sistemas renovables. Se identifican los procesos y materiales con mayor contribución a los impactos para cada tecnología.
    [technology_description] => 
    [geo_description] => 
    [process_type] => 
    [time_desc] => 
    [version] => 01.00.000
    [valid_from] => 0000-00-00
    [valid_until] => 0000-00-00
    [project] => Fondo CONACYT-SENER / Sustentabilidad Energética a través del Centro Mexicano de Innovación en Energías del Océano (CEMIE-Océano), número de subvención 249795.
    [lci_method] => Análisis de Ciclo de Vida conforme a ISO 14040. La evaluación de impactos se realizó con la metodología ReCiPe v1.08 (perspectiva jerárquica).
    [ds_data_selection] => Se seleccionaron cuatro sistemas de generación de energía del océano representativos de diferentes tecnologías. Se eligieron nueve categorías de impacto de la metodología ReCiPe por ser consideradas las más representativas para los sistemas evaluados.
    [ds_data_treatment] => Los datos de inventario de las fuentes bibliográficas se recopilaron y normalizaron a la unidad funcional de 1 kWh de electricidad generada durante la vida útil del dispositivo. La modelación se realizó con el software GaBi.
    [data_collection_period] => El documento fue publicado en 2019, utilizando fuentes que datan desde 1979 hasta 2019.
    [ds_data_completeness] => La etapa de construcción y fin de vida se modeló para todos los dispositivos. La etapa de generación solo se consideró para el dispositivo OTEC CC debido a la disponibilidad de datos sobre insumos. Para los otros dispositivos, los insumos de mantenimiento durante la generación no fueron considerados por falta de información.
    [completeness_text] => El estudio es una primera aproximación completa para las tecnologías seleccionadas dentro de los límites definidos, aunque se reconocen brechas de datos, particularmente en la fase de operación y mantenimiento.
    [sources_text] => Aalbers, R. R. D. (2015); Abas, N., et al. (2018); Abbasi, S.A., & Abbasi, N. (2000); Ahmadian, R., & Falconer, R. A. (2012); Al Hawari, A., et al. (2014); Allender, J. H., et al. (1978); Aluminum Association (2013); Amy, G., et al. (2017); Anaya-Durand, A., & Pedroza-Flores, H. (2008); Antón Vallejo, M. A. (2004); Asahi Glass Co. LTD; Aviña Jiménez, H. M. (2007); Banerjee, S., et al. (2013); Bárcenas Graniel, J. F. (2014); Bernal Francisco, M. (2016); Bernardoni, C. H. R. I. S. T. I. A. N., et al. (2019); Bicer, Y., et al. (2016); Bijmans, M. F. M., et al. (2012); Blunden, L. S., & Bahaj, A. S. (2007); Boehlert, G. W., & Gill, A. B. (2010); Bolaji, B. O., & Huan, Z. (2013); Bovea, M. D., et al. (2007); BP (2017); Bruciaga, W., & Escobar, C. (2016); Bullón, F. (2006); Cabello, J., et al. (2017); Cabello, R., et al. (2015); Campos Hernández, A. (2017); Cemie océano (2017); Central Intelligence Agency (2016); Clark, R. H. (2007); Cook, J., et al. (2016); Daniilidis, A., et al. (2014); De la Garza Cuevas, C. F. (2016); Dessne, P., et al. (2015); Devault, D. A., & Péné-Annette, A. (2017); Devecioğlu, A. G., & Oruç, V. (2015); Douglas, C. A., et al. (2008); Douziech, M., et al. (2016); Dufour, J. (2016); EC (2006, 2014); ECB (2014); Ecotricity (2017); EFMA (2000); EMEC (2017); Energy, B. (2014); Equimar (2010); Estévez, I., et al. (2014); F. George, J, et al. (1979); Falnes, J., & Løvseth, J. (1991); Fernández Díez, P. (2008); Ferrari, I. (2008); Frischknecht, R., & Jolliet, O. (2016); García Huante, A. (2015); Garduño Ruiz, E. P., et al. (2017); Garza Cuevas, C. F. de la (2016); Gastelum Zepeda, L. (2017); Gavankar, S., et al. (2015); George, J. F., et al. (1979); GOB (2015); Goedkoop, M., et al. (2009); Goldman, A. (2012); Grall, J., & Chauvaud, L. (2002); GreenHouse Gas Protocol (2016); Güereca L.P (2014, 2006); Güler, E., et al. (2014); Güney, M. S., & Kaygusuz, K. (2010); Hans Chr., S., et al. (2007); Hill, W. (2003); Hiriart Le Bert, G. (2009); Hong, J. G., & Chen, Y. (2014); Hubbert, M. K. (1949); IEA (2016); INEEL (2016); ISO (2006); Khan, N., et al. (2017); Knoeri, C., et al. (2013); LAERFTE (2013); LTE (2015); Li, D., et al. (2017); Li, Y., & Pan, D. Z. (2017); Llopis Doménech, R., et al.; López G. José (2011); Maina, P., & Huan, Z. (2015); Mariño, I., et al. (2017); Meegahapola, L., et al. (2007); Meghwar, A., et al. (2017); Miller, R. R., et al. (1994); Mistry, M., et al. (2016); Moriarty, P., & Honnery, D. (2012); Muetze, A., & Vining, J. G. (2006); Nasir Mehmood, Z. L., & Khan, J. (2012); News direct (2013); Norris, J. V., & Droniou, E. (2007); ORECCA (2011); Outcalt, S. L., & McLinden, M. O. (1996); Papadakis, G. (2006); Papapetrou, M., & Kumpavat, K. (2016); Parker, R. P. M., et al. (2007); Pattle, R. E. (1954); Pelc, R., & Fujita, R. M. (2002); Piccinno, F., et al. (2016); Pinder, R. W., et al. (2008); Post, J. W., et al. (2010); Power Technology (2019); PRé (2012); Quinby-Hunt, M. S., et al. (1986, 1987); Raventos, A., et al. (2010); Ramsey, D., et al. (2014); REA power (2014); Romero, B. (2003); Rourke, F. O., et al. (2010); Rule, B. M., et al. (2009); SALAET FERNÁNDEZ, S. T. É. P. H. A. N. E., & ROCA JUSMET, J. O. R. D. I. (2010); Sánchez, D., et al. (2017); Sangiuliano, S. J. (2017); Sangjo Han (2013); SEMARNAT (2002, 2014, 2015); SENER (2013, 2015, 2017, 2018); SETAC, U. (2016); Simon, B., et al. (2016); Solomon, S. (1999); Soerensen, H. C., & Weinstein, A. (2008); Student energy (2015); Tedesco, M., et al. (2017); Thomson, R. C., et al. (2019); Tidal power (2012); TM (2017); Uihlein, A. (2016); Uihlein, A., & Magagna, D. (2016); UNEP (2016); Valdés Aragonés, I. (2014); Vallejo, S. & Sánchez, C. (2015); Veerman, J., et al. (2009, 2010); Vega, L. A. (2012); Vega, L. A., & Michaelis, D. (2010); Vermaas, D. A., et al. (2011); Viola, A., et al. (2015); Walker, S., & Howell, R. (2011); Walker, S., et al. (2015); Weckert, M. (2008); Yang, X. (2013); Yañez, G. (2014); Yoon, J. I., et al. (2014, 2017); Zhai, Q., et al. (2018).
    [modeling_constants] => El estudio considera a México como límite geográfico, pero utiliza datos internacionales por falta de información local. Las etapas consideradas son construcción, generación y fin de vida. Se utilizó un periodo de referencia de 30 años para la comparación. La perspectiva de evaluación de impacto es la jerárquica (100 años).
    [access_restrictions] => PROHIBIDA SU REPRODUCCIÓN TOTAL O PARCIAL. El material está protegido por la Ley Federal del Derecho de Autor de México. El uso de imágenes, fragmentos de videos y demás material protegido será exclusivamente para fines educativos e informativos, debiendo citar la fuente y el autor. Cualquier uso distinto como lucro, reproducción, edición o modificación será perseguido y sancionado.
    [copyright] => 0
    [modeller_uuid] => 
    [owner_uuid] => 
)

2025-12-08 17:27:37 - POST recibido: Array
(
)

2025-12-08 17:27:50 - POST recibido: Array
(
)

2025-12-08 17:27:59 - POST recibido: Array
(
)

2025-12-08 17:55:52 - POST recibido: Array
(
)

2025-12-08 17:56:27 - POST recibido: Array
(
    [action] => search_datasets
    [search] => 
)

2025-12-08 17:56:29 - POST recibido: Array
(
    [action] => search_datasets
    [search] => w
)

2025-12-08 17:56:29 - POST recibido: Array
(
    [action] => search_datasets
    [search] => wa
)

2025-12-08 17:56:30 - POST recibido: Array
(
    [action] => search_datasets
    [search] => wat
)

2025-12-08 17:56:30 - POST recibido: Array
(
    [action] => search_datasets
    [search] => wate
)

2025-12-08 17:56:30 - POST recibido: Array
(
    [action] => search_datasets
    [search] => water
)

2025-12-08 17:56:30 - POST recibido: Array
(
    [action] => search_datasets
    [search] => water 
)

2025-12-08 17:56:30 - POST recibido: Array
(
    [action] => search_datasets
    [search] => water w
)

2025-12-08 17:56:32 - POST recibido: Array
(
    [action] => search_datasets
    [search] => water 
)

2025-12-08 17:56:49 - POST recibido: Array
(
    [action] => search_datasets
    [search] => water
)

2025-12-08 17:56:54 - POST recibido: Array
(
    [action] => update_flow
    [flow_type] => input
    [flow_uuid] => 67f16db4-9b3d-4037-9ae2-1706f88538df
    [new_process_uuid] => 9966694d-0c43-42f7-9b3b-b1f238a2f4ef
    [amount] => 31500
)

2025-12-08 17:57:27 - POST recibido: Array
(
    [action] => save_process
    [uuid] => f48d7c2b-364e-439d-a335-077c1d60e33e
    [isdraft] => 1
    [process_name] => Análisis de Ciclo de Vida comparativo de pavimentos en la Ciudad de México
    [category] => Construction/237 Civil Engineering Construction/2373 Highway, Street, and Bridge Construction
    [general_comment] => El objetivo de este trabajo de tesis es cuantificar y analizar los impactos ambientales de tres distintos métodos de tratamientos de rehabilitación de carpetas asfálticas propuestos para las vialidades de la red primaria de la Ciudad de México (CDMX) y compararlos con el procedimiento actual para determinar la factibilidad de la introducción de alternativas distintas de rehabilitación con base en un enfoque de Análisis de Ciclo de Vida (ACV), basado en las Normas ISO 14040 y 14044. El cumplimiento de este objetivo busca el mejoramiento en la eficiencia y el desempeño ambiental de los procesos de obras en la CDMX, trabajando así, hacia los objetivos de desarrollo sostenible planteados por Naciones Unidas y favoreciendo la economía circular. Cada uno de los cuatro distintos métodos de rehabilitación analizados en este documento se denominan escenarios. El Escenario Base (cero) representa la forma actual de rehabilitación de carpetas en la CDMX: un fresado parcial de la carpeta asfáltica y reencarpetado de siete centímetros de profundidad. La Unidad Funcional se define como la rehabilitación de la carpeta asfáltica de 1 km-carril de vialidad principal de la Ciudad de México con 3.5 metros de ancho, sin curvas, salidas o incorporaciones y durante un período de estudio de 30 años. El alcance de los sistemas toma en cuenta todo el Ciclo de Vida de la rehabilitación de la carpeta: desde la primera extracción de materias primas, hasta la última remoción y disposición final del material residual de la carpeta 30 años después, tomando como punto de partida para todos los escenarios la existencia previa de una vialidad con daños en toda la profundidad de la carpeta asfáltica. De los cuatro sistemas evaluados se observó que el Escenario Base obtuvo el peor desempeño ambiental para todas las categorías de impacto evaluadas, debido principalmente a su corta vida útil.
    [technology_description] => 
    [geo_description] => 
    [process_type] => 
    [time_desc] => 
    [version] => 01.00.000
    [valid_from] => 
    [valid_until] => 
    [project] => Tesis para obtener el título de Ingeniero Civil
    [lci_method] => Análisis de Ciclo de Vida (ACV) basado en las normas ISO 14040 e ISO 14044. La metodología de evaluación de impacto es ReCiPe (punto medio).
    [ds_data_selection] => Se seleccionaron siete categorías de impacto relevantes para pavimentos: Cambio climático, acidificación terrestre, formación de oxidantes fotoquímicos, agotamiento de recursos fósiles, toxicidad humana, eutrofización de agua dulce y agotamiento de recursos hídricos. Los flujos de la fase de uso vehicular se excluyen por ser constantes en todos los escenarios.
    [ds_data_treatment] => Los datos de inventario se calcularon y normalizaron para la unidad funcional definida (1 km-carril sobre un periodo de 30 años). Se realizaron balances de materia y energía. Para el ACCV, los costos futuros se llevaron a Valor Presente Neto (VPN) usando una tasa de descuento.
    [data_collection_period] => La tesis fue publicada en 2021, utilizando datos de fuentes que van aproximadamente desde 2004 hasta 2020.
    [ds_data_completeness] => Se cubre el ciclo de vida completo desde la extracción de materias primas hasta la disposición final. Se excluyen las emisiones de la fase de uso de vehículos. Se excluye el pilar social del ACV.
    [completeness_text] => El estudio es completo para los pilares ambiental y económico dentro del alcance definido. El pilar social no fue incluido.
    [sources_text] => APA. (2011). LIFE-CYCLE COST ANALYSIS: A POSITION PAPER. Arquitec. (2016). Petrolizadoras. 4(1), 64–75. Banxico. (2020). Tasas de Inflación. Basso, D. (n.d.). Máquina fresadora de pavimentos. Butt, A. A. (2012). Life Cycle Assessment of Asphalt Pavements including the Feedstock Energy and Asphalt Additives. Caballero Güereca, C. E. (2020). Apéndice 1: Encuesta de evaluación de softwares de análisis de ciclo de vida. Caterpillar. (2009). Compactadores de suelos vibratorios Cs44 cp44. Caterpillar. (2010). PS150C. Diario de la Federacion. (2013). Ley general del equilibrio ecológico y protección del medio ambiente. Díaz Infante de la Mora, L. A. (2018). Curso de edificación (3a ed.). Doka, G. (2003). Life Cycle Inventories of Waste Treatment Services. Ecoinvent Report No. 13. Expansión. (2021). México baja sus tipos de interés. García, J. (2012). Petrolizadoras. Garnica, P., et al. (2004). Aspectos del diseño volumétrico de mezclas asfálticas. Giani, M. I., et al. (2015). Comparative life cycle assessment of asphalt pavements using reclaimed asphalt, warm mix technology and cold in-place recycling. Goedkoop, M. J., et al. (2013). Category indicators at the midpoint and the endpoint level ReCiPe 2008. GreenDelta. (2020). openLCA. Grupo Selome S.A. de C.V. (2009). MIA Regional, Carretera México-Tuxpan. Güereca, L. P. (2006). Desarrollo de una metodología para la valoración en el Análisis del Ciclo de Vida aplicada a la gestión integral de residuos municipales. Güereca, L. P., et al. (2014, October). Evaluación comparativa de los impactos ambientales de dos tipos de pavimentos. HAMM. (n.d.). Compactador con tambor liso Compactadores Serie 3000. Hasan, U., et al. (2020). Life cycle assessment of roadworks in United Arab Emirates. Hernández-Michaca, J. L., et al. (2001). Impacto ambiental de proyectos carreteros. ifu Hamburg. (2020). Umberto LCA+. Instituto Nacional de Estadística y Geografía. (2016). Síntesis metodológica de la Estadística de vehículos de motor registrados en circulación. ISO. (2006). ISO 14040-Environmental management - Life Cycle Assessment - Principles and Framework. Jelse, K., et al. (2009). Life Cycle Assessment of consumer packaging for liquid food. Ma, F., et al. (2020). Life cycle assessment of greenhouse gas emissions from asphalt pavement maintenance. Maquinarias-Pesadas. (2010). Tablas rendimiento, consumo combustible, costo maquinaria pesada. Mavis, J. (2003). Water Use in Industries of the Future: Mining Industry. Miranda-Rebolledo, R. (2010). Deterioros en pavimentos flexibles y rígidos. Molina, L. T., et al. (2009). Air quality, weather and climate in Mexico City. Mroueh, U.-M., et al. (2000). Life cycle assessment of Road construction. MS Motorservice International. (2014). Consumo y pérdida de aceite. N. Hernandez-Fernandez, et al. (2019). LCA Consortium for a road environmental-friendly infrastructure in Mexico City. Pantini, S., et al. (2018). Towards resource-efficient management of asphalt waste in Lombardy region (Italy). Peralta, O., et al. (2021). Ozone over Mexico City during the COVID-19 pandemic. PRé. (2020). SimaPro. PROFEPA. (2019). Manifestación de Impacto Ambiental. Santero, N., et al. (2010). Life Cycle Assessment of Pavements: A Critical Review of Existing Literature and Research. Santos, J., et al. (2018). Life cycle assessment of low temperature asphalt mixtures for road pavement surfaces. Schlegel, T., et al. (2016). The limits of partial life cycle assessment studies in road construction practices. SCT. (2006). CMT. CARACTERÍSTICAS DE LOS MATERIALES. MATERIALES PARA PAVIMENTOS. SCT. (2017). CATÁLOGO DE SECCIONES ESTRUCTURALES DEPAVIMENTOS PARA LASCARRETERAS DE LA REPÚBLICA MEXICANA. SCT. (2019). Tabulador De Precios Referenciales a Costo Directo. thinkstep. (2020). GaBi. Tokede, O. O., et al. (2020). Life cycle assessment of asphalt variants in infrastructures. United Nations. (2018). World Urbanization Prospects. Vidal, R., et al. (2013). Life cycle assessment of hot mix asphalt and zeolite-based warm mix asphalt with reclaimed asphalt pavement. WIRTGEN Group. (2019). Binding agent spreader SW 18 SC / SW 18 SC i. WIRTGEN Group. (2020a). Cold Recyclers and Soil Stabilizers WR Series. WIRTGEN Group. (2020b). Productos.
    [modeling_constants] => Período de análisis: 30 años. Unidad Funcional: rehabilitación de 1 km-carril de 3.5 m de ancho. Vida útil del Escenario Base: 3 años. Tasa de descuento para ACCV: 4%. Se excluyen las emisiones de la fase de uso por vehículos y los impactos por afectación a la circulación.
    [access_restrictions] => El uso de imágenes, fragmentos de videos, y demás material que sea objeto de protección de los derechos de autor, será exclusivamente para fines educativos e informativos y deberá citar la fuente donde la obtuvo mencionando el autor o autores. Cualquier uso distinto como el lucro, reproducción, edición o modificación, será perseguido y sancionado por el respectivo titular de los Derechos de Autor.
    [copyright] => 0
    [modeller_uuid] => 
    [owner_uuid] => 
)

2025-12-08 17:57:28 - POST recibido: Array
(
)

2025-12-08 18:16:35 - POST recibido: Array
(
)

2025-12-08 18:16:42 - POST recibido: Array
(
    [action] => search_datasets
    [search] => 
)

2025-12-08 18:16:53 - POST recibido: Array
(
)

2025-12-08 18:17:35 - POST recibido: Array
(
    [action] => search_datasets
    [search] => 
)

2025-12-08 18:52:31 - POST recibido: Array
(
)

2025-12-08 19:01:43 - POST recibido: Array
(
)

2025-12-08 19:36:28 - POST recibido: Array
(
)

2025-12-08 19:39:07 - POST recibido: Array
(
)

2025-12-08 19:52:51 - POST recibido: Array
(
    [action] => save_process
    [uuid] => 6a130217-485d-4c65-a947-a9653fc1dd14
    [process_name] => PRUEBA CV
    [category] => Manufactura/327 Fabricación de Productos de Minerales No Metálicos/327310 Fabricación de Cemento
    [general_comment] => Se determinó la huella de carbono para la fabricación del cemento tipo Portland a partir de un Inventario de Ciclo de Vida (ICV), con datos obtenidos en México, y tomando como base las especificaciones de la ISO 14044. El estudio se enfoca en determinar la huella de carbono para el cemento durante las etapas de extracción de materia prima, transporte al punto de fabricación y el proceso de fabricación per se (cradle-to-gate). La unidad funcional es producir un kilogramo de cemento gris estándar terminado en planta localizada en la zona centro de México, con datos de 2009. Los resultados obtenidos muestran una huella de carbono de 1.3807 kg CO2eq y una demanda acumulada de energía de 7.2930 MJeq respecto a la producción de 1 kg de cemento Portland en planta.
    [technology_description] => 
    [geo_description] => 
    [process_type] => 
    [time_desc] => 
    [version] => 01.00.000
    [valid_from] => 
    [valid_until] => 
    [project] => Estudio realizado por el Centro Mario Molina
    [lci_method] => ISO 14044:2006, CML 2001 v. 4.2
    [ds_data_selection] => El criterio de corte utilizado es el de masa al 1%; cualquier compuesto que represente menos del 1% de la masa total no se tomó en cuenta.
    [ds_data_treatment] => Los datos de consumo energético son un promedio de dos empresas. Las distancias de transporte son un promedio entre la ubicación de 34 plantas de cemento y las minas de cada materia prima.
    [data_collection_period] => 2009
    [ds_data_completeness] => El estudio presenta limitaciones en la etapa de extracción de materias primas debido a la negativa de las empresas a aportar información. En la matriz de inventario de las emisiones de CO2 por transporte solo se considera la cantidad de combustible consumido, no el ciclo de vida completo del transporte.
    [completeness_text] => El inventario es representativo para el proceso de fabricación, pero incompleto para las etapas de extracción de materia prima y transporte debido a la falta de datos primarios.
    [sources_text] => Array
    [modeling_constants] => El criterio de corte utilizado es el de masa al 1%. La producción de electricidad se basó en el mix energético nacional. Se asume que el agua requerida para la producción de cemento se toma directamente de la red. Se asume que el cemento contiene un cinco por ciento de yeso.
    [access_restrictions] => 
    [copyright] => 0
    [modeller_uuid] => 
    [owner_uuid] => 
)

2025-12-08 19:55:08 - POST recibido: Array
(
)

2025-12-08 19:55:20 - POST recibido: Array
(
    [action] => save_process
    [uuid] => 9dde7b82-7b3f-45fa-b782-0fd50cf73f2c
    [process_name] => TESIS ACV
    [category] => Manufactura/325611 Fabricación de jabones y otros detergentes
    [general_comment] => Esta tesis plantea una alternativa a los problemas del ACV tradicional, proponiendo una metodología (MARCO: Metodología de ACV Rápido para la Comparación de Impacto Ambiental) aplicable a cualquier organización para evaluar impactos ambientales de productos con enfoque de ciclo de vida y la generación de un software de apoyo para la selección de insumos. La metodología se conforma de cuatro etapas: 1) Decisiones metodológicas basadas en ACV (objetivo y alcance, límites, unidad funcional, categorías de impacto); 2) Recopilación de información de insumos; 3) Desarrollo de un software de evaluación; 4) Validación y reporte. Como caso de estudio, se aplicó en la fábrica de billetes del Banco de México para evaluar el impacto ambiental de insumos. La unidad funcional es 1 kg de insumo adquirido. El alcance es de la cuna a la puerta, incluyendo la manufactura de materias primas y el transporte. Se evaluaron cuatro categorías de impacto: cambio climático, acidificación terrestre, eutrofización de agua dulce y formación de oxidantes fotoquímicos.
    [technology_description] => 
    [geo_description] => 
    [process_type] => 
    [time_desc] => 
    [version] => 01.00.000
    [valid_from] => 
    [valid_until] => 
    [project] => Tesis para optar por el grado de Maestro en Ingeniería, Universidad Nacional Autónoma de México.
    [lci_method] => Análisis de Ciclo de Vida Simplificado (Streamlined LCA) basado en ISO 14040/14044. Método de evaluación de impacto: ReCiPe v1.08 (Perspectiva jerárquica H, 100 años).
    [ds_data_selection] => Los insumos y componentes fueron seleccionados en base a los requerimientos del caso de estudio (Banco de México). Para los datos de inventario, se seleccionaron procesos de ecoinvent v3.3 que representaran de la mejor manera posible la tecnología de producción actual, utilizando preferentemente módulos globales dada la diversa procedencia de los insumos.
    [ds_data_treatment] => La información de inventarios de la literatura fue escalada para cumplir con la unidad funcional de 1 kg del componente modelado. Los datos fueron procesados para obtener factores de caracterización para las cuatro categorías de impacto seleccionadas usando el método ReCiPe.
    [data_collection_period] => El estudio se realizó en 2017, utilizando la versión 3.3 de la base de datos ecoinvent, que contiene datos representativos de los años cercanos a ese período.
    [ds_data_completeness] => Se empleó información de bases de datos para cubrir aproximadamente el 99% de la información requerida. Se realizó modelado específico para 10 componentes clave que no se encontraron en las bases de datos para completar el inventario.
    [completeness_text] => El estudio es completo para su propósito de evaluación comparativa rápida. Sin embargo, al ser un ACV simplificado, se excluyen las etapas de uso y fin de vida y se limita el análisis a cuatro categorías de impacto, por lo que no cubre todos los impactos ambientales potenciales.
    [sources_text] => Array
    [modeling_constants] => El alcance del sistema es 'de la cuna a la puerta', incluyendo la extracción de materias primas, manufactura de componentes y el transporte hasta la organización. La unidad funcional es '1 kg de insumo adquirido'. Se emplearon módulos globales de la base de datos ecoinvent v3.3. Se consideraron cuatro categorías de impacto: Cambio Climático (CC), Eutrofización de agua dulce (EAD), Acidificación terrestre (AT) y Formación de oxidantes fotoquímicos (FOF).
    [access_restrictions] => 0
    [copyright] => 0
    [modeller_uuid] => 
    [owner_uuid] => 
)

2025-12-08 20:41:22 - POST recibido: Array
(
)

2025-12-08 20:41:52 - POST recibido: Array
(
    [action] => search_datasets
    [search] => 
)

2025-12-08 20:41:54 - POST recibido: Array
(
    [action] => search_datasets
    [search] => r
)

2025-12-08 20:41:54 - POST recibido: Array
(
    [action] => search_datasets
    [search] => 
)

2025-12-08 20:41:54 - POST recibido: Array
(
    [action] => search_datasets
    [search] => t
)

2025-12-08 20:41:54 - POST recibido: Array
(
    [action] => search_datasets
    [search] => tr
)

2025-12-08 20:41:55 - POST recibido: Array
(
    [action] => search_datasets
    [search] => tra
)

2025-12-08 20:41:55 - POST recibido: Array
(
    [action] => search_datasets
    [search] => tran
)

2025-12-08 20:41:55 - POST recibido: Array
(
    [action] => search_datasets
    [search] => trans
)

2025-12-08 20:41:56 - POST recibido: Array
(
    [action] => search_datasets
    [search] => transp
)

2025-12-08 20:41:56 - POST recibido: Array
(
    [action] => search_datasets
    [search] => transpo
)

2025-12-08 20:41:56 - POST recibido: Array
(
    [action] => search_datasets
    [search] => transpor
)

2025-12-08 20:41:56 - POST recibido: Array
(
    [action] => search_datasets
    [search] => transport
)

2025-12-08 20:41:56 - POST recibido: Array
(
    [action] => search_datasets
    [search] => transport 
)

2025-12-08 20:41:57 - POST recibido: Array
(
    [action] => search_datasets
    [search] => transport
)

2025-12-08 20:42:12 - POST recibido: Array
(
    [action] => update_flow
    [flow_type] => input
    [flow_uuid] => da386bac-b9b8-4da1-9f4e-4eba0de2f7a6
    [new_process_uuid] => 8fdea55d-fcd6-4c87-976c-af961beabdba
    [amount] => 1232020.6
)

2025-12-08 22:50:18 - POST recibido: Array
(
)

2025-12-08 22:50:21 - POST recibido: Array
(
    [action] => save_process
    [uuid] => f48d7c2b-364e-439d-a335-077c1d60e33e
    [process_name] => Análisis de Ciclo de Vida comparativo de pavimentos en la Ciudad de México
    [category] => Construction/237 Civil Engineering Construction/2373 Highway, Street, and Bridge Construction
    [general_comment] => El objetivo de este trabajo de tesis es cuantificar y analizar los impactos ambientales de tres distintos métodos de tratamientos de rehabilitación de carpetas asfálticas propuestos para las vialidades de la red primaria de la Ciudad de México (CDMX) y compararlos con el procedimiento actual para determinar la factibilidad de la introducción de alternativas distintas de rehabilitación con base en un enfoque de Análisis de Ciclo de Vida (ACV), basado en las Normas ISO 14040 y 14044. El cumplimiento de este objetivo busca el mejoramiento en la eficiencia y el desempeño ambiental de los procesos de obras en la CDMX, trabajando así, hacia los objetivos de desarrollo sostenible planteados por Naciones Unidas y favoreciendo la economía circular. Cada uno de los cuatro distintos métodos de rehabilitación analizados en este documento se denominan escenarios. El Escenario Base (cero) representa la forma actual de rehabilitación de carpetas en la CDMX: un fresado parcial de la carpeta asfáltica y reencarpetado de siete centímetros de profundidad. La Unidad Funcional se define como la rehabilitación de la carpeta asfáltica de 1 km-carril de vialidad principal de la Ciudad de México con 3.5 metros de ancho, sin curvas, salidas o incorporaciones y durante un período de estudio de 30 años. El alcance de los sistemas toma en cuenta todo el Ciclo de Vida de la rehabilitación de la carpeta: desde la primera extracción de materias primas, hasta la última remoción y disposición final del material residual de la carpeta 30 años después, tomando como punto de partida para todos los escenarios la existencia previa de una vialidad con daños en toda la profundidad de la carpeta asfáltica. De los cuatro sistemas evaluados se observó que el Escenario Base obtuvo el peor desempeño ambiental para todas las categorías de impacto evaluadas, debido principalmente a su corta vida útil.
    [technology_description] => 
    [geo_description] => 
    [process_type] => 
    [time_desc] => 
    [version] => 01.00.000
    [valid_from] => 0000-00-00
    [valid_until] => 0000-00-00
    [project] => Tesis para obtener el título de Ingeniero Civil
    [lci_method] => Análisis de Ciclo de Vida (ACV) basado en las normas ISO 14040 e ISO 14044. La metodología de evaluación de impacto es ReCiPe (punto medio).
    [ds_data_selection] => Se seleccionaron siete categorías de impacto relevantes para pavimentos: Cambio climático, acidificación terrestre, formación de oxidantes fotoquímicos, agotamiento de recursos fósiles, toxicidad humana, eutrofización de agua dulce y agotamiento de recursos hídricos. Los flujos de la fase de uso vehicular se excluyen por ser constantes en todos los escenarios.
    [ds_data_treatment] => Los datos de inventario se calcularon y normalizaron para la unidad funcional definida (1 km-carril sobre un periodo de 30 años). Se realizaron balances de materia y energía. Para el ACCV, los costos futuros se llevaron a Valor Presente Neto (VPN) usando una tasa de descuento.
    [data_collection_period] => La tesis fue publicada en 2021, utilizando datos de fuentes que van aproximadamente desde 2004 hasta 2020.
    [ds_data_completeness] => Se cubre el ciclo de vida completo desde la extracción de materias primas hasta la disposición final. Se excluyen las emisiones de la fase de uso de vehículos. Se excluye el pilar social del ACV.
    [completeness_text] => El estudio es completo para los pilares ambiental y económico dentro del alcance definido. El pilar social no fue incluido.
    [sources_text] => APA. (2011). LIFE-CYCLE COST ANALYSIS: A POSITION PAPER. Arquitec. (2016). Petrolizadoras. 4(1), 64–75. Banxico. (2020). Tasas de Inflación. Basso, D. (n.d.). Máquina fresadora de pavimentos. Butt, A. A. (2012). Life Cycle Assessment of Asphalt Pavements including the Feedstock Energy and Asphalt Additives. Caballero Güereca, C. E. (2020). Apéndice 1: Encuesta de evaluación de softwares de análisis de ciclo de vida. Caterpillar. (2009). Compactadores de suelos vibratorios Cs44 cp44. Caterpillar. (2010). PS150C. Diario de la Federacion. (2013). Ley general del equilibrio ecológico y protección del medio ambiente. Díaz Infante de la Mora, L. A. (2018). Curso de edificación (3a ed.). Doka, G. (2003). Life Cycle Inventories of Waste Treatment Services. Ecoinvent Report No. 13. Expansión. (2021). México baja sus tipos de interés. García, J. (2012). Petrolizadoras. Garnica, P., et al. (2004). Aspectos del diseño volumétrico de mezclas asfálticas. Giani, M. I., et al. (2015). Comparative life cycle assessment of asphalt pavements using reclaimed asphalt, warm mix technology and cold in-place recycling. Goedkoop, M. J., et al. (2013). Category indicators at the midpoint and the endpoint level ReCiPe 2008. GreenDelta. (2020). openLCA. Grupo Selome S.A. de C.V. (2009). MIA Regional, Carretera México-Tuxpan. Güereca, L. P. (2006). Desarrollo de una metodología para la valoración en el Análisis del Ciclo de Vida aplicada a la gestión integral de residuos municipales. Güereca, L. P., et al. (2014, October). Evaluación comparativa de los impactos ambientales de dos tipos de pavimentos. HAMM. (n.d.). Compactador con tambor liso Compactadores Serie 3000. Hasan, U., et al. (2020). Life cycle assessment of roadworks in United Arab Emirates. Hernández-Michaca, J. L., et al. (2001). Impacto ambiental de proyectos carreteros. ifu Hamburg. (2020). Umberto LCA+. Instituto Nacional de Estadística y Geografía. (2016). Síntesis metodológica de la Estadística de vehículos de motor registrados en circulación. ISO. (2006). ISO 14040-Environmental management - Life Cycle Assessment - Principles and Framework. Jelse, K., et al. (2009). Life Cycle Assessment of consumer packaging for liquid food. Ma, F., et al. (2020). Life cycle assessment of greenhouse gas emissions from asphalt pavement maintenance. Maquinarias-Pesadas. (2010). Tablas rendimiento, consumo combustible, costo maquinaria pesada. Mavis, J. (2003). Water Use in Industries of the Future: Mining Industry. Miranda-Rebolledo, R. (2010). Deterioros en pavimentos flexibles y rígidos. Molina, L. T., et al. (2009). Air quality, weather and climate in Mexico City. Mroueh, U.-M., et al. (2000). Life cycle assessment of Road construction. MS Motorservice International. (2014). Consumo y pérdida de aceite. N. Hernandez-Fernandez, et al. (2019). LCA Consortium for a road environmental-friendly infrastructure in Mexico City. Pantini, S., et al. (2018). Towards resource-efficient management of asphalt waste in Lombardy region (Italy). Peralta, O., et al. (2021). Ozone over Mexico City during the COVID-19 pandemic. PRé. (2020). SimaPro. PROFEPA. (2019). Manifestación de Impacto Ambiental. Santero, N., et al. (2010). Life Cycle Assessment of Pavements: A Critical Review of Existing Literature and Research. Santos, J., et al. (2018). Life cycle assessment of low temperature asphalt mixtures for road pavement surfaces. Schlegel, T., et al. (2016). The limits of partial life cycle assessment studies in road construction practices. SCT. (2006). CMT. CARACTERÍSTICAS DE LOS MATERIALES. MATERIALES PARA PAVIMENTOS. SCT. (2017). CATÁLOGO DE SECCIONES ESTRUCTURALES DEPAVIMENTOS PARA LASCARRETERAS DE LA REPÚBLICA MEXICANA. SCT. (2019). Tabulador De Precios Referenciales a Costo Directo. thinkstep. (2020). GaBi. Tokede, O. O., et al. (2020). Life cycle assessment of asphalt variants in infrastructures. United Nations. (2018). World Urbanization Prospects. Vidal, R., et al. (2013). Life cycle assessment of hot mix asphalt and zeolite-based warm mix asphalt with reclaimed asphalt pavement. WIRTGEN Group. (2019). Binding agent spreader SW 18 SC / SW 18 SC i. WIRTGEN Group. (2020a). Cold Recyclers and Soil Stabilizers WR Series. WIRTGEN Group. (2020b). Productos.
    [modeling_constants] => Período de análisis: 30 años. Unidad Funcional: rehabilitación de 1 km-carril de 3.5 m de ancho. Vida útil del Escenario Base: 3 años. Tasa de descuento para ACCV: 4%. Se excluyen las emisiones de la fase de uso por vehículos y los impactos por afectación a la circulación.
    [access_restrictions] => El uso de imágenes, fragmentos de videos, y demás material que sea objeto de protección de los derechos de autor, será exclusivamente para fines educativos e informativos y deberá citar la fuente donde la obtuvo mencionando el autor o autores. Cualquier uso distinto como el lucro, reproducción, edición o modificación, será perseguido y sancionado por el respectivo titular de los Derechos de Autor.
    [copyright] => 0
    [modeller_uuid] => 
    [owner_uuid] => 
)

2025-12-09 20:37:34 - POST recibido: Array
(
)

2025-12-09 20:37:42 - POST recibido: Array
(
    [action] => search_datasets
    [search] => 
)

2025-12-09 20:37:49 - POST recibido: Array
(
    [action] => update_flow
    [flow_type] => input
    [flow_uuid] => 55d0db78-9a20-4358-9ddd-09c9f8d32f78
    [new_process_uuid] => d91a8124-8ddc-4a87-b593-596ccbe5889d
    [amount] => 15.24
)

2025-12-09 21:09:19 - POST recibido: Array
(
)

2025-12-12 01:19:01 - POST recibido: Array
(
)

2025-12-12 01:20:04 - POST recibido: Array
(
    [action] => save_process
    [uuid] => 0880fc3b-a27b-407a-a912-a9b75207d359
    [process_name] => ACV CEMENTO ANÁLISIS DE CICLO DE VIDA DEL CEMENTO PORTLAND MEMORIA DE CÁLCULO BORRADOR
    [category] => Manufactura/327 Fabricación de productos minerales no metálicos
    [general_comment] => Se determinó la huella de carbono para la fabricación del cemento tipo Portland a partir de un Inventario de Ciclo de Vida (ICV), con datos obtenidos en México, y tomando como base las especificaciones de la ISO 14044. El estudio se enfoca en determinar la huella de carbono para el cemento durante las etapas de extracción de materia prima, transporte al punto de fabricación y el proceso de fabricación per se. La unidad funcional es producir 1 kg de cemento Portland en planta. Los resultados obtenidos muestran una huella de carbono de 1.3807 kg CO2eq y una demanda acumulada de energía de 7.2930 MJeq.
    [technology_description] => 
    [geo_description] => 
    [process_type] => 
    [time_desc] => 
    [version] => 01.00.000
    [valid_from] => 
    [valid_until] => 
    [project] => MEMORIA DE CÁLCULO BORRADOR
    [lci_method] => ISO 14044:2006 (NMX-SAA-14044-IMNC-2008), CML 2001 v. 4.2
    [ds_data_selection] => Cualquier compuesto que represente menos del 1% de la masa total no se toma en cuenta. Se eliminaron etapas del ciclo de vida debido a limitaciones en la obtención de datos.
    [ds_data_treatment] => La validación de los datos del inventario se realizó mediante balances de materia.
    [data_collection_period] => 2009
    [ds_data_completeness] => El estudio se limita a las etapas de extracción de materia prima, transporte y fabricación. No se tratan otras etapas del ciclo de vida. Para la extracción de materia prima, únicamente se incluye el impacto por transporte y el uso de explosivos.
    [completeness_text] => Parcial. El estudio es explícito sobre la exclusión de etapas del ciclo de vida y limitaciones en los datos de extracción de materia prima.
    [sources_text] => Array
    [modeling_constants] => Criterio de corte de masa al 1%. La producción de electricidad se basó en el mix energético nacional de México. Se asume que el agua requerida se toma directamente de la red.
    [access_restrictions] => 
    [copyright] => 0
    [modeller_uuid] => 
    [owner_uuid] => 
)

2025-12-12 01:26:23 - POST recibido: Array
(
)

2025-12-12 01:32:08 - POST recibido: Array
(
)

2025-12-12 01:35:15 - POST recibido: Array
(
)

2025-12-12 01:39:53 - POST recibido: Array
(
)

2025-12-12 01:48:14 - POST recibido: Array
(
)

2025-12-12 01:48:53 - POST recibido: Array
(
    [action] => save_process
    [uuid] => ecf07cd8-3bcc-454f-8781-6c60c91cc7aa
    [process_name] => XDDD
    [category] => Manufactura/327 Fabricación de Productos de Minerales No Metálicos/327120 Fabricación de Materiales de Construcción de Arcilla y Refractarios
    [general_comment] => Se determinó la huella de carbono durante los procesos de manufactura del tabique artesanal e industrial, a partir de un Inventario de Ciclo de Vida (ICV) con datos obtenidos en México. El objetivo fue estimar la huella de carbono durante el proceso de manufactura para conocer el impacto ambiental de la industria. La unidad funcional es producir un kilogramo de tabique terminado en planta, en México, con datos de 2009. El estudio se enfoca en las etapas de extracción de materia prima, transporte al proceso de fabricación y proceso de fabricación per se (cradle-to-gate). Se obtuvieron los siguientes resultados: 0.32395 kg CO2eq para 1 kg de tabique artesanal en planta y 0.21166 kg CO2eq para 1 kg de tabique industrial en planta.
    [technology_description] => 
    [geo_description] => 
    [process_type] => 
    [time_desc] => 
    [version] => 01.00.000
    [valid_from] => 
    [valid_until] => 
    [project] => Memoria de Cálculo del Centro Mario Molina
    [lci_method] => ISO 14044, CML 2001 v. 4.2
    [ds_data_selection] => Cualquier compuesto que represente menos del 1% de la masa total no se toma en cuenta para los fines de este proyecto.
    [ds_data_treatment] => Para conocer los promedios por kg de tabique se utilizaron los datos por pieza, tanto de tabique artesanal como industrial, y se dividieron entre sus respectivas masas de 2.20 y 1.55 kg.
    [data_collection_period] => 2009
    [ds_data_completeness] => Parcial. Se eliminaron etapas del ciclo de vida. En la extracción de materia prima únicamente se incluye el impacto por el transporte, debido a la negativa de las empresas extractoras para aportar mayor información. En la matriz de inventario de las emisiones de CO2 por transporte solo se considera la cantidad de combustible consumido.
    [completeness_text] => El estudio es un borrador y se limita a las etapas de manufactura. Los datos de extracción de materia prima son incompletos.
    [sources_text] => [1] Instituto Mexicano de Normalización y Certificación A.C. ISO 14044:2006. NMX-SAA-14044-IMNC-2008. Gestión ambiental - Análisis del ciclo de vida - Requisitos y directrices., 2009. [2] INEGI. La industria siderúrgica en México 2012, Serie de Estadísticas Sectoriales. Technical report, Aguascalientes, México, 2013. [3] CMM. Mix de Energía Eléctrica en México: Análisis de Ciclo de Vida del Mix de Producción de Electricidad. Technical report, Centro Mario Molina para Estudios Estratégicos sobre Energía y Medio Ambiente, Distrito Federal, México, 2014. [4] Juan Pablo Chargoy Amador, Luis Angel Rosas Millán, and Diego Rodolfo Téllez Muradás. Generación de inventarios para el Análisis de Ciclo de Vida de cemento, block, bovedilla, vigueta y ladrillo en la zona centro de México. Mayor, Universidad de las Américas Puebla, 2009. [5] INEGI DENUE. Directorio Estadístico Nacional de Unidades Económicas. [6] R. R. Olivas Gastélum. Desarrollo de un horno para producción industrial y artesanal de ladrillos. PhD thesis, Universidad de las Américas, 2004. [7] R. B. Leighou. Chemistry of Engineering Materials. McGraw-Hill Book Company, Inc, Japón, 1953. [8] D. Jastrzebski Zbigniew. The nature and properties of engineering materials. John Wiley & Sons, 2a edition, 1987. [9] Iron and steel - Sector Profile.
    [modeling_constants] => El criterio de corte utilizado es el de masa al 1%. La producción de electricidad se basó en el mix energético nacional calculado en el Centro Mario Molina. En el balance de energía, se dividió el consumo de electricidad y de gas LP entre la producción correspondiente al rango de tiempo de cada facturación. Para calcular las emisiones al aire se emplearon factores de emisión AP-42 adaptados a México. Se asume que el agua requerida se toma directamente de la red. Las distancias de transporte son una estimación hecha a partir de datos del Denue.
    [access_restrictions] => 
    [copyright] => 0
    [modeller_uuid] => 
    [owner_uuid] => 
)

2025-12-12 01:57:52 - POST recibido: Array
(
)

2025-12-12 02:06:12 - POST recibido: Array
(
)

2025-12-12 02:09:43 - POST recibido: Array
(
)

2025-12-12 02:12:23 - POST recibido: Array
(
)

2025-12-12 02:16:18 - POST recibido: Array
(
)

2025-12-12 02:29:04 - POST recibido: Array
(
)

2025-12-12 02:31:24 - POST recibido: Array
(
)

2025-12-12 02:31:52 - POST recibido: Array
(
    [action] => search_datasets
    [search] => tap
)

2025-12-12 02:31:54 - POST recibido: Array
(
    [action] => create_new_flow
    [flow_type] => input
    [process_uuid] => 472fcdae-fb98-4e5b-81cd-18807c6ec490
    [new_process_uuid] => 7caceef8-4a97-3de3-97fb-53241bdc8448
    [amount] => 1
)

2025-12-12 02:31:55 - POST recibido: Array
(
)

2025-12-12 02:32:01 - POST recibido: Array
(
    [action] => save_process
    [uuid] => 472fcdae-fb98-4e5b-81cd-18807c6ec490
    [process_name] => METODOLOGÍA CON ENFOQUE DE ANÁLISIS DE CICLO DE VIDA PARA EVALUAR EL IMPACTO AMBIENTAL DE INSUMOS ADQUIRIDOS POR UNA ORGANIZACIÓN
    [category] => Manufactura/325 Fabricación de productos químicos/3256 Fabricación de jabones, productos de limpieza y artículos de tocador
    [general_comment] => Esta tesis plantea una alternativa a los problemas del ACV tradicional, proponiendo una metodología aplicable a cualquier organización para evaluar rápidamente los impactos ambientales de productos con enfoque de ciclo de vida y la generación de un software para apoyar la selección de insumos. La metodología se conforma de cuatro etapas: 1) decisiones metodológicas basadas en ACV (objetivo y alcance, límites, unidad funcional, categorías de impacto); 2) recopilación de información de insumos; 3) desarrollo de un software de evaluación; y 4) validación y mejora. Como caso de estudio, la metodología se aplicó en la fábrica de billetes del Banco de México para evaluar el impacto ambiental de insumos considerando diferentes proveedores. Se programó un software que permite dicha evaluación y que arroja resultados de fácil entendimiento para personal sin conocimientos técnicos de ACV. La unidad funcional para el ejemplo de detergente es la producción de 1 kg. Los límites del sistema son de la cuna a la puerta, incluyendo la manufactura de materias primas y su transporte.
    [technology_description] => 
    [geo_description] => 
    [process_type] => 
    [time_desc] => 
    [version] => 01.00.000
    [valid_from] => 
    [valid_until] => 
    [project] => Tesis para optar por el grado de Maestro en Ingeniería, Programa de Maestría y Doctorado en Ingeniería, Universidad Nacional Autónoma de México.
    [lci_method] => El estudio se basa en los principios de Análisis de Ciclo de Vida (ACV) definidos por las normas ISO 14040 e ISO 14044. Para la Evaluación de Impacto de Ciclo de Vida (EICV) se utilizó el método ReCiPe 2008 con la perspectiva Jerárquica (H) a 100 años.
    [ds_data_selection] => Los flujos de entrada se seleccionaron con base en la composición típica de formulaciones de detergentes, identificada a través de una revisión bibliográfica. Se incluyeron los componentes principales y el transporte asociado.
    [ds_data_treatment] => Los datos de composición, si son proporcionados en porcentaje por el usuario, se convierten a masa asumiendo una base de 1 kg de producto. Los flujos elementales de los procesos de inventario se multiplican por los factores de caracterización del método ReCiPe para obtener los resultados de impacto.
    [data_collection_period] => La tesis fue publicada en septiembre de 2017, por lo que la recolección de datos y la modelación se realizaron en el período aproximado de 2015-2017.
    [ds_data_completeness] => El estudio busca ser completo dentro de los límites de cuna a la puerta, utilizando una base de datos reconocida (ecoinvent) y complementando los vacíos de datos con modelación basada en literatura para asegurar la representatividad de los componentes clave del producto.
    [completeness_text] => El inventario del caso de estudio del detergente es representativo de una formulación genérica, cubriendo los principales componentes funcionales. La evaluación de impacto se limita a cuatro categorías.
    [sources_text] => 10YFP. (2017a, 2017b, 2017c), ADEME. (2017), Arena, M., et al. (2013), Arjo Wiggins. (2014), Bajpai, D., & Tyagi, V. K. (2007), Banco de México. (2014, 2015), Bank of England. (2016a, 2016b), Bare, J., et al. (2003), Bielman, J. (2000), Biona, J. B. M. M., et al. (2015), Bureau of engraving and printing. (2017), Centro Mario Molina. (2016), Cosme, N., et al. (2013), Crane Currency. (2006), Curran, M. A. (2014), Dall’Acqua, S., et al. (1999), De La Rue. (2014), de Vries, W., et al. (2003), Dilli, R. (2007), DOF. (2013, 2014), Dooley, K. J., & Johnson, J. (2015), ecoinvent. (2017), Edwards, C., & Fry, J. M. (2011), EIA. (2015), ELCD JRC. (2017), Emana Green. (2016), EPA. (2016), EPD®. (2015, 2016), European Commission. (2010), Ezzati, M., et al. (2004), Fet, A. M., & Skaar, C. (2006), Fet, A. M., et al. (2009), Finkbeiner, M. (2016), Goedkoop, M., et al. (2013), Goedkoop, M., & Spriensma, R. (2000), Golsteijn, L., et al. (2015), Gómez, M. (2016), GS1. (2016), Güereca, L., et al. (2016a, 2016b), Güereca, L. P. (2006), Guinée, J. B., et al. (2002), Hauschild, M., et al. (2013), Hauschild, M., & Potting, J. (2005), Hayashi, K., et al. (2004), Horne, R. (2009), Horne, R., & Verghenese, K. (2009), Huijbregts, M., & Hauschild, M. (2015), Huijbregts, M., & Seppälä, J. (2000, 2001), Huijbregts, M., et al. (2016), II-UNAM. (2016), Innovia. (2013), ISEAL. (2016), ISO. (1999, 2000, 2006a, 2006b, 2006c, 2013, 2014a, 2014b, 2016), Itsubo, N., et al. (2004), Izdebska, J. (2016), Jegannathan, K. R., & Nielsen, P. H. (2013), Jolliet, O., et al. (2003), Klöpffer, W. (2013, 2014a, 2014b), Kristensen, P., & Hansen, H. (1994), Kros, J. (2002), Laitala, K., & Kjeldsberg, M. (2012), LandQart. (2015), Lewis, H., et al. (2009), Louisenthal. (2009, 2010), Luján, C. (2015), McMichael, A. J., et al. (2003), Meinshausen, M. (2005), Murray, C. J. L., & Lopez, A. D. (1996), NEEDS. (2017), Ness, B., et al. (2007), Nessi, S., et al. (2014), Norwegian Ministry of the Environment. (1994), NREL. (2009), Olsen, H. S., & Falholt, P. (1998), ONU. (2015), Parker, G., & Edwards, B. C. (2012), Passell, H., et al. (2013), Pavlović, Ž., et al. (2016), Plastics Europe. (2016), Richards, C., et al. (2009), RMIT University. (2013), Roé, A. (2015), Rogers, B. D., & Apex, S. (2015), Rouse, M. (2010), Saouter, E., et al. (2002), SAPPI. (2011), SEMARNAT. (2013, 2014), SHDB. (2017), Singh, R. K., et al. (2009), Steen, B. (1999), Steubing, B., et al. (2016), Stone Paper. (2016), Subramanian, V., & Golden, J. S. (2016), Suh, S., et al. (2016), Szentgyörgyvölgyi, R. (2016), Thinkstep. (2017), Todd, J. A., & Curran, M. A. (1999), Toffotetto, L., et al. (2006), TSC. (2015), Udo de Haes, H., et al. (2002), UN. (1992, 2002a, 2002b, 2012, 2015, 2016), UN/UNEP. (2007), UNEP. (2011, 2015a, 2015b, 2016, 2017), UNEP/SETAC. (2015), United Nations. (2015), UNSPSC. (2014), Van Jaarsveld, J. (1995), van Zelm, R., et al. (2007), Verghese, K. L., et al. (2009, 2010), Vojcic, L., et al. (2015), WCED. (1987), Weidema, B. P., et al. (2013), Wenzel, H., et al. (1997), Wernet, G., et al. (2016), WHO. (2003, 2006), Wypych, G. (2001), ZEODET. (2000).
    [modeling_constants] => El alcance del estudio es de la cuna a la puerta (cradle-to-gate), incluyendo la extracción de materias primas y el transporte, pero excluyendo la fase de uso y de fin de vida. Se emplearon módulos de inventario globales de la base de datos ecoinvent v3.3. La unidad funcional es 1 kg de producto (detergente). Se evaluaron cuatro categorías de impacto a punto medio: cambio climático, acidificación terrestre, eutrofización de agua dulce y formación de oxidantes fotoquímicos.
    [access_restrictions] => 0
    [copyright] => 0
    [modeller_uuid] => 
    [owner_uuid] => 
)

2025-12-12 02:34:20 - POST recibido: Array
(
)

2025-12-12 02:34:33 - POST recibido: Array
(
    [action] => save_process
    [uuid] => 1beab443-f5a0-4470-9bd1-ed83476d92cb
    [process_name] => > 7 Ton diesel por km
    [category] => Transportation and Warehousing/484 Truck Transportation
    [general_comment] => Life Cycle Inventory data for the transport of goods using a diesel truck with a capacity greater than 7 tons, over a distance of 1 kilometer. The process is located in Mexico and refers to the year 2014. The functional unit is 1 km of transport.
    [technology_description] => 
    [geo_description] => 
    [process_type] => UNIT_PROCESS
    [time_desc] => 
    [version] => 01.00.000
    [valid_from] => 
    [valid_until] => 
    [project] => MexiLCA IINGEN
    [lci_method] => 
    [ds_data_selection] => 
    [ds_data_treatment] => 
    [data_collection_period] => 2014
    [ds_data_completeness] => 
    [completeness_text] => 
    [sources_text] => 
    [modeling_constants] => 
    [access_restrictions] => 0
    [copyright] => 0
    [modeller_uuid] => 
    [owner_uuid] => 
)

2025-12-12 02:38:18 - POST recibido: Array
(
)

2025-12-12 02:47:59 - POST recibido: Array
(
)

2025-12-12 02:58:48 - POST recibido: Array
(
)

2025-12-20 17:30:29 - POST recibido: Array
(
)

2026-01-11 18:56:50 - POST recibido: Array
(
)

2026-01-12 00:32:42 - POST recibido: Array
(
)

2026-01-14 08:24:29 - POST recibido: Array
(
)

2026-01-14 08:24:49 - POST recibido: Array
(
    [action] => save_process
    [uuid] => 1c6bb309-d073-4602-a026-b7d7ac68bedc
    [process_name] => ACEITE POR TONELADA
    [category] => MexiLCA_IINGEN
    [general_comment] => 
    [technology_description] => 
    [geo_description] => Mexico
    [process_type] => UNIT_PROCESS
    [time_desc] => 
    [version] => 01.00.001
    [valid_from] => 2014-12-12
    [valid_until] => 
    [project] => 
    [lci_method] => 
    [ds_data_selection] => 
    [ds_data_treatment] => 
    [data_collection_period] => 
    [ds_data_completeness] => 
    [completeness_text] => 
    [sources_text] => 
    [modeling_constants] => 
    [access_restrictions] => 
    [copyright] => 0
    [modeller_uuid] => 
    [owner_uuid] => 
)

2026-01-14 08:24:54 - POST recibido: Array
(
    [action] => save_process
    [uuid] => 1c6bb309-d073-4602-a026-b7d7ac68bedc
    [process_name] => ACEITE POR TONELADA
    [category] => MexiLCA_IINGEN
    [general_comment] => 
    [technology_description] => 
    [geo_description] => Mexico
    [process_type] => UNIT_PROCESS
    [time_desc] => 
    [version] => 01.00.001
    [valid_from] => 2014-12-12
    [valid_until] => 
    [project] => 
    [lci_method] => 
    [ds_data_selection] => 
    [ds_data_treatment] => 
    [data_collection_period] => 
    [ds_data_completeness] => 
    [completeness_text] => 
    [sources_text] => 
    [modeling_constants] => 
    [access_restrictions] => 
    [copyright] => 0
    [modeller_uuid] => 
    [owner_uuid] => 
)

2026-01-14 16:05:56 - POST recibido: Array
(
)

2026-01-14 16:09:10 - POST recibido: Array
(
    [action] => save_process
    [uuid] => 50c48adf-2e7e-4ec0-a3ef-4499b335a67e
    [isdraft] => 1
    [process_name] => ACEITE POR TONELADA (Copia en edición)
    [category] => MexiLCA_IINGEN
    [general_comment] => 
    [technology_description] => 
    [geo_description] => Mexico
    [process_type] => UNIT_PROCESS
    [time_desc] => 
    [version] => 01.00.001
    [valid_from] => 2014-12-12
    [valid_until] => 0000-00-00
    [project] => 
    [lci_method] => 
    [ds_data_selection] => 
    [ds_data_treatment] => 
    [data_collection_period] => 
    [ds_data_completeness] => 
    [completeness_text] => 
    [sources_text] => 
    [modeling_constants] => 
    [access_restrictions] => 
    [copyright] => 0
    [modeller_uuid] => 
    [owner_uuid] => 
)

2026-01-14 16:09:15 - POST recibido: Array
(
)

2026-01-14 16:57:37 - POST recibido: Array
(
)

2026-01-14 16:57:47 - POST recibido: Array
(
    [action] => save_process
    [uuid] => 2c91f01a-1d0e-4e6d-914d-c8c48afb2968
    [process_name] => ACV comparativo de pavimentos en la Ciudad de México (Copia en edición)
    [category] => Construction/237 Civil Engineering Construction/2373 Highway, Street, and Bridge Construction
    [general_comment] => El objetivo de este trabajo de tesis es cuantificar y analizar los impactos ambientales de tres distintos métodos de tratamientos de rehabilitación de carpetas asfálticas propuestos para las vialidades de la red primaria de la Ciudad de México (CDMX) y compararlos con el procedimiento actual para determinar la factibilidad de la introducción de alternativas distintas de rehabilitación con base en un enfoque de Análisis de Ciclo de Vida (ACV), basado en las Normas ISO 14040 y 14044. El cumplimiento de este objetivo busca el mejoramiento en la eficiencia y el desempeño ambiental de los procesos de obras en la CDMX, trabajando así, hacia los objetivos de desarrollo sostenible planteados por Naciones Unidas y favoreciendo la economía circular. Cada uno de los cuatro distintos métodos de rehabilitación analizados en este documento se denominan escenarios. El Escenario Base (cero) representa la forma actual de rehabilitación de carpetas en la CDMX: un fresado parcial de la carpeta asfáltica y reencarpetado de siete centímetros de profundidad. La Unidad Funcional se define como la rehabilitación de la carpeta asfáltica de 1 km-carril de vialidad principal de la Ciudad de México con 3.5 metros de ancho, sin curvas, salidas o incorporaciones y durante un período de estudio de 30 años. El alcance de los sistemas toma en cuenta todo el Ciclo de Vida de la rehabilitación de la carpeta: desde la primera extracción de materias primas, hasta la última remoción y disposición final del material residual de la carpeta 30 años después, tomando como punto de partida para todos los escenarios la existencia previa de una vialidad con daños en toda la profundidad de la carpeta asfáltica. De los cuatro sistemas evaluados se observó que el Escenario Base obtuvo el peor desempeño ambiental para todas las categorías de impacto evaluadas, debido principalmente a su corta vida útil.
    [technology_description] => 
    [geo_description] => 
    [process_type] => 
    [time_desc] => 
    [version] => 01.00.000
    [valid_from] => 0000-00-00
    [valid_until] => 0000-00-00
    [project] => Tesis para obtener el título de Ingeniero Civil
    [lci_method] => Análisis de Ciclo de Vida (ACV) basado en las normas ISO 14040 e ISO 14044. La metodología de evaluación de impacto es ReCiPe (punto medio).
    [ds_data_selection] => Se seleccionaron siete categorías de impacto relevantes para pavimentos: Cambio climático, acidificación terrestre, formación de oxidantes fotoquímicos, agotamiento de recursos fósiles, toxicidad humana, eutrofización de agua dulce y agotamiento de recursos hídricos. Los flujos de la fase de uso vehicular se excluyen por ser constantes en todos los escenarios.
    [ds_data_treatment] => Los datos de inventario se calcularon y normalizaron para la unidad funcional definida (1 km-carril sobre un periodo de 30 años). Se realizaron balances de materia y energía. Para el ACCV, los costos futuros se llevaron a Valor Presente Neto (VPN) usando una tasa de descuento.
    [data_collection_period] => La tesis fue publicada en 2021, utilizando datos de fuentes que van aproximadamente desde 2004 hasta 2020.
    [ds_data_completeness] => Se cubre el ciclo de vida completo desde la extracción de materias primas hasta la disposición final. Se excluyen las emisiones de la fase de uso de vehículos. Se excluye el pilar social del ACV.
    [completeness_text] => El estudio es completo para los pilares ambiental y económico dentro del alcance definido. El pilar social no fue incluido.
    [sources_text] => APA. (2011). LIFE-CYCLE COST ANALYSIS: A POSITION PAPER. Arquitec. (2016). Petrolizadoras. 4(1), 64–75. Banxico. (2020). Tasas de Inflación. Basso, D. (n.d.). Máquina fresadora de pavimentos. Butt, A. A. (2012). Life Cycle Assessment of Asphalt Pavements including the Feedstock Energy and Asphalt Additives. Caballero Güereca, C. E. (2020). Apéndice 1: Encuesta de evaluación de softwares de análisis de ciclo de vida. Caterpillar. (2009). Compactadores de suelos vibratorios Cs44 cp44. Caterpillar. (2010). PS150C. Diario de la Federacion. (2013). Ley general del equilibrio ecológico y protección del medio ambiente. Díaz Infante de la Mora, L. A. (2018). Curso de edificación (3a ed.). Doka, G. (2003). Life Cycle Inventories of Waste Treatment Services. Ecoinvent Report No. 13. Expansión. (2021). México baja sus tipos de interés. García, J. (2012). Petrolizadoras. Garnica, P., et al. (2004). Aspectos del diseño volumétrico de mezclas asfálticas. Giani, M. I., et al. (2015). Comparative life cycle assessment of asphalt pavements using reclaimed asphalt, warm mix technology and cold in-place recycling. Goedkoop, M. J., et al. (2013). Category indicators at the midpoint and the endpoint level ReCiPe 2008. GreenDelta. (2020). openLCA. Grupo Selome S.A. de C.V. (2009). MIA Regional, Carretera México-Tuxpan. Güereca, L. P. (2006). Desarrollo de una metodología para la valoración en el Análisis del Ciclo de Vida aplicada a la gestión integral de residuos municipales. Güereca, L. P., et al. (2014, October). Evaluación comparativa de los impactos ambientales de dos tipos de pavimentos. HAMM. (n.d.). Compactador con tambor liso Compactadores Serie 3000. Hasan, U., et al. (2020). Life cycle assessment of roadworks in United Arab Emirates. Hernández-Michaca, J. L., et al. (2001). Impacto ambiental de proyectos carreteros. ifu Hamburg. (2020). Umberto LCA+. Instituto Nacional de Estadística y Geografía. (2016). Síntesis metodológica de la Estadística de vehículos de motor registrados en circulación. ISO. (2006). ISO 14040-Environmental management - Life Cycle Assessment - Principles and Framework. Jelse, K., et al. (2009). Life Cycle Assessment of consumer packaging for liquid food. Ma, F., et al. (2020). Life cycle assessment of greenhouse gas emissions from asphalt pavement maintenance. Maquinarias-Pesadas. (2010). Tablas rendimiento, consumo combustible, costo maquinaria pesada. Mavis, J. (2003). Water Use in Industries of the Future: Mining Industry. Miranda-Rebolledo, R. (2010). Deterioros en pavimentos flexibles y rígidos. Molina, L. T., et al. (2009). Air quality, weather and climate in Mexico City. Mroueh, U.-M., et al. (2000). Life cycle assessment of Road construction. MS Motorservice International. (2014). Consumo y pérdida de aceite. N. Hernandez-Fernandez, et al. (2019). LCA Consortium for a road environmental-friendly infrastructure in Mexico City. Pantini, S., et al. (2018). Towards resource-efficient management of asphalt waste in Lombardy region (Italy). Peralta, O., et al. (2021). Ozone over Mexico City during the COVID-19 pandemic. PRé. (2020). SimaPro. PROFEPA. (2019). Manifestación de Impacto Ambiental. Santero, N., et al. (2010). Life Cycle Assessment of Pavements: A Critical Review of Existing Literature and Research. Santos, J., et al. (2018). Life cycle assessment of low temperature asphalt mixtures for road pavement surfaces. Schlegel, T., et al. (2016). The limits of partial life cycle assessment studies in road construction practices. SCT. (2006). CMT. CARACTERÍSTICAS DE LOS MATERIALES. MATERIALES PARA PAVIMENTOS. SCT. (2017). CATÁLOGO DE SECCIONES ESTRUCTURALES DEPAVIMENTOS PARA LASCARRETERAS DE LA REPÚBLICA MEXICANA. SCT. (2019). Tabulador De Precios Referenciales a Costo Directo. thinkstep. (2020). GaBi. Tokede, O. O., et al. (2020). Life cycle assessment of asphalt variants in infrastructures. United Nations. (2018). World Urbanization Prospects. Vidal, R., et al. (2013). Life cycle assessment of hot mix asphalt and zeolite-based warm mix asphalt with reclaimed asphalt pavement. WIRTGEN Group. (2019). Binding agent spreader SW 18 SC / SW 18 SC i. WIRTGEN Group. (2020a). Cold Recyclers and Soil Stabilizers WR Series. WIRTGEN Group. (2020b). Productos.
    [modeling_constants] => Período de análisis: 30 años. Unidad Funcional: rehabilitación de 1 km-carril de 3.5 m de ancho. Vida útil del Escenario Base: 3 años. Tasa de descuento para ACCV: 4%. Se excluyen las emisiones de la fase de uso por vehículos y los impactos por afectación a la circulación.
    [access_restrictions] => El uso de imágenes, fragmentos de videos, y demás material que sea objeto de protección de los derechos de autor, será exclusivamente para fines educativos e informativos y deberá citar la fuente donde la obtuvo mencionando el autor o autores. Cualquier uso distinto como el lucro, reproducción, edición o modificación, será perseguido y sancionado por el respectivo titular de los Derechos de Autor.
    [copyright] => 0
    [modeller_uuid] => 
    [owner_uuid] => 
)

2026-01-14 21:13:09 - POST recibido: Array
(
)

2026-01-14 21:13:36 - POST recibido: Array
(
    [action] => save_process
    [uuid] => 8c9af453-63dc-407b-8af4-8de4dd2f42c9
    [process_name] => lemon production – MX – lemon
    [category] => Agriculture, Forestry, Fishing and Hunting/111 Crop Production
    [general_comment] => This dataset represents the production of 1 kg of lemons. The average yield from 2009 - 2012 is 13.8 t/ha. The data are representative for lemons production in Mexico used for the export market. Mineral NPK fertiliser input is 33-0-10 kg/ha. Organic fertilisers applied amount to 1.67 m3/ha of liquid manure and 1.07 t/ha of solid manure. Total active ingredients (a.i.) applied as pesticides amount to 28.6 kg a.i./ha. The dataset was modelled within the project 'World Food LCA database (WFLDB)'. The aim of this project was to provide inventories of a broad variety of agricultural products and processes and to cover for each product at least 50% of the global export market. The export share of lemons produced in Mexico amounts to 18% of the global export (tonnage exported in 2010). The production system regarded in this dataset aimed at representing lemons produced in Mexico for the export market. PEF-Quality: data quality rating (DQR) = 3.2 (i.e. fair quality). This dataset refers to an average situation; for specific situations exchanges might differ substantially due to site specific parameters. The system boundary starts with the nursery producing fruit tree seedlings and ends with the waste treatment after the clearing of the orchard. It includes all activities of a year in the productive phase, the establishment phase, and the clearing of the orchard including waste treatment.
    [technology_description] => 
    [geo_description] => 
    [process_type] => 
    [time_desc] => 
    [version] => 01.00.000
    [valid_from] => 
    [valid_until] => 
    [project] => World Food LCA database (WFLDB)
    [lci_method] => WFLDB Methodological Guidelines for the Life Cycle Inventory of Agricultural Products
    [ds_data_selection] => The aim of the WFLDB project was to cover for each product at least 50% of the global export market.
    [ds_data_treatment] => Data were categorised from level 0 (LO) to level (L4) based on their source and detail. Land use change (LUC) combines land transformation areas calculated with the adapted 'Direct Land Use Change Assessment Tool' version 2014 and carbon losses from soil organic carbon (SOC) and vegetation (VEG) as calculated in ecoinvent v3.
    [data_collection_period] => 2009-2012
    [ds_data_completeness] => The dataset includes all activities from nursery production of seedlings to waste treatment after orchard clearing. This includes establishment phase (tree nursery, soil cultivation, planting, irrigation) and productive phase (machine operations, infrastructure, fuel use, soil cultivation, fertiliser and pesticide application, harvesting, irrigation). Direct field emissions and land use change are included. Heavy metal uptake by the crop is considered. Inputs of seedlings, fertilisers, pesticides, and their packaging are considered. The dataset does not include emissions from manure storage.
    [completeness_text] => PEF-Quality: data quality rating (DQR) = 3.2 (i.e. fair quality).
    [sources_text] => Ozkan B., Akcoaz H., Karadeniz F. (2004). Energy requirement and economic analysis of citrus production in Turkey. Energy Conversion and Management, 45. | EEA (2013). EMEP/EEA air pollutant emission inventory guidebook 2013 - Technical guidance to prepare national emission inventories. | Faist Emmenegger M., Reinhard J., Zah R. (2009). Sustainability Quick Check for Biofuels - intermediate background report. With contributions from T. Ziep, R. Weichbrodt, Prof. Dr. V. Wohlgemuth, FHTW Berlin and A. Roches, R. Freiermuth Knuchel, Dr. G. Gaillard, Agroscope Reckenholz-Tänikon. | IPCC (2006). 2006 IPCC Guidelines for National Greenhouse Gas Inventories, Prepared by the National Greenhouse Gas Inventories Programme. Volume 4: Agriculture, forestry and other land use. | Freiermuth R. (2006). Modell zur Berechnung der Schwermetallflüsse in der Landwirtschaftlichen Ökobilanz. | Nemecek T., Bengoa X., Lansche J., Mouron P., Rossi V., Humbert S., Riedener E. (2015). World Food LCA Database. Methodological Guidelines for the Life Cycle Inventory of Agricultural Products. Version 3.0. | Prasuhn V. (2006). Erfassung der PO4-Austräge für die Ökobilanzierung - SALCA-Phosphor.
    [modeling_constants] => System model: Allocation, cut-off. Orchard lifetime: 30 years. Tree density: 256 trees/ha. Average yield: 13.8 t/ha.
    [access_restrictions] => 0
    [copyright] => 0
    [modeller_uuid] => 
    [owner_uuid] => 
)

2026-01-15 19:28:53 - POST recibido: Array
(
)

2026-01-15 19:37:13 - POST recibido: Array
(
)

2026-01-15 19:39:24 - POST recibido: Array
(
    [action] => save_process
    [uuid] => b7c59a75-fada-4796-aa03-ece26851bd60
    [process_name] => EVALUACIÓN DEL IMPACTO AMBIENTAL DE LA CADENA DE PRODUCCIÓN DE CARNE DE RES EN EL ESTADO DE VERACRUZ, MEDIANTE EL ANÁLISIS DE CICLO DE VIDA
    [category] => Agriculture, Forestry, Fishing and Hunting/112 Animal Production and Aquaculture/1121 Cattle Ranching and Farming
    [general_comment] => La industria de los alimentos es un gran contribuyente al deterioro y agotamiento de los recursos naturales. En el presente estudio se evaluó el impacto ambiental en la producción de 1 kg de carne de res de dos diferentes cadenas productivas en el Estado de Veracruz, México. Para ello se empleó la metodología Análisis de Ciclo de Vida y se analizaron nueve categorías de impacto en los cinco procesos de la cadena cárnica: crianza, preengorda, engorda, transformación y comercialización. Las cadenas se identificaron como escenario 1 (E1) (Intensiva/TIF/Tienda de autoservicio) y escenario 2 (E2) (Extensiva/No-TIF/Carnicería). Durante el año de operaciones evaluado el E1 comercializó un total de 253,532.6 kg de carne y el E2 12,682.45 kg. Los resultados mostraron que los procesos de producción primaria contribuyen con un porcentaje entre el 93.0 y 99.8 a las categorías acidificación, eutrofización, cambio climático y oxidación fotoquímica, participación determinada por la fermentación entérica del ganado y por el manejo del estiércol. La suma de la participación de los procesos de transformación y comercialización a estos impactos fue entre 7 y 0.2%, respectivamente. Respecto al potencial de toxicidad humana el E1 (0.6 kg 1,4-DBeq) es superior al E2 (0.3 kg 1,4-DBeq) principalmente por el empleo de agroquímicos en el cultivo de granos y por el uso de combustibles fósiles. Sin embargo, en las categorías uso de suelo y uso de agua el E2 presenta mayor impacto, debido al mayor tiempo de permanencia del ganado en los proceso de preengorda y engorda y por el menor peso de salida del ganado al mercado. Esta metodología ayuda a determinar las ventanas de oportunidad para mejorar estos procesos y su impacto en el ambiente.
    [technology_description] => 
    [geo_description] => 
    [process_type] => 
    [time_desc] => 
    [version] => 01.00.000
    [valid_from] => 2016
    [valid_until] => 
    [project] => Proyecto SALSA “Knowledge- based Sustainable vAlue-added food chains: innovative tooLs for monitoring ethical, environmental and Socio-economic impActs and implementing Eu-Latin America shared strategie” del Séptimo Programa Marco de Investigación y Desarrollo Tecnológico de la Unión Europea con Número de Convenio 265927.
    [lci_method] => Análisis de Ciclo de Vida (ACV) de acuerdo con la norma ISO 14040:2006. El método de evaluación de impacto fue CML 2000.
    [ds_data_selection] => Se incluyeron los insumos para la alimentación, energía (gas, hidrocarburos, electricidad), fertilizantes, pesticidas y la disposición de residuos. Se excluyeron los bienes de capital, medicamentos y sustancias de limpieza.
    [ds_data_treatment] => Los datos recopilados de los diferentes casos de estudio fueron promediados para construir los escenarios representativos. Las emisiones de metano y óxido nitroso se calcularon utilizando las directrices del IPCC 2006, Nivel 1.
    [data_collection_period] => Corresponde a un año de operaciones de las empresas estudiadas, comprendido entre los años 2011 y 2013.
    [ds_data_completeness] => El estudio cubre los principales flujos de materia y energía dentro de los límites definidos. Sin embargo, existen limitaciones reconocidas, como la no inclusión de la superficie de suelo y el agua requerida para el cultivo de granos y forrajes utilizados en la alimentación.
    [completeness_text] => El estudio es exhaustivo dentro de los límites del sistema definidos. Las principales omisiones son el impacto indirecto del uso de la tierra y el agua para la producción de piensos, lo cual es una limitante importante.
    [sources_text] => La lista completa de referencias se encuentra en las páginas 84-89 de la tesis, incluyendo autores como Pelletier et al. (2010), Cederberg et al. (2009), IPCC (2006), ISO (2006), y fuentes de datos nacionales como SIAP y FIRA.
    [modeling_constants] => La unidad funcional es 1 kg de carne de res sin hueso y sin grasa. La asignación de impactos a coproductos (piel, vísceras) no se realizó; el 100% de la carga ambiental se asignó a la carne. Se excluyó la producción y mantenimiento de bienes de capital (edificios, maquinaria), así como el uso de medicamentos y sustancias de limpieza.
    [access_restrictions] => 0
    [copyright] => 0
    [modeller_uuid] => 
    [owner_uuid] => 
)

2026-02-10 16:39:49 - POST recibido: Array
(
)

2026-02-16 02:12:00 - POST recibido: Array
(
)

2026-02-16 02:12:08 - POST recibido: Array
(
    [action] => search_datasets
    [search] => 
)

2026-02-16 02:12:18 - POST recibido: Array
(
    [action] => update_flow
    [flow_type] => input
    [flow_uuid] => e0919acc-0adc-11f1-bef5-85ea04559f1c
    [new_process_uuid] => 1a2384bd-5387-4473-a441-5d5294af74eb
    [amount] => 0.32811245
)

2026-05-20 01:42:54 - POST recibido: Array
(
)

2026-05-20 01:48:59 - POST recibido: Array
(
)

2026-05-20 01:57:28 - POST recibido: Array
(
)

2026-05-20 02:10:09 - POST recibido: Array
(
)

2026-05-20 02:38:27 - POST recibido: Array
(
)

2026-05-25 05:13:51 - POST recibido: Array
(
)

2026-05-25 05:14:09 - POST recibido: Array
(
    [action] => save_process
    [uuid] => 09e37266-a2ed-443c-83ab-0530e71f329d
    [isdraft] => 1
    [process_name] => Análisis de Ciclo de Vida comparativo de pavimentos en la Ciudad de México
    [category] => Construction/237 Heavy and Civil Engineering Construction
    [general_comment] => El objetivo de este trabajo de tesis es cuantificar y analizar los impactos ambientales de tres distintos métodos de tratamientos de rehabilitación de carpetas asfálticas propuestos para las vialidades de la red primaria de la Ciudad de México (CDMX) y compararlos con el procedimiento actual para determinar la factibilidad de la introducción de alternativas distintas de rehabilitación con base en un enfoque de Análisis de Ciclo de Vida (ACV), basado en las Normas ISO 14040 y 14044. El Escenario Base (cero) representa la forma actual: un fresado parcial de la carpeta asfáltica y reencarpetado de siete centímetros. La Unidad Funcional se define como la rehabilitación de la carpeta asfáltica de 1 km-carril de vialidad principal de la Ciudad de México con 3.5 metros de ancho, durante un período de estudio de 30 años. El alcance de los sistemas toma en cuenta todo el Ciclo de Vida de la rehabilitación de la carpeta: desde la primera extracción de materias primas, hasta la última remoción y disposición final del material residual. De los cuatro sistemas evaluados se observó que el Escenario Base obtuvo el peor desempeño ambiental, debido principalmente a su corta vida útil de 3 años. El escenario con los menores impactos ambientales resulta ser el Escenario 3, reciclaje en caliente (Hot In-place Recycling).
    [technology_description] => 
    [geo_description] => 
    [process_type] => 
    [time_desc] => 
    [version] => 01.00.000
    [valid_from] => 
    [valid_until] => 
    [project] => Tesis para obtener el título de Ingeniero Civil
    [lci_method] => ISO 14040:2006, ISO 14044:2006. Metodología de evaluación de impacto: ReCiPe.
    [ds_data_selection] => Se seleccionó el Escenario 0 como el método convencional de rehabilitación en la CDMX. Este consiste en un fresado parcial de 7cm y reencarpetado, con una vida útil estimada de 3 años, lo que implica 10 ciclos de rehabilitación en el período de estudio de 30 años.
    [ds_data_treatment] => Los datos del inventario fueron calculados conforme a la Unidad Funcional, considerando la vida útil de cada alternativa y las repeticiones necesarias durante un período de 30 años. Los datos de operación de maquinaria se normalizaron a una potencia de 74.57kW cuando fue necesario.
    [data_collection_period] => c. 2010-2020
    [ds_data_completeness] => El estudio cubre todas las etapas del ciclo de vida: extracción de materias primas, trituración y procesado, transporte, rehabilitación (uso de maquinaria), remoción, y disposición final. La etapa de uso es excluida por ser constante entre escenarios.
    [completeness_text] => El estudio presenta un Análisis de Ciclo de Vida Ambiental y un Análisis de Costo de Ciclo de Vida. El Análisis de Ciclo de Vida Social no fue incluido.
    [sources_text] => APA. (2011). LIFE-CYCLE COST ANALYSIS: A POSITION PAPER. Arquitec. (2016). Petrolizadoras. Banxico. (2020). Tasas de Inflación. Basso, D. (n.d.). Máquina fresadora de pavimentos. Butt, A. A. (2012). Life Cycle Assessment of Asphalt Pavements including the Feedstock Energy and Asphalt Additives. Caballero Güereca, C. E. (2020). Apéndice 1: Encuesta de evaluación de softwares de análisis de ciclo de vida. Caterpillar. (2009). Compactadores de suelos vibratorios Cs44 cp44. Caterpillar. (2010). PS150C. Diario de la Federacion. (2013). Ley general del equilibrio ecológico y protección del medio ambiente. Díaz Infante de la Mora, L. A. (2018). Curso de edificación (3a ed.). Doka, G. (2003). Life Cycle Inventories of Waste Treatment Services. Ecoinvent Report No. 13. Expansión. (2021). México baja sus tipos de interés. García, J. (2012). Petrolizadoras. Garnica, P., Delgado, H., Gómez, J. A., Romero, S. A., & Alarcón, H. A. (2004). Aspectos del diseño volumétrico de mezclas asfálticas. Giani, M. I., Dotelli, G., Brandini, N., & Zampori, L. (2015). Comparative life cycle assessment of asphalt pavements using reclaimed asphalt, warm mix technology and cold in-place recycling. Goedkoop, M. J., et al. (2013). Category indicators at the midpoint and the endpoint level ReCiPe 2008. GreenDelta. (2020). openLCA. Grupo Selome S.A. de C.V. (2009). MIA Regional, Carretera México-Tuxpan. Güereca, L. P. (2006). Desarrollo de una metodología para la valoración en el Análisis del Ciclo de Vida aplicada a la gestión integral de residuos municipales. Güereca, L. P., Juárez-López, C. R., & Ossa-López, A. (2014). Evaluación comparativa de los impactos ambientales de dos tipos de pavimentos. HAMM. (n.d.). Compactador con tambor liso Compactadores Serie 3000. Hasan, U., Whyte, A., & Al Jassmi, H. (2020). Life cycle assessment of roadworks in United Arab Emirates. Hernández-Michaca, J. L., et al. (2001). Impacto ambiental de proyectos carreteros. ifu Hamburg. (2020). Umberto LCA+. Instituto Nacional de Estadística y Geografía. (2016). Síntesis metodológica de la Estadística de vehículos de motor registrados en circulación. ISO. (2006). ISO 14040-Environmental management - Life Cycle Assessment - Principles and Framework. Jelse, K., Eriksson, E., & Einarson, E. (2009). Life Cycle Assessment of consumer packaging for liquid food. Ma, F., et al. (2020). Life cycle assessment of greenhouse gas emissions from asphalt pavement maintenance. Maquinarias-Pesadas. (2010). Tablas rendimiento, consumo combustible, costo maquinaria pesada. Mavis, J. (2003). Water Use in Industries of the Future: Mining Industry. Miranda-Rebolledo, R. (2010). Deterioros en pavimentos flexibles y rígidos. Molina, L. T., et al. (2009). Air quality, weather and climate in Mexico City. Mroueh, U.-M., et al. (2000). Life cycle assessment of Road construction. MS Motorservice International. (2014). Consumo y pérdida de aceite. N. Hernandez-Fernandez, et al. (2019). LCA Consortium for a road environmental-friendly infrastructure in Mexico City. Pantini, S., Borghi, G., & Rigamonti, L. (2018). Towards resource-efficient management of asphalt waste in Lombardy region (Italy). Peralta, O., et al. (2021). Ozone over Mexico City during the COVID-19 pandemic. PRé. (2020). SimaPro. PROFEPA. (2019). Manifestación de Impacto Ambiental. Santero, N., Masanet, E., & Horvath, A. (2010). Life Cycle Assessment of Pavements. Santos, J., et al. (2018). Life cycle assessment of low temperature asphalt mixtures for road pavement surfaces. Schlegel, T., et al. (2016). The limits of partial life cycle assessment studies in road construction practices. SCT. (2006). CMT. CARACTERÍSTICAS DE LOS MATERIALES. SCT. (2017). CATÁLOGO DE SECCIONES ESTRUCTURALES DEPAVIMENTOS. SCT. (2019). Tabulador De Precios Referenciales a Costo Directo. thinkstep. (2020). GaBi. Tokede, O. O., et al. (2020). Life cycle assessment of asphalt variants in infrastructures. United Nations. (2018). World Urbanization Prospects. Vidal, R., et al. (2013). Life cycle assessment of hot mix asphalt and zeolite-based warm mix asphalt. WIRTGEN Group. (2019). Binding agent spreader SW 18 SC. WIRTGEN Group. (2020a). Cold Recyclers and Soil Stabilizers WR Series. WIRTGEN Group. (2020b). Productos.
    [modeling_constants] => Unidad Funcional: Rehabilitación de 1 km-carril de vialidad principal (3.5 m de ancho) en la Ciudad de México, durante un período de estudio de 30 años. La etapa de uso (emisiones de tráfico) y los impactos a la circulación por obras se excluyen de los límites del sistema. Se considera que el transporte de maquinaria y materiales se realiza de noche para minimizar la afectación a los usuarios.
    [access_restrictions] => 0
    [copyright] => 0
    [modeller_uuid] => 
    [owner_uuid] => 
)

2026-05-25 05:14:11 - POST recibido: Array
(
)

2026-05-25 05:17:44 - POST recibido: Array
(
)

2026-05-25 05:18:10 - POST recibido: Array
(
    [action] => save_process
    [uuid] => 47bb0aac-841f-4fd5-886f-c4723d9e6da8
    [isdraft] => 1
    [process_name] => Environmental impact of Oaxaca cheese production and wastewater from artisanal dairies under two scenarios in Aculco, State of Mexico
    [category] => Manufacturing/311 Food Manufacturing/31151 Cheese Manufacturing
    [general_comment] => The environmental impacts in the artisan cheese sector in the central region of Mexico provide a particular panorama of the environmental situation of this industry. The objective of this study was to evaluate environmental impacts through a life cycle analysis in 10 impact categories: global warming, stratospheric ozone depletion, fine particle formation, ozone formation, terrestrial ecosystems, terrestrial acidification, eutrophication of fresh water, terrestrial ecotoxicity, human ecotoxicity. non-carcinogenic toxicity, scarcity of fossil resources and water consumption. And the calculation of the carbon footprint with the IPCC, 2013 of 1 kg of Oaxaca cheese in four dairies artisanal in the State of Mexico. The main hotspots were whey, transportation, and electricity. The reduction of the impact generated by wastewater can be associated with the implementation and improvement of eco-innovations such as the use of biodigesters, however their use generates impacts on SOD, TA, FA, TEc and FRs due to the composition of the whey residue. The renewal of refrigeration equipment is another alternative to reduce electricity consumption, which on average consumes 0.04 kWh per one kg of Oaxaca cheese in cheese factories that have new refrigerators, and 0.14 kWh when refrigerators are reused, mainly impacting the FRs. The average carbon footprint of Oaxaca cheese was 15.6 CO 2 kg eq, which allows us to have a measure of the behavior of this food. A sensitivity analysis was carried out with different scenarios with wastewater where it was found that the handling of whey is essential for reducing impacts.
    [technology_description] => 
    [geo_description] => 
    [process_type] => 
    [time_desc] => 
    [version] => 01.00.000
    [valid_from] => 
    [valid_until] => 
    [project] => This document was supported by the National Council of Science and Technology (CONACYT) for the project "Estudio de productos lácteos en el norte del estado de México a través de un S-ACV: Estudio de caso de dos tipos de quesos" 4285/2017/CI (Universidad Autónoma del Estado de México) and "Repertorios y estrategias culturales de organizaciones y actores en la sustentabilidad de la cadena agroalimentaria de productos lácteos PAPIIT-IN305620 (National Autonomous University of Mexico).
    [lci_method] => The LCA was carried out in accordance with ISO 14040. It consisted of four phases: the establishment of the scope and objectives, the elaboration of the environmental inventories, and the generation and interpretation of the results.
    [ds_data_selection] => The impact of milk prior to arriving at the dairy was eliminated from the calculation in order to focus on the critical points within the cheese production industry.
    [ds_data_treatment] => The data for the inventories were obtained through direct observation and eighteen interviews. Information was corroborated with a veterinary doctor. The data are reflective of a one-year production cycle: Monthly production data were first calculated. Then, the annual averages were estimated for a functional unit of 1 kg of cheese. The values presented are the average of the four dairies studied.
    [data_collection_period] => June 2018 to June 2019
    [ds_data_completeness] => The inventories were calculated for each of the four dairies using data specific to Oaxaca cheese production. Monthly production data were first calculated, then annual averages were estimated for the functional unit.
    [completeness_text] => The study provides a gate-to-gate inventory for the cheese production process, excluding the upstream impacts of raw milk production.
    [sources_text] => Aguirre-Villegas, H.A., Kraatz, S., Milani, F., Newenhouse, A., Passos-Fonseca, T., Reinemann, D., 2011. Understand the Footprint Carbon Cheese. Madison. Aguirre-Villegas, H.A., Milani, F.X., Kraatz, S., Reinemann, D.J., 2012. Life cycle impact assessment and allocations methods development for cheese and whey processing. Am. Soc. Agric. Biol. Eng. 55, 613–627. Alves, E.C., Soares, B.B., de Almeida Neto, J.A., Rodrigues, L.B., 2019. Strategies for reducing the environmental impacts of organic mozzarella cheese production. J. Clean. Prod. 223, 226–237. Antwi, V., 2010. Use of Monte Carlo Analysis in Life Cycle Assessment: Case of Study- Fruits Processing Plant in Ghana. Kwame Nkrumah University of Science and Technology Kumasi-Ghana. AOAC, 1990. Official Methods of Analysis, 15th. Association of Oficial Analytical Chemists, Gaithersburg, MD. PRé, various authors, 2016. SimaPro Database Manual Methods Library. PRé sustainability, Netherlands. Bacenetti, J., Bava, L., Schievano, A., Zucali, M., 2018. Whey protein concentrate (WPC) production: environmental impact assessment. J. Food Eng. Bachmann, R.T., Becerra, M., Cerdn, E., Gonzlez-Siso, I., Hernandez, J.E., Johnson, A.C., 2008. Biogas production from cheese whey: past, present and future. In: Becerra, Manuel, Cerdán, M.E., González-Siso, I. (Eds.), Advances in Cheese Whey Utilization. Transworld research network, Kerala, India, pp. 35–80. Bava, L., Bacenetti, J., Gislon, G., Pellegrino, L., D'Incecco, P., Sandrucci, A., Tamburini, A., Fiala, M., Zucali, M., 2018. Impact assessment of traditional food manufacturing: the case of Grana Padano cheese. Sci. Total Environ. 626, 1200–1209. Berlin, J., 2002. Environmental life cycle assessment (LCA) of Swedish semi-hard cheese. Int. Dairy J. 12, 939–953. Bourlakis, M., Maglaras, G., Gallear, D., Fotopoulos, C., 2014. Examining sustainability performance in the supply chain: the case of the Greek dairy sector. Ind. Market. Manag. 43, 56–66. Canellada, F., Laca, Amanda, Laca, Adriana, Díaz, M., 2018. Environmental impact of cheese production: a case study of a small-scale factory in southern Europe and global overview of carbon footprint. Sci. Total Environ. 635, 167–177. CANILEC, 2011. Libro Blanco, vol. 1, p. 1°. México. Carvalho, F., Prazeres, A.R., Rivas, J., 2013. Cheese whey wastewater: characterization and treatment. Sci. Total Environ. 445–446, 385–396. Cherubini, E., Franco, D., Zanghelini, G.M., Soares, S.R., 2018. Uncertainty in LCA case study due to allocation approaches and life cycle impact assessment methods. Int. J. Life Cycle Assess. Crespo, J., Réquier-Desjardins, D., Vicente, J., 2014. Why can collective action fail in Local Agri-food Systems? A social network analysis of cheese producers in Aculco, Mexico. Food Pol. 46, 165–177. Dalla Riva, A., Burek, J., Kim, D., Thoma, G., Cassandro, M., De Marchi, M., 2015. The environmental impact of cow milk in the northeast of Italy. Poljoprivreda/Agri. 21, 105–108. Dalla Riva, A., Burek, J., Kim, D., Thoma, G., Cassandro, M., De Marchi, M., 2017. Environmental life cycle assessment of Italian mozzarella cheese: hotspots and improvement opportunities. J. Dairy Sci. 100, 7933–7952. Djekic, I., Miocinovic, J., Tomasevic, I., Smigic, N., Tomic, N., 2014. Environmental life- cycle assessment of various dairy products. J. Clean. Prod. 68, 64–72. Edomex, 2020. Municipio Aculco [WWW Document] Gob. Aculco, Edo Méx. URL. http://aculco.edomex.gob.mx/localizacion. Espinosa Ayala, E., Arriaga Jordán, C., Boucher, F., Espinoza Ortega, A., 2013. Generación de valor en un Sistema Agroalimentario Localizado (SIAL) productor de quesos tradicionales en el centro de México. Rev. la Fac. Agron. 112, 36–44. Famiglietti, J., Guerci, M., Proserpio, C., Ravaglia, P., Motta, M., 2019. Development and testing of the product environmental footprint milk tool: a comprehensive LCA tool for dairy products. Sci. Total Environ. 648, 1614–1626. FAO, 2010. Greenhouse Gas Emissions from the Dairy Sector. Food and agriculture organization of the United Nations, Rome. FAO, 2019. Five Practical Actions towards Low-Carbon Livestock. Rome. FAO-FEPALE, 2012. FAO, Situación de la Lechería en América Latina y el Caribe en 2011. Fernández Espejel, G., Sánchez, O., 2019. El plástico modernidad y deterioro ambiental. Carpeta Inf. CESOP 1–33. Ferreira, F.U., Robra, S., Ribeiro, P.C.C., Gomes, C.F.S., Almeida Neto, J.A. de, Rodrigues, L.B., 2020. Towards a contribution to sustainable management of a dairy supply chain. Production 30. Fields, A., 2013. Discovering Statistics Using SPSS, 4TH ed. SAGE Publications Ltd. Finnegan, W., Goggins, J., Clifford, E., Zhan, X., 2016. Environmental impacts of milk powder and butter manufactured in the Republic of Ireland. Sci. Total Environ. 579, 159–168. Finnegan, W., Yan, M., Holden, N.M., Goggins, J., 2017. A review of environmental life cycle assessment studies examining cheese production. Int J Life Cycle Assess online. Galindo, E.P.D., Carranza, B.V., Castillo, A.D.C.G., Jordan, C.M.A., Quintero-Salazar, B., Acosta, P.C., Ordoñez, V.V., 2017. Caracterización de queso fresco comercializado en mercados fijos y populares de Toluca, Estado de México. Rev. Mex. Ciencias Pecu. 8, 139–146. González-García, S., Hospido, A., Moreira, M.T., Feijoo, G., Arroja, L., 2013. Environmental life cycle assessment of a Galician cheese: san Simon da Costa. J. Clean. Prod. 52, 253–262. Gosalvitr, P., Cuellar-Franca, R., Smith, R., Azapagic, A., 2019. Energy demand and carbon footprint of cheddar cheese with energy recovery from cheese whey. Energy Procedia 161, 10–16. Huerta, A.R., Güereca, L.P., Lozano, M.D.L.S.R., 2016. Environmental impact of beef production in Mexico through life cycle assessment. Resour. Conserv. Recycl. 109, 44–53. IDF, 2012. Air emissions from dairy processing and energy plants. Bull. Int. Dairy Fed. 454, 1–27, 0250-5118. IPCC, 2013. IPCC - intergovernmental panel on climate change. Jungbluth, N., Keller, R., Meili, C., 2018. Life cycle assessment of a detailed dairy processing model and recommendations for the allocation to single products. Int. J. Life Cycle Assess. 23, 1806–1813. Kim, D., Thoma, G., Nutter, D., Milani, F., Ulrich, R., Norris, G., 2013. Life cycle assessment of cheese and whey production in the USA. Int. J. Life Cycle Assess. 18, 1019–1035. Molina-Rivera, M., Rafael, O.-P., Galindo-Maldonado, F.A., Arriaga-Jordán, C.M., 2019. Análisis de ciclo de vida de tres sistemas ganaderos tropicales en Campeche, México: caso de estudio. Trop. Subtrop. Agroecosyst. 22, 127–141. Mondello, G., Salomone, R., Neri, E., Patrizi, N., Bastianoni, S., Lanuzza, F., 2018. Environmental hot-spots and improvement scenarios for tuscan "pecorino" cheese using life cycle assessment. J. Clean. Prod. 195, 810–820. Nigri, E.M., de Barros, A.C., Rocha, S.D.F., Filho, E.R., 2014. Assessing environmental impacts using a comparative LCA of industrial and artisanal production processes: "Minas Cheese" case. Food Sci. Technol. 34, 522–531. NMX, 1976. NMX-F-098-1976. Determinación de proteínas en quesos. NMX, 1984. NMX-F-100-1984. Alimentos Lácteos. Determinación de grasa butírica en quesos. Oca-Flores, E., Espinoza-Ortega, A., Arriaga-Jordán, C.M., 2019. Propiedades tecnológicas y fisicoquímicas de la leche y características fisicoquímicas del queso Oaxaca tradicional. Rev. Mex. Ciencias Pecu. 10, 367–379. Olea Perez, R., 2009. Analysis of Sustainability in the Pig Production Chain: Life Cycle Assessment of Contrasting Scenarios. Osorio-Arce, M.M., Segura-Correa, J.C., 2011. Análisis de Ciclo de Vida de la Carne Bovino en Sonora: etapa de Sacrificio. In: International Workshop Advances in Cleaner Production. Palmieri, N., Forleo, M.B., Salimei, E., 2017. Environmental impacts of a dairy cheese chain including whey feeding: an Italian case study. J. Clean. Prod. 140, 881–889. Pelletier, N., Audsley, E., Brodt, S., Garnett, T., Henriksson, P., Kendall, A., Kramer, K.J., Murphy, D., Nemecek, T., Troell, M., 2011. Energy intensity of agriculture and food systems. Annu. Rev. Environ. Resour. 36, 223–246. Powell, N., Broughton, A., Pratt, C., Shilton, A., 2013. Effect of whey storage on biogas produced by co-digestion of sewage sludge and whey. Environ. Technol. (United Kingdom) 34, 2743–2748. Prazeres, A.R., Carvalho, F., Rivas, J., 2012. Cheese whey management: a review. J. Environ. Manag. 110, 48–68. Rajeshwari, K.V., Balakrishnan, M., Kansal, A., Lata, K., Kishore, V.V.N., 2000. State-of- the-art of anaerobic digestion technology for industrial wastewater treatment. Renew. Sustain. Energy Rev. 4, 135–156. Rivas-Garcia, P., Botello-Alvarez, J.E., Abel Seabra, J.E., Da Silva Walter, A.C., Estrada- Baltazar, A., 2015. Environmental implications of anaerobic digestion for manure management in dairy farms in Mexico: a life cycle perspective. Environ. Technol. (United Kingdom) 36, 2198–2209. Santos, H.C.M., Maranduba, H.L., de Almeida Neto, J.A., Rodrigues, L.B., 2017. Life cycle assessment of cheese production process in a small-sized dairy industry in Brazil. Environ. Sci. Pollut. Res. 24, 3470–3482. Santoyo-Castelazo, E., Gujba, H., Azapagic, A., 2011. Life cycle assessment of electricity generation in Mexico. Energy 36, 1488–1499. Slavov, A.K., 2017. General characteristics and treatment possibilities of dairy wastewater -a review. Food Technol. Biotechnol. 55, 14–28. Thoma, G., Popp, J., Nutter, D., Shonnard, D., Ulrich, R., Matlock, M., Kim, D.S., Neiderman, Z., Kemper, N., East, C., Adom, F., 2013. Greenhouse gas emissions from milk production and consumption in the United States: a cradle-to-grave life cycle assessment circa 2008. Int. Dairy J. 31. Tobón, A., 2017. Evaluación del impacto ambiental en biodigestores anaeróbicos en el SENA, Regional Cesar. Sena 5, 39–49. Toscano, C.F., Martin-del-Campo, C., Moeller-Chavez, G., de los Santos, G.L., François, J. L., Fernandez, D.R., 2019. Life cycle assessment of a combined-cycle gas turbine with a focus on the chemicals used in water conditioning. Sustain 11. Üçtuğ, F.G., 2019. The environmental life cycle assessment of dairy products. Food Eng. Rev. 11, 104–121. Vicencio-de la Rosa, M.G., Valencia-Vázquez, R., Pérez-López, M.E., Martínez-Prado, M. A., Ramírez-Ramírez, E.S., 2015. Stabilization by co-composting of solids removed from wastewater treatment plant of a cheese factory. Rev. Mex. Ing. química 14, 61–71.
    [modeling_constants] => The functional unit was 1 kg of Oaxaca cheese. The life cycle analysis was characterized from the reception of raw milk at the producer's door until the exit of the product for retail sale. Data on milk production was left out of the system, although the raw material (milk) was considered as an input. Whey was considered an avoided product because it is re-used as food by pig farms. It was considered that 10% of whey is lost and allocated to wastewater.
    [access_restrictions] => 
    [copyright] => 0
    [modeller_uuid] => 
    [owner_uuid] => 
)

2026-05-25 05:18:11 - POST recibido: Array
(
)

2026-05-25 05:45:23 - POST recibido: Array
(
)

2026-05-25 05:46:03 - POST recibido: Array
(
    [action] => save_process
    [uuid] => cfc5228a-e3c7-47a5-b9fb-78d8cc48ab7d
    [isdraft] => 1
    [process_name] => EPD: SANDWICH PANELS ISODECK PVSTEEL TPO-PVC WITH STEEL FACINGS AND INSULATING CORE OF POLYURETHAN OR POLYSOCINURATE FOAM
    [category] => Manufacturing/332 Fabricated Metal Product Manufacturing/332311 Prefabricated Metal Building and Component Manufacturing
    [general_comment] => Environmental Product Declaration for 1 m² of Isodeck PVSteel PU - PVC insulating roof panel with an insulation thickness of 80 mm and steel sheet thickness of 0.8 mm (external with membrane) + 0.5 mm (internal). The study follows a 'cradle-to-gate with options' approach, including modules A1-A5 (product stage, construction), C1-C4 (end-of-life), and D (benefits and loads beyond the system boundary). The panel consists of two external pre-painted galvanized steel supports enclosing an insulating core of polyurethane or polyisocyanurate foam. The results of this EPD are also applicable to the Isodeck PVSteel PU TPO (with the same insulation core thickness and sheet metal).
    [technology_description] => 
    [geo_description] => 
    [process_type] => 
    [time_desc] => 
    [version] => 01.00.000
    [valid_from] => 
    [valid_until] => 
    [project] => 
    [lci_method] => In accordance with ISO 14025:2006 and EN 15804:2012+A2:2019/AC:2021
    [ds_data_selection] => Cut-off criterion of 1% maximum for material and energy contributions.
    [ds_data_treatment] => Energy and material consumption have been allocated to the specific product based on the annual production of the panels.
    [data_collection_period] => 2020
    [ds_data_completeness] => The sum of excluded material inputs does not exceed 1% of the total material inputs. To the knowledge of the authors of the LCA study no exclusions have been made.
    [completeness_text] => High, based on a 1% cut-off rule and inclusion of all known relevant flows for the declared scope.
    [sources_text] => GENERAL PROGRAMME INSTRUCTIONS FOR THE INTERNATIONAL EPD® SYSTEM, VER 4.0 (2021-02-29); PCR 2019:14 version 1.2.5, 2022-11-01 'Construction products'; ΕΝ 15804:2012 + A2:2019; UNI EN ISO 14025:2010; UNI EN ISO 14040:2021; UNI EN ISO 14044:2021; UNI EN 16783:2017; c-PCR-005 Thermal Insulation products (EN 16783); Life Cycle Assessment Technical Report, October 2022 - Bureau Veritas Nexta Srl
    [modeling_constants] => Cut-off criterion of 1% maximum for the contributions of material and energy. The sum of excluded material inputs does not exceed 1% of the total material inputs. Energy and material consumption allocated based on annual production.
    [access_restrictions] => 
    [copyright] => 0
    [modeller_uuid] => 
    [owner_uuid] => 
)

2026-05-25 05:46:04 - POST recibido: Array
(
)

2026-05-25 14:16:49 - POST recibido: Array
(
)

2026-05-25 17:47:39 - POST recibido: Array
(
)

2026-05-25 17:47:52 - POST recibido: Array
(
    [action] => save_process
    [uuid] => 09e37266-a2ed-443c-83ab-0530e71f329d
    [process_name] => Análisis de Ciclo de Vida comparativo de pavimentos en la Ciudad de México
    [category] => Construction/237 Heavy and Civil Engineering Construction
    [general_comment] => El objetivo de este trabajo de tesis es cuantificar y analizar los impactos ambientales de tres distintos métodos de tratamientos de rehabilitación de carpetas asfálticas propuestos para las vialidades de la red primaria de la Ciudad de México (CDMX) y compararlos con el procedimiento actual para determinar la factibilidad de la introducción de alternativas distintas de rehabilitación con base en un enfoque de Análisis de Ciclo de Vida (ACV), basado en las Normas ISO 14040 y 14044. El Escenario Base (cero) representa la forma actual: un fresado parcial de la carpeta asfáltica y reencarpetado de siete centímetros. La Unidad Funcional se define como la rehabilitación de la carpeta asfáltica de 1 km-carril de vialidad principal de la Ciudad de México con 3.5 metros de ancho, durante un período de estudio de 30 años. El alcance de los sistemas toma en cuenta todo el Ciclo de Vida de la rehabilitación de la carpeta: desde la primera extracción de materias primas, hasta la última remoción y disposición final del material residual. De los cuatro sistemas evaluados se observó que el Escenario Base obtuvo el peor desempeño ambiental, debido principalmente a su corta vida útil de 3 años. El escenario con los menores impactos ambientales resulta ser el Escenario 3, reciclaje en caliente (Hot In-place Recycling).
    [technology_description] => 
    [geo_description] => 
    [process_type] => 
    [time_desc] => 
    [version] => 01.00.000
    [valid_from] => 0000-00-00
    [valid_until] => 0000-00-00
    [project] => Tesis para obtener el título de Ingeniero Civil
    [lci_method] => ISO 14040:2006, ISO 14044:2006. Metodología de evaluación de impacto: ReCiPe.
    [ds_data_selection] => Se seleccionó el Escenario 0 como el método convencional de rehabilitación en la CDMX. Este consiste en un fresado parcial de 7cm y reencarpetado, con una vida útil estimada de 3 años, lo que implica 10 ciclos de rehabilitación en el período de estudio de 30 años.
    [ds_data_treatment] => Los datos del inventario fueron calculados conforme a la Unidad Funcional, considerando la vida útil de cada alternativa y las repeticiones necesarias durante un período de 30 años. Los datos de operación de maquinaria se normalizaron a una potencia de 74.57kW cuando fue necesario.
    [data_collection_period] => c. 2010-2020
    [ds_data_completeness] => El estudio cubre todas las etapas del ciclo de vida: extracción de materias primas, trituración y procesado, transporte, rehabilitación (uso de maquinaria), remoción, y disposición final. La etapa de uso es excluida por ser constante entre escenarios.
    [completeness_text] => El estudio presenta un Análisis de Ciclo de Vida Ambiental y un Análisis de Costo de Ciclo de Vida. El Análisis de Ciclo de Vida Social no fue incluido.
    [sources_text] => APA. (2011). LIFE-CYCLE COST ANALYSIS: A POSITION PAPER. Arquitec. (2016). Petrolizadoras. Banxico. (2020). Tasas de Inflación. Basso, D. (n.d.). Máquina fresadora de pavimentos. Butt, A. A. (2012). Life Cycle Assessment of Asphalt Pavements including the Feedstock Energy and Asphalt Additives. Caballero Güereca, C. E. (2020). Apéndice 1: Encuesta de evaluación de softwares de análisis de ciclo de vida. Caterpillar. (2009). Compactadores de suelos vibratorios Cs44 cp44. Caterpillar. (2010). PS150C. Diario de la Federacion. (2013). Ley general del equilibrio ecológico y protección del medio ambiente. Díaz Infante de la Mora, L. A. (2018). Curso de edificación (3a ed.). Doka, G. (2003). Life Cycle Inventories of Waste Treatment Services. Ecoinvent Report No. 13. Expansión. (2021). México baja sus tipos de interés. García, J. (2012). Petrolizadoras. Garnica, P., Delgado, H., Gómez, J. A., Romero, S. A., & Alarcón, H. A. (2004). Aspectos del diseño volumétrico de mezclas asfálticas. Giani, M. I., Dotelli, G., Brandini, N., & Zampori, L. (2015). Comparative life cycle assessment of asphalt pavements using reclaimed asphalt, warm mix technology and cold in-place recycling. Goedkoop, M. J., et al. (2013). Category indicators at the midpoint and the endpoint level ReCiPe 2008. GreenDelta. (2020). openLCA. Grupo Selome S.A. de C.V. (2009). MIA Regional, Carretera México-Tuxpan. Güereca, L. P. (2006). Desarrollo de una metodología para la valoración en el Análisis del Ciclo de Vida aplicada a la gestión integral de residuos municipales. Güereca, L. P., Juárez-López, C. R., & Ossa-López, A. (2014). Evaluación comparativa de los impactos ambientales de dos tipos de pavimentos. HAMM. (n.d.). Compactador con tambor liso Compactadores Serie 3000. Hasan, U., Whyte, A., & Al Jassmi, H. (2020). Life cycle assessment of roadworks in United Arab Emirates. Hernández-Michaca, J. L., et al. (2001). Impacto ambiental de proyectos carreteros. ifu Hamburg. (2020). Umberto LCA+. Instituto Nacional de Estadística y Geografía. (2016). Síntesis metodológica de la Estadística de vehículos de motor registrados en circulación. ISO. (2006). ISO 14040-Environmental management - Life Cycle Assessment - Principles and Framework. Jelse, K., Eriksson, E., & Einarson, E. (2009). Life Cycle Assessment of consumer packaging for liquid food. Ma, F., et al. (2020). Life cycle assessment of greenhouse gas emissions from asphalt pavement maintenance. Maquinarias-Pesadas. (2010). Tablas rendimiento, consumo combustible, costo maquinaria pesada. Mavis, J. (2003). Water Use in Industries of the Future: Mining Industry. Miranda-Rebolledo, R. (2010). Deterioros en pavimentos flexibles y rígidos. Molina, L. T., et al. (2009). Air quality, weather and climate in Mexico City. Mroueh, U.-M., et al. (2000). Life cycle assessment of Road construction. MS Motorservice International. (2014). Consumo y pérdida de aceite. N. Hernandez-Fernandez, et al. (2019). LCA Consortium for a road environmental-friendly infrastructure in Mexico City. Pantini, S., Borghi, G., & Rigamonti, L. (2018). Towards resource-efficient management of asphalt waste in Lombardy region (Italy). Peralta, O., et al. (2021). Ozone over Mexico City during the COVID-19 pandemic. PRé. (2020). SimaPro. PROFEPA. (2019). Manifestación de Impacto Ambiental. Santero, N., Masanet, E., & Horvath, A. (2010). Life Cycle Assessment of Pavements. Santos, J., et al. (2018). Life cycle assessment of low temperature asphalt mixtures for road pavement surfaces. Schlegel, T., et al. (2016). The limits of partial life cycle assessment studies in road construction practices. SCT. (2006). CMT. CARACTERÍSTICAS DE LOS MATERIALES. SCT. (2017). CATÁLOGO DE SECCIONES ESTRUCTURALES DEPAVIMENTOS. SCT. (2019). Tabulador De Precios Referenciales a Costo Directo. thinkstep. (2020). GaBi. Tokede, O. O., et al. (2020). Life cycle assessment of asphalt variants in infrastructures. United Nations. (2018). World Urbanization Prospects. Vidal, R., et al. (2013). Life cycle assessment of hot mix asphalt and zeolite-based warm mix asphalt. WIRTGEN Group. (2019). Binding agent spreader SW 18 SC. WIRTGEN Group. (2020a). Cold Recyclers and Soil Stabilizers WR Series. WIRTGEN Group. (2020b). Productos.
    [modeling_constants] => Unidad Funcional: Rehabilitación de 1 km-carril de vialidad principal (3.5 m de ancho) en la Ciudad de México, durante un período de estudio de 30 años. La etapa de uso (emisiones de tráfico) y los impactos a la circulación por obras se excluyen de los límites del sistema. Se considera que el transporte de maquinaria y materiales se realiza de noche para minimizar la afectación a los usuarios.
    [access_restrictions] => 0
    [copyright] => 0
    [modeller_uuid] => 
    [owner_uuid] => 
)

2026-05-25 17:48:09 - POST recibido: Array
(
)

2026-05-25 17:48:29 - POST recibido: Array
(
    [action] => save_process
    [uuid] => 47bb0aac-841f-4fd5-886f-c4723d9e6da8
    [process_name] => Environmental impact of Oaxaca cheese production and wastewater from artisanal dairies under two scenarios in Aculco, State of Mexico
    [category] => Manufacturing/311 Food Manufacturing/31151 Cheese Manufacturing
    [general_comment] => The environmental impacts in the artisan cheese sector in the central region of Mexico provide a particular panorama of the environmental situation of this industry. The objective of this study was to evaluate environmental impacts through a life cycle analysis in 10 impact categories: global warming, stratospheric ozone depletion, fine particle formation, ozone formation, terrestrial ecosystems, terrestrial acidification, eutrophication of fresh water, terrestrial ecotoxicity, human ecotoxicity. non-carcinogenic toxicity, scarcity of fossil resources and water consumption. And the calculation of the carbon footprint with the IPCC, 2013 of 1 kg of Oaxaca cheese in four dairies artisanal in the State of Mexico. The main hotspots were whey, transportation, and electricity. The reduction of the impact generated by wastewater can be associated with the implementation and improvement of eco-innovations such as the use of biodigesters, however their use generates impacts on SOD, TA, FA, TEc and FRs due to the composition of the whey residue. The renewal of refrigeration equipment is another alternative to reduce electricity consumption, which on average consumes 0.04 kWh per one kg of Oaxaca cheese in cheese factories that have new refrigerators, and 0.14 kWh when refrigerators are reused, mainly impacting the FRs. The average carbon footprint of Oaxaca cheese was 15.6 CO 2 kg eq, which allows us to have a measure of the behavior of this food. A sensitivity analysis was carried out with different scenarios with wastewater where it was found that the handling of whey is essential for reducing impacts.
    [technology_description] => 
    [geo_description] => 
    [process_type] => 
    [time_desc] => 
    [version] => 01.00.000
    [valid_from] => 0000-00-00
    [valid_until] => 0000-00-00
    [project] => This document was supported by the National Council of Science and Technology (CONACYT) for the project "Estudio de productos lácteos en el norte del estado de México a través de un S-ACV: Estudio de caso de dos tipos de quesos" 4285/2017/CI (Universidad Autónoma del Estado de México) and "Repertorios y estrategias culturales de organizaciones y actores en la sustentabilidad de la cadena agroalimentaria de productos lácteos PAPIIT-IN305620 (National Autonomous University of Mexico).
    [lci_method] => The LCA was carried out in accordance with ISO 14040. It consisted of four phases: the establishment of the scope and objectives, the elaboration of the environmental inventories, and the generation and interpretation of the results.
    [ds_data_selection] => The impact of milk prior to arriving at the dairy was eliminated from the calculation in order to focus on the critical points within the cheese production industry.
    [ds_data_treatment] => The data for the inventories were obtained through direct observation and eighteen interviews. Information was corroborated with a veterinary doctor. The data are reflective of a one-year production cycle: Monthly production data were first calculated. Then, the annual averages were estimated for a functional unit of 1 kg of cheese. The values presented are the average of the four dairies studied.
    [data_collection_period] => June 2018 to June 2019
    [ds_data_completeness] => The inventories were calculated for each of the four dairies using data specific to Oaxaca cheese production. Monthly production data were first calculated, then annual averages were estimated for the functional unit.
    [completeness_text] => The study provides a gate-to-gate inventory for the cheese production process, excluding the upstream impacts of raw milk production.
    [sources_text] => Aguirre-Villegas, H.A., Kraatz, S., Milani, F., Newenhouse, A., Passos-Fonseca, T., Reinemann, D., 2011. Understand the Footprint Carbon Cheese. Madison. Aguirre-Villegas, H.A., Milani, F.X., Kraatz, S., Reinemann, D.J., 2012. Life cycle impact assessment and allocations methods development for cheese and whey processing. Am. Soc. Agric. Biol. Eng. 55, 613–627. Alves, E.C., Soares, B.B., de Almeida Neto, J.A., Rodrigues, L.B., 2019. Strategies for reducing the environmental impacts of organic mozzarella cheese production. J. Clean. Prod. 223, 226–237. Antwi, V., 2010. Use of Monte Carlo Analysis in Life Cycle Assessment: Case of Study- Fruits Processing Plant in Ghana. Kwame Nkrumah University of Science and Technology Kumasi-Ghana. AOAC, 1990. Official Methods of Analysis, 15th. Association of Oficial Analytical Chemists, Gaithersburg, MD. PRé, various authors, 2016. SimaPro Database Manual Methods Library. PRé sustainability, Netherlands. Bacenetti, J., Bava, L., Schievano, A., Zucali, M., 2018. Whey protein concentrate (WPC) production: environmental impact assessment. J. Food Eng. Bachmann, R.T., Becerra, M., Cerdn, E., Gonzlez-Siso, I., Hernandez, J.E., Johnson, A.C., 2008. Biogas production from cheese whey: past, present and future. In: Becerra, Manuel, Cerdán, M.E., González-Siso, I. (Eds.), Advances in Cheese Whey Utilization. Transworld research network, Kerala, India, pp. 35–80. Bava, L., Bacenetti, J., Gislon, G., Pellegrino, L., D'Incecco, P., Sandrucci, A., Tamburini, A., Fiala, M., Zucali, M., 2018. Impact assessment of traditional food manufacturing: the case of Grana Padano cheese. Sci. Total Environ. 626, 1200–1209. Berlin, J., 2002. Environmental life cycle assessment (LCA) of Swedish semi-hard cheese. Int. Dairy J. 12, 939–953. Bourlakis, M., Maglaras, G., Gallear, D., Fotopoulos, C., 2014. Examining sustainability performance in the supply chain: the case of the Greek dairy sector. Ind. Market. Manag. 43, 56–66. Canellada, F., Laca, Amanda, Laca, Adriana, Díaz, M., 2018. Environmental impact of cheese production: a case study of a small-scale factory in southern Europe and global overview of carbon footprint. Sci. Total Environ. 635, 167–177. CANILEC, 2011. Libro Blanco, vol. 1, p. 1°. México. Carvalho, F., Prazeres, A.R., Rivas, J., 2013. Cheese whey wastewater: characterization and treatment. Sci. Total Environ. 445–446, 385–396. Cherubini, E., Franco, D., Zanghelini, G.M., Soares, S.R., 2018. Uncertainty in LCA case study due to allocation approaches and life cycle impact assessment methods. Int. J. Life Cycle Assess. Crespo, J., Réquier-Desjardins, D., Vicente, J., 2014. Why can collective action fail in Local Agri-food Systems? A social network analysis of cheese producers in Aculco, Mexico. Food Pol. 46, 165–177. Dalla Riva, A., Burek, J., Kim, D., Thoma, G., Cassandro, M., De Marchi, M., 2015. The environmental impact of cow milk in the northeast of Italy. Poljoprivreda/Agri. 21, 105–108. Dalla Riva, A., Burek, J., Kim, D., Thoma, G., Cassandro, M., De Marchi, M., 2017. Environmental life cycle assessment of Italian mozzarella cheese: hotspots and improvement opportunities. J. Dairy Sci. 100, 7933–7952. Djekic, I., Miocinovic, J., Tomasevic, I., Smigic, N., Tomic, N., 2014. Environmental life- cycle assessment of various dairy products. J. Clean. Prod. 68, 64–72. Edomex, 2020. Municipio Aculco [WWW Document] Gob. Aculco, Edo Méx. URL. http://aculco.edomex.gob.mx/localizacion. Espinosa Ayala, E., Arriaga Jordán, C., Boucher, F., Espinoza Ortega, A., 2013. Generación de valor en un Sistema Agroalimentario Localizado (SIAL) productor de quesos tradicionales en el centro de México. Rev. la Fac. Agron. 112, 36–44. Famiglietti, J., Guerci, M., Proserpio, C., Ravaglia, P., Motta, M., 2019. Development and testing of the product environmental footprint milk tool: a comprehensive LCA tool for dairy products. Sci. Total Environ. 648, 1614–1626. FAO, 2010. Greenhouse Gas Emissions from the Dairy Sector. Food and agriculture organization of the United Nations, Rome. FAO, 2019. Five Practical Actions towards Low-Carbon Livestock. Rome. FAO-FEPALE, 2012. FAO, Situación de la Lechería en América Latina y el Caribe en 2011. Fernández Espejel, G., Sánchez, O., 2019. El plástico modernidad y deterioro ambiental. Carpeta Inf. CESOP 1–33. Ferreira, F.U., Robra, S., Ribeiro, P.C.C., Gomes, C.F.S., Almeida Neto, J.A. de, Rodrigues, L.B., 2020. Towards a contribution to sustainable management of a dairy supply chain. Production 30. Fields, A., 2013. Discovering Statistics Using SPSS, 4TH ed. SAGE Publications Ltd. Finnegan, W., Goggins, J., Clifford, E., Zhan, X., 2016. Environmental impacts of milk powder and butter manufactured in the Republic of Ireland. Sci. Total Environ. 579, 159–168. Finnegan, W., Yan, M., Holden, N.M., Goggins, J., 2017. A review of environmental life cycle assessment studies examining cheese production. Int J Life Cycle Assess online. Galindo, E.P.D., Carranza, B.V., Castillo, A.D.C.G., Jordan, C.M.A., Quintero-Salazar, B., Acosta, P.C., Ordoñez, V.V., 2017. Caracterización de queso fresco comercializado en mercados fijos y populares de Toluca, Estado de México. Rev. Mex. Ciencias Pecu. 8, 139–146. González-García, S., Hospido, A., Moreira, M.T., Feijoo, G., Arroja, L., 2013. Environmental life cycle assessment of a Galician cheese: san Simon da Costa. J. Clean. Prod. 52, 253–262. Gosalvitr, P., Cuellar-Franca, R., Smith, R., Azapagic, A., 2019. Energy demand and carbon footprint of cheddar cheese with energy recovery from cheese whey. Energy Procedia 161, 10–16. Huerta, A.R., Güereca, L.P., Lozano, M.D.L.S.R., 2016. Environmental impact of beef production in Mexico through life cycle assessment. Resour. Conserv. Recycl. 109, 44–53. IDF, 2012. Air emissions from dairy processing and energy plants. Bull. Int. Dairy Fed. 454, 1–27, 0250-5118. IPCC, 2013. IPCC - intergovernmental panel on climate change. Jungbluth, N., Keller, R., Meili, C., 2018. Life cycle assessment of a detailed dairy processing model and recommendations for the allocation to single products. Int. J. Life Cycle Assess. 23, 1806–1813. Kim, D., Thoma, G., Nutter, D., Milani, F., Ulrich, R., Norris, G., 2013. Life cycle assessment of cheese and whey production in the USA. Int. J. Life Cycle Assess. 18, 1019–1035. Molina-Rivera, M., Rafael, O.-P., Galindo-Maldonado, F.A., Arriaga-Jordán, C.M., 2019. Análisis de ciclo de vida de tres sistemas ganaderos tropicales en Campeche, México: caso de estudio. Trop. Subtrop. Agroecosyst. 22, 127–141. Mondello, G., Salomone, R., Neri, E., Patrizi, N., Bastianoni, S., Lanuzza, F., 2018. Environmental hot-spots and improvement scenarios for tuscan "pecorino" cheese using life cycle assessment. J. Clean. Prod. 195, 810–820. Nigri, E.M., de Barros, A.C., Rocha, S.D.F., Filho, E.R., 2014. Assessing environmental impacts using a comparative LCA of industrial and artisanal production processes: "Minas Cheese" case. Food Sci. Technol. 34, 522–531. NMX, 1976. NMX-F-098-1976. Determinación de proteínas en quesos. NMX, 1984. NMX-F-100-1984. Alimentos Lácteos. Determinación de grasa butírica en quesos. Oca-Flores, E., Espinoza-Ortega, A., Arriaga-Jordán, C.M., 2019. Propiedades tecnológicas y fisicoquímicas de la leche y características fisicoquímicas del queso Oaxaca tradicional. Rev. Mex. Ciencias Pecu. 10, 367–379. Olea Perez, R., 2009. Analysis of Sustainability in the Pig Production Chain: Life Cycle Assessment of Contrasting Scenarios. Osorio-Arce, M.M., Segura-Correa, J.C., 2011. Análisis de Ciclo de Vida de la Carne Bovino en Sonora: etapa de Sacrificio. In: International Workshop Advances in Cleaner Production. Palmieri, N., Forleo, M.B., Salimei, E., 2017. Environmental impacts of a dairy cheese chain including whey feeding: an Italian case study. J. Clean. Prod. 140, 881–889. Pelletier, N., Audsley, E., Brodt, S., Garnett, T., Henriksson, P., Kendall, A., Kramer, K.J., Murphy, D., Nemecek, T., Troell, M., 2011. Energy intensity of agriculture and food systems. Annu. Rev. Environ. Resour. 36, 223–246. Powell, N., Broughton, A., Pratt, C., Shilton, A., 2013. Effect of whey storage on biogas produced by co-digestion of sewage sludge and whey. Environ. Technol. (United Kingdom) 34, 2743–2748. Prazeres, A.R., Carvalho, F., Rivas, J., 2012. Cheese whey management: a review. J. Environ. Manag. 110, 48–68. Rajeshwari, K.V., Balakrishnan, M., Kansal, A., Lata, K., Kishore, V.V.N., 2000. State-of- the-art of anaerobic digestion technology for industrial wastewater treatment. Renew. Sustain. Energy Rev. 4, 135–156. Rivas-Garcia, P., Botello-Alvarez, J.E., Abel Seabra, J.E., Da Silva Walter, A.C., Estrada- Baltazar, A., 2015. Environmental implications of anaerobic digestion for manure management in dairy farms in Mexico: a life cycle perspective. Environ. Technol. (United Kingdom) 36, 2198–2209. Santos, H.C.M., Maranduba, H.L., de Almeida Neto, J.A., Rodrigues, L.B., 2017. Life cycle assessment of cheese production process in a small-sized dairy industry in Brazil. Environ. Sci. Pollut. Res. 24, 3470–3482. Santoyo-Castelazo, E., Gujba, H., Azapagic, A., 2011. Life cycle assessment of electricity generation in Mexico. Energy 36, 1488–1499. Slavov, A.K., 2017. General characteristics and treatment possibilities of dairy wastewater -a review. Food Technol. Biotechnol. 55, 14–28. Thoma, G., Popp, J., Nutter, D., Shonnard, D., Ulrich, R., Matlock, M., Kim, D.S., Neiderman, Z., Kemper, N., East, C., Adom, F., 2013. Greenhouse gas emissions from milk production and consumption in the United States: a cradle-to-grave life cycle assessment circa 2008. Int. Dairy J. 31. Tobón, A., 2017. Evaluación del impacto ambiental en biodigestores anaeróbicos en el SENA, Regional Cesar. Sena 5, 39–49. Toscano, C.F., Martin-del-Campo, C., Moeller-Chavez, G., de los Santos, G.L., François, J. L., Fernandez, D.R., 2019. Life cycle assessment of a combined-cycle gas turbine with a focus on the chemicals used in water conditioning. Sustain 11. Üçtuğ, F.G., 2019. The environmental life cycle assessment of dairy products. Food Eng. Rev. 11, 104–121. Vicencio-de la Rosa, M.G., Valencia-Vázquez, R., Pérez-López, M.E., Martínez-Prado, M. A., Ramírez-Ramírez, E.S., 2015. Stabilization by co-composting of solids removed from wastewater treatment plant of a cheese factory. Rev. Mex. Ing. química 14, 61–71.
    [modeling_constants] => The functional unit was 1 kg of Oaxaca cheese. The life cycle analysis was characterized from the reception of raw milk at the producer's door until the exit of the product for retail sale. Data on milk production was left out of the system, although the raw material (milk) was considered as an input. Whey was considered an avoided product because it is re-used as food by pig farms. It was considered that 10% of whey is lost and allocated to wastewater.
    [access_restrictions] => 
    [copyright] => 0
    [modeller_uuid] => 
    [owner_uuid] => 
)

2026-05-25 17:48:37 - POST recibido: Array
(
)

2026-05-25 17:49:11 - POST recibido: Array
(
    [action] => save_process
    [uuid] => cfc5228a-e3c7-47a5-b9fb-78d8cc48ab7d
    [process_name] => EPD: SANDWICH PANELS ISODECK PVSTEEL TPO-PVC WITH STEEL FACINGS AND INSULATING CORE OF POLYURETHAN OR POLYSOCINURATE FOAM
    [category] => Manufacturing/332 Fabricated Metal Product Manufacturing/332311 Prefabricated Metal Building and Component Manufacturing
    [general_comment] => Environmental Product Declaration for 1 m² of Isodeck PVSteel PU - PVC insulating roof panel with an insulation thickness of 80 mm and steel sheet thickness of 0.8 mm (external with membrane) + 0.5 mm (internal). The study follows a 'cradle-to-gate with options' approach, including modules A1-A5 (product stage, construction), C1-C4 (end-of-life), and D (benefits and loads beyond the system boundary). The panel consists of two external pre-painted galvanized steel supports enclosing an insulating core of polyurethane or polyisocyanurate foam. The results of this EPD are also applicable to the Isodeck PVSteel PU TPO (with the same insulation core thickness and sheet metal).
    [technology_description] => 
    [geo_description] => 
    [process_type] => 
    [time_desc] => 
    [version] => 01.00.000
    [valid_from] => 0000-00-00
    [valid_until] => 0000-00-00
    [project] => 
    [lci_method] => In accordance with ISO 14025:2006 and EN 15804:2012+A2:2019/AC:2021
    [ds_data_selection] => Cut-off criterion of 1% maximum for material and energy contributions.
    [ds_data_treatment] => Energy and material consumption have been allocated to the specific product based on the annual production of the panels.
    [data_collection_period] => 2020
    [ds_data_completeness] => The sum of excluded material inputs does not exceed 1% of the total material inputs. To the knowledge of the authors of the LCA study no exclusions have been made.
    [completeness_text] => High, based on a 1% cut-off rule and inclusion of all known relevant flows for the declared scope.
    [sources_text] => GENERAL PROGRAMME INSTRUCTIONS FOR THE INTERNATIONAL EPD® SYSTEM, VER 4.0 (2021-02-29); PCR 2019:14 version 1.2.5, 2022-11-01 'Construction products'; ΕΝ 15804:2012 + A2:2019; UNI EN ISO 14025:2010; UNI EN ISO 14040:2021; UNI EN ISO 14044:2021; UNI EN 16783:2017; c-PCR-005 Thermal Insulation products (EN 16783); Life Cycle Assessment Technical Report, October 2022 - Bureau Veritas Nexta Srl
    [modeling_constants] => Cut-off criterion of 1% maximum for the contributions of material and energy. The sum of excluded material inputs does not exceed 1% of the total material inputs. Energy and material consumption allocated based on annual production.
    [access_restrictions] => 
    [copyright] => 0
    [modeller_uuid] => 
    [owner_uuid] => 
)

2026-05-25 17:55:36 - POST recibido: Array
(
)

2026-05-25 17:56:14 - POST recibido: Array
(
    [action] => save_process
    [uuid] => 20dfafc0-bddf-4091-8a93-959333740e6f
    [process_name] => EPD Environmental Product Declaration for Sandwich Panels ISODECK PVSTEEL TPO-PVC with steel facings and insulating core of Polyurethan or Polyisocinurate foam
    [category] => Manufacturing/332 Fabricated Metal Product Manufacturing
    [general_comment] => This Environmental Product Declaration (EPD) covers insulating sandwich panels for building envelopes, specifically the Isodeck PVSteel PU-PVC panel. The declared unit is 1 m² of panel with an 80 mm insulation thickness and steel sheet thicknesses of 0.8 mm (external) + 0.5 mm (internal). The panels consist of two external steel sheet supports enclosing an insulating core of polyurethane or polyisocyanurate foam. The study is a 'cradle-to-gate with options' analysis, including modules A1-A5 (production and construction), C1-C4 (end-of-life), and module D (potential for reuse, recovery, and recycling). The EPD is based on data from production plants in Spain, Romania, and Germany for the reference year 2020.
    [technology_description] => 
    [geo_description] => 
    [process_type] => 
    [time_desc] => 
    [version] => 01.00.000
    [valid_from] => 2020
    [valid_until] => 2025
    [project] => 
    [lci_method] => In accordance with ISO 14025:2006 and EN 15804:2012+A2:2019/AC:2021
    [ds_data_selection] => A cut-off criterion of 1% was applied for material and energy contributions. The sum of excluded inputs does not exceed 1% of total material inputs.
    [ds_data_treatment] => Energy and material consumption have been allocated to the specific product based on the annual production of the panels. No further allocations have been applied in modules following the production phase.
    [data_collection_period] => 2020
    [ds_data_completeness] => High, with a cut-off criterion of 1% maximum for the contributions of material and energy to the system.
    [completeness_text] => High, based on a 1% cut-off rule for material and energy flows.
    [sources_text] => GENERAL PROGRAMME INSTRUCTIONS FOR THE INTERNATIONAL EPD® SYSTEM, VER 4.0 (2021-02-29); PCR 2019:14 version 1.2.5, 2022-11-01 'Construction products'; EN 15804:2012 + A2:2019; UNI EN ISO 14025:2010; UNI EN ISO 14040:2021; UNI EN ISO 14044:2021; UNI EN 16783:2017; c-PCR-005 Thermal Insulation products (EN 16783); Life Cycle Assessment Technical Report October 2022 - Bureau Veritas Nexta Srl
    [modeling_constants] => The study applies a cut-off criterion of 1% maximum for the contributions of material and energy to the system. The sum of excluded material inputs does not exceed 1% of the total material inputs. Energy and material consumption were allocated to the specific product based on the annual production of the panels.
    [access_restrictions] => 0
    [copyright] => 0
    [modeller_uuid] => 
    [owner_uuid] => 
)

2026-05-27 19:15:14 - POST recibido: Array
(
)

2026-05-27 21:39:55 - POST recibido: Array
(
)

2026-05-27 21:41:03 - POST recibido: Array
(
    [action] => search_actors_and_users
    [search] => 
)

2026-05-27 21:41:08 - POST recibido: Array
(
    [action] => search_actors_and_users
    [search] => ap
)

2026-05-27 21:41:08 - POST recibido: Array
(
    [action] => search_actors_and_users
    [search] => a
)

2026-05-27 21:41:08 - POST recibido: Array
(
    [action] => search_actors_and_users
    [search] => apa
)

2026-05-27 21:41:16 - POST recibido: Array
(
    [action] => search_actors_and_users
    [search] => 
)

2026-05-27 21:41:26 - POST recibido: Array
(
    [action] => save_process
    [uuid] => e5561a0f-fe1c-4ef0-84d8-511dd210541c
    [process_name] => Life cycle assessment of nine representative agroindustrial systems of sugar production in Mexico
    [category] => Manufacturing/311 Food Manufacturing/3113 Sugar and Confectionery Product Manufacturing
    [general_comment] => Mexico is the sixth-largest producer of sucrose worldwide. Therefore, evaluating the environmental impacts of Mexican sugar and proposing impact mitigation strategies is of high importance since this would support better environmental performance and foster competition within the sector. However, the technological variability that occurs between farms and sugar mills, together with the different types of sugar that are produced, makes it difficult to identify a single agro-industrial production system for sugar production, that represents the entire sector. The aim of this study is to develop a life cycle assessment study of nine representative sugar production systems in Mexico, considering 1 ton of sugar as a functional unit while also considering the types of sugar and technological level. The results showed that conventional systems demonstrated a better environmental performance for all the impact categories analyzed, primarily because they have a lower energy requirement in cultivation and irrigation, require less fertilizers and applied pesticides, and in the industrial stage, require less chemicals for clarification. Regarding the types of sugar, Muscovado presented the lowest environmental impacts in all the categories analyzed. The results would suggest that the strategic avenues for further improving the environmental profile of sugarcane production and processing could include (a) continued pursuit of high yields, (b) precision application of fertilizers and (c) maximizing the utilization of coproducts.
    [technology_description] => 
    [geo_description] => 
    [process_type] => 
    [time_desc] => 
    [version] => 01.00.000
    [valid_from] => 2021
    [valid_until] => 
    [project] => 
    [lci_method] => ReCiPe midpoint (H) V1.12
    [ds_data_selection] => The study is based on data from 18 sugar mills in Veracruz state. Systems were classified based on a hierarchical cluster analysis of agronomic management and agro-industrial yields. Capital goods were excluded for simplicity due to their long lifespan. Only national distribution was considered for muscovado sugar, while national and international distribution was considered for standard and refined sugar.
    [ds_data_treatment] => A hierarchical cluster analysis was performed using IBM SPSS Statistics 20 to classify the systems into three technological levels (conventional, semimechanized, mechanized) based on agronomic management and yields.
    [data_collection_period] => 2016/2017 harvest season.
    [ds_data_completeness] => The study covers the main life cycle stages: agricultural production, sugar milling, commercialization, distillery, and fodder production. It is based on data from Veracruz, which is representative of the Mexican national sugar sector (42% of cultivated area). Nine representative systems were modeled to account for technological variability.
    [completeness_text] => The study is comprehensive for its defined scope, covering the main life cycle stages and considering different technological levels and product types. However, it excludes capital goods and cogeneration, which are noted as limitations.
    [sources_text] => Array
    [modeling_constants] => Functional Unit: 1 ton of cane sugar. The production of farm-used capital goods such as tractors and harvesters was not included. Cogeneration was not considered due to its limited use. For cattle feed, it was assumed that corn was displaced with silage production, and molasses had an 85% efficiency performance in relation to corn.
    [access_restrictions] => 
    [copyright] => 0
    [modeller_uuid] => 7691cef7-a92d-11f0-a91e-2369a80f526f
    [owner_uuid] => 
)

2026-05-27 21:47:24 - POST recibido: Array
(
)

2026-05-27 21:50:01 - POST recibido: Array
(
    [action] => save_process
    [uuid] => 44393ddf-714e-46f8-9c9f-74f25247907f
    [process_name] => Environmental Impacts Associated with Intensive Production in Pig Farms in Mexico through Life Cycle Assessment
    [category] => Agriculture, Forestry, Fishing and Hunting/112 Animal Production and Aquaculture/1122 Hog and Pig Farming
    [general_comment] => In this research, environmental impacts associated with the intensive production of pigs on a farm in Mexico were determined through the application of life cycle assessment methodology. The research was focused on the following stages of the product system: (i) pig rearing and growth phases; (ii) production operations in the pig-house; (iii) the supply of feed. The life cycle inventory database was mainly made up of data collected in field visits to local farms. The functional unit was defined as one finished swine weighing 124 kg. The results for the selected impact categories of carbon, water, and energy footprints were 538.62 kg CO2eq, 21.34 m³, and 1773.79 MJ, respectively. The greatest impact was generated in the final stages of pig fattening, mainly due to the large quantity of feed supplied. The impacts caused by operation of the pig farm were less significant, their contribution in all cases was less than a third of the total quantified values. The energy conversion of pig slurry improves the environmental performance of the product system by reducing the carbon footprint.
    [technology_description] => 
    [geo_description] => 
    [process_type] => 
    [time_desc] => 
    [version] => 01.00.000
    [valid_from] => 2021
    [valid_until] => 
    [project] => 
    [lci_method] => The methodology was based on ISO 14040: 2006 and ISO 14044: 2006, including definition of objectives and scope, life cycle inventory (LCI), evaluation of life cycle impact, and life cycle interpretation.
    [ds_data_selection] => Capital goods such as facility construction were excluded. The use of machinery for land preparation and supply transportation were included.
    [ds_data_treatment] => Material and energy balances were carried out to determine all the flows. Mass allocation was applied according to the co-products generated in the product system.
    [data_collection_period] => 
    [ds_data_completeness] => The study focused on three main stages: (i) pig rearing and growth phases (Reproduction, Gestation, Piglet Breeding, Fattening); (ii) production operations in the pig-house; (iii) the supply of feed. Capital goods were excluded.
    [completeness_text] => High for the defined 'cradle-to-gate' scope, covering feed production, transport, and on-farm activities. The exclusion of facility construction is a noted limitation.
    [sources_text] => Array
    [modeling_constants] => Capital goods, such as the construction of facilities, were excluded as their contributions do not represent significant results and are considerably amortized. The use of machinery for land preparation and supply transportation were included. For enteric gases, the Tier-1 method was used with methane emission factors reported in the literature.
    [access_restrictions] => 0
    [copyright] => 0
    [modeller_uuid] => 
    [owner_uuid] => 
)

2026-05-27 21:50:27 - POST recibido: Array
(
)

2026-05-27 21:50:52 - POST recibido: Array
(
    [action] => search_datasets
    [search] => pig
)

2026-05-27 21:53:50 - POST recibido: Array
(
)

2026-05-27 21:54:15 - POST recibido: Array
(
    [action] => save_process
    [uuid] => 5f5743f6-56e0-4496-9048-81fd8758a318
    [process_name] => Environmental impact of beef production in Mexico through life cycle assessment
    [category] => Agriculture, Forestry, Fishing and Hunting/112 Animal Production and Aquaculture
    [general_comment] => Intensive and extensive systems of beef production in the Mexican tropics were analyzed. The aim of the study was to estimate and compare the environmental impact of two typical beef production systems in Veracruz, Mexico. A system boundary was established from farm production to prior to transport for consumer consumption, including intermediate stages of product processing, marketing and transportation. The functional unit was 1 kg of boneless and fatless beef. The life cycle inventory was built using information from case studies; farmers, slaughterhouses and retail point managers who provided information from records and expert knowledge were interviewed. The study included cow-calf processes, pre-fattening, fattening, processing and retail. Several impact categories were analyzed using SimaPro software and the ReCiPe Midpoint method for impact characterization. The results showed that for the extensive system, the cow-calf stage is the major contributor in eleven of the twelve impact categories analyzed, while in the intensive system, it is the main contributor to the climate change, terrestrial acidification, freshwater and marine eutrophication. The fattening stage of intensive system, has a predominant impact on human toxicity, water depletion, terrestrial ecotoxicity, fossil depletion, photo-oxidants formation, freshwater ecotoxicity and marine ecotoxicity; the processing stage has relevant contributions to fossil fuel depletion and the formation of photochemical oxidants in intensive systems. Finally, the marketing stage did not have a predominant impact on any category. The results indicated that the extensive system has better environmental performance than the intensive system for nine of the twelve studied categories. According last, it is important to improve the reproductive performance in calf breeding herds to mitigate emissions in the beef production chain as well as to improve livestock food quality in the extensive system for the mitigation of GHG emissions due to enteric fermentation.
    [technology_description] => 
    [geo_description] => 
    [process_type] => 
    [time_desc] => 
    [version] => 01.00.000
    [valid_from] => 2016
    [valid_until] => 
    [project] => Knowledge-based Sustainable vAlue-added food chains: innovative tools for monitoring ethical, environmental and Socio-economical impacts and implementing Eu-Latin America shared strategies, Grant agreement no.: 265927
    [lci_method] => Life Cycle Assessment (LCA) based on ISO 14040/14044 standards. The impact assessment was conducted using the ReCiPe Midpoint (H) method version 1.06.
    [ds_data_selection] => The study focuses on two representative systems in Veracruz, Mexico: Intensive (IS) and Extensive (ES). This JSON focuses on the Intensive System. Infrastructure and equipment were excluded from the system boundary.
    [ds_data_treatment] => Emissions from enteric fermentation and manure were estimated using the Tier 1 methodology of the IPCC (2006). Data from case studies, literature, and official statistics were consolidated and validated with experts to build the LCI.
    [data_collection_period] => The paper was published in 2016, with some data, like the electricity mix, from 2008. The specific period for field data collection is not explicitly stated.
    [ds_data_completeness] => The study covers the main stages of the beef production chain: cow-calf, pre-fattening, fattening, processing, and retail. It includes inputs like animal feed, fertilizers, water, energy, packaging, and transportation, as well as outputs like emissions and waste. Infrastructure and equipment are excluded.
    [completeness_text] => The study is considered comprehensive within its defined cradle-to-retail-gate boundaries, including several life cycle stages. However, the aggregated LCI data per functional unit is not provided in the publication.
    [sources_text] => Array
    [modeling_constants] => The system boundary was from farm production to prior to transport for consumer consumption, including cow-calf, pre-fattening, fattening, processing and marketing. Infrastructure and equipment were not considered. For the cow-calf stage (a combined milk and calf system), an economic allocation was used, assigning 35.5% of the environmental impact to calf production. The electricity mix corresponded to the average for Mexico during 2008 (22% hydro, 22% natural gas, 5% coal, 3% nuclear, 0.2% wind and 48% combined cycle).
    [access_restrictions] => 0
    [copyright] => 0
    [modeller_uuid] => 
    [owner_uuid] => 
)

2026-05-27 22:00:14 - POST recibido: Array
(
)

2026-05-27 22:01:12 - POST recibido: Array
(
    [action] => save_process
    [uuid] => 56618cbf-d78a-4269-8700-8fde75a08380
    [process_name] => Environmental Impacts Associated with the Production and Packing of Persian Lemon in Mexico through Life-Cycle Assessment
    [category] => A:Agriculture, Forestry, Fishing and Hunting/111:Crop Production/1113:Fruit and Tree Nut Farming
    [general_comment] => In this study, the environmental impacts associated with the intensive production of Persian lemons are assessed, including the agricultural and packing phases of the fresh fruit. A life-cycle assessment (LCA) tool was used in accordance with the ISO 14040 and 14044 standards and implemented in SimaPro PhD (9.2) software. The life-cycle inventory database was primarily composed of data collected during field visits to local lemon orchards and the main packing company in the region. The functional unit was defined as 1 kg of packed fresh Persian lemons. The selected impact categories were the carbon footprint, water footprint, and energy footprint, and the results obtained for the defined functional unit were 405.8 g CO2 eq, 40.3 L of water, and 5.9 MJ, respectively. The industrial packing phase of the fruits had a greater impact on the carbon and energy footprints, mostly due to the manufacturing of packaging materials and cardboard boxes, followed by the transportation of supplies. Regarding the water footprint, the agricultural phase was identified as the most significant contributor to water consumption, primarily attributed to maintenance operations and the application of agrochemicals.
    [technology_description] => 
    [geo_description] => 
    [process_type] => 
    [time_desc] => 
    [version] => 01.00.000
    [valid_from] => 2024
    [valid_until] => 
    [project] => 
    [lci_method] => The methodology was based on the guidelines of the ISO14040:2006 and ISO14044:2006 standards, including the phases of definition of goal and scope, life-cycle inventory analysis (LCI), life-cycle impact assessment (LCIA), and interpretation of results.
    [ds_data_selection] => The study focused on intensive Persian lemon production. Capital goods such as facilities and infrastructure were excluded from the system boundaries, although agricultural implements were included. Transportation was considered for supplying inputs and for moving the product between production phases.
    [ds_data_treatment] => Collected data were processed with material and energy balances to verify their suitability and then quantified with respect to the functional unit. In accordance with ISO 14044, load allocations by mass were applied for the distribution of environmental impacts generated in the products and co-products.
    [data_collection_period] => The article was submitted in December 2023 and published in May 2024. The field visits were conducted over a three-month period prior to submission.
    [ds_data_completeness] => The study covers the agricultural and industrial packing phases. Data for inputs such as agrochemicals, energy, water, transportation, and packaging materials were collected and validated through material and energy balances. Key inputs' manufacturing processes were considered.
    [completeness_text] => The study demonstrates a high level of completeness for the defined cradle-to-gate scope, with extensive primary data collection from key actors in the supply chain and validation through mass and energy balances.
    [sources_text] => Array
    [modeling_constants] => The functional unit was 1 kg of packaged Persian lemon. The scope was “from cradle to gate”, considering cultivation, harvesting, and packaging. The supply of required inputs and their transport were included. Agricultural implements were considered, while facilities and infrastructure were not. Load allocations by mass were applied for the distribution of environmental impacts.
    [access_restrictions] => 0
    [copyright] => 0
    [modeller_uuid] => 
    [owner_uuid] => 
)

2026-05-27 22:23:29 - POST recibido: Array
(
)

2026-05-27 22:25:05 - POST recibido: Array
(
    [action] => save_process
    [uuid] => f3d08c25-67c9-49c3-a16f-be9d2a8660f3
    [isdraft] => 1
    [process_name] => The water, energy, and land footprint of tilapia aquaculture in mexico, a comparison of the footprints of fish and meat
    [category] => Agriculture, Forestry, Fishing and Hunting/112 Animal Production and Aquaculture/1125 Aquaculture
    [general_comment] => In the food-energy-water (FEW) nexus, livestock has a dominant place. It is generally considered as water, energy and land-intensive. Aquaculture could provide additional animal protein and contribute to meeting the food demand. However, aquaculture requires natural resources and causes freshwater pollution due to aquafeed, fertilizer, and hormone use. This study assesses the sustainability of aquaculture using the indicators water footprint (WF), energy footprint (EF) and land footprint (LF), comparing results with livestock. It uses extensive, semi-intensive and intensive Tilapia aquaculture in Mexico as a case study including broodstock, breeding, fattening, processing, and transportation phases. Tilapia production in intensive aquaculture has the largest footprints. The functional unit is one ton of Tilapia fillet. The system boundary covers the production chain from eggs to fillet, excluding packaging, retailing, transportation, and cooking by consumers. Results show that from a FEW nexus perspective, it is not more sustainable to replace livestock with Tilapia, as it requires more freshwater and pollutes larger amounts of water, while energy and land footprints are comparable.
    [technology_description] => 
    [geo_description] => 
    [process_type] => 
    [time_desc] => 
    [version] => 01.00.000
    [valid_from] => 
    [valid_until] => 
    [project] => 
    [lci_method] => Chain analysis approach for assessing Water Footprint (WF), Energy Footprint (EF), and Land Footprint (LF). The WF calculation follows the methodology from the Water Footprint Assessment Manual (Hoekstra et al., 2011).
    [ds_data_selection] => The study focuses on three specific aquaculture systems (extensive, semi-intensive, intensive) in Mexico. It excludes wastewater treatment as most farms reportedly do not treat their wastewater. The comparison is made with industrial systems for beef, poultry, and pork.
    [ds_data_treatment] => A chain analysis approach with seven calculation steps was used: 1. Estimation of direct blue WF; 2. Calculation of direct LF; 3. Calculation of aquafeed offered; 4. Allocation of aquafeed; 5. Estimation of the WF from aquafeed; 6. Calculation of EF; and finally, 7. Calculation of the direct grey WF.
    [data_collection_period] => The article was published in 2020, using data from various sources published between 1986 and 2019.
    [ds_data_completeness] => The study covers all major production stages from egg to fillet. Inputs like aquafeed, fertilizer, hormones, energy for pumping/aeration, and transportation are considered. However, packaging and retail stages are excluded.
    [completeness_text] => The study is comprehensive for the defined scope of cradle-to-processing-gate for Tilapia fillet production.
    [sources_text] => Aina, Q., Agustina, S.E., 2015. Energy consumption of pond-based intensive Tilapia aquaculture system. Case study in Wunut, Central Java, Indonesia. In: The 22nd Tri-U International Joint Seminar and Symposium. Jiangsu University. China.; Baltazar, P.M., 2007. La Tilapia en el Perú: acuicultura, mercado, y perspectivas. Revista peruana de Biología 13 (3), 267-273.; Bazilian, M., et al., 2011. Considering the energy, water and food nexus: towards an integrated modelling approach. Energy Policy 39, 7896-7906.; Bhujel, R.C., 2013. On-farm feed management practices for Nile Tilapia (Oreochromis niloticus) in Thailand. In: Hasan, M.R., New, M.B (Eds.), On-farm Feeding and Feed Management in Aquaculture. FAO, Rome, pp. 159-189.; Borucke, M., et al., 2013. Accounting for demand and supply of the biosphere's regenerative capacity: the national footprint accounts' underlying methodology and framework. Ecol Indic 24, 518-533.; Boyd, C.E., et al., 2007. Indicators of resource use efficiency and environmental performance in fish and crustacean aquaculture. Reviews in Fisheries science 15 (4), 327-360.; De Vries, M., De Boer, I.J.M., 2010. Comparing environmental impacts for livestock products: a review of life cycle assessments. Livest Sci 128 (1-3), 1-11.; FAO, 2003, 2005, 2017.; Flores-Nava, A., 2007. Feeds and fertilizers for sustainable aquaculture development: a regional review for Latin America. FAO Fisheries Technical Paper. No. 497.; Gerbens-Leenes, P.W., et al., 2013. The water footprint of poultry, pork and beef: a comparative study in different countries and production systems. Water Resources and Industry 1, 25-36.; Hoekstra, A.Y., et al., 2011. The Water Footprint Assessment Manual: Setting the Global Standard. Earthscan, London, UK.; Kramer, K.J., Moll, 1995. Energie voedt, Nadere Analyses Van Het Directe Energieverbruik Van voedingsmiddelen. University of Groningen, Groningen, The Netherlands.; Mekonnen, M.M., Hoekstra, A.Y., 2010b. The green, Blue and Grey Water Footprint of Farm Animals and Animal Products. UNESCO-IHE, Delft, the Netherlands.; SAGARPA, 2013, 2015.; Williams, A., et al., 2006. Determining the Environmental Burdens and Resource Use in the Production of Agricultural and Horticultural Commodities. Main Report. Defra Research Project ISO205.
    [modeling_constants] => Functional Unit: one ton of Tilapia fillet. System boundaries include broodstock, breeding, fattening, processing, and transportation phases; they exclude packaging, retailing, and consumer transportation and cooking. Fillet yield is assumed to be 33%. One production cycle per year. For intensive systems, an average water refreshment rate of 250% per day is used. An average transport distance of 100 km is assumed. All crops for aquafeed are assumed to be grown in Mexico.
    [access_restrictions] => 0
    [copyright] => 0
    [modeller_uuid] => 
    [owner_uuid] => 
)

2026-05-27 22:25:07 - POST recibido: Array
(
)

2026-08-05 19:06:42 - POST recibido: Array
(
)

