[28-Oct-2025 20:01:48 UTC] PHP Fatal error:  Uncaught mysqli_sql_exception: Unknown column 'p.codigo_isic' in 'SELECT' in /home/u303404040/domains/ciclodevida.mx/public_html/conjuntos.php:195
Stack trace:
#0 /home/u303404040/domains/ciclodevida.mx/public_html/conjuntos.php(195): mysqli->query()
#1 {main}
  thrown in /home/u303404040/domains/ciclodevida.mx/public_html/conjuntos.php on line 195
[28-Oct-2025 20:01:51 UTC] PHP Fatal error:  Uncaught mysqli_sql_exception: Unknown column 'p.codigo_isic' in 'SELECT' in /home/u303404040/domains/ciclodevida.mx/public_html/conjuntos.php:195
Stack trace:
#0 /home/u303404040/domains/ciclodevida.mx/public_html/conjuntos.php(195): mysqli->query()
#1 {main}
  thrown in /home/u303404040/domains/ciclodevida.mx/public_html/conjuntos.php on line 195
[28-Oct-2025 20:04:01 UTC] === DEBUG DATA QUALITY ===
[28-Oct-2025 20:04:01 UTC] UUID: d91a8124-8ddc-4a87-b593-596ccbe5889d
[28-Oct-2025 20:04:01 UTC] Total registros: 0
[28-Oct-2025 20:04:01 UTC] Datos: Array
(
)

[28-Oct-2025 20:04:01 UTC] Aviso: 'exchanges' no existe en u303404040_BASE_ACV_LCA; se omite sección opcional.
[28-Oct-2025 20:05:15 UTC] === DEBUG DATA QUALITY ===
[28-Oct-2025 20:05:15 UTC] UUID: 9e575c2c-caa3-473a-b057-28dfe0f86587
[28-Oct-2025 20:05:15 UTC] Total registros: 0
[28-Oct-2025 20:05:15 UTC] Datos: Array
(
)

[28-Oct-2025 20:05:15 UTC] Aviso: 'exchanges' no existe en u303404040_BASE_ACV_LCA; se omite sección opcional.
[28-Oct-2025 20:05:33 UTC] === DEBUG DATA QUALITY ===
[28-Oct-2025 20:05:33 UTC] UUID: f1ee34e9-45af-4af2-9256-6b8684f4d932
[28-Oct-2025 20:05:33 UTC] Total registros: 0
[28-Oct-2025 20:05:33 UTC] Datos: Array
(
)

[28-Oct-2025 20:05:33 UTC] Aviso: 'exchanges' no existe en u303404040_BASE_ACV_LCA; se omite sección opcional.
[28-Oct-2025 20:09:21 UTC] === DEBUG DATA QUALITY ===
[28-Oct-2025 20:09:21 UTC] UUID: 7d90c295-10f6-4954-bde2-e4f362487269
[28-Oct-2025 20:09:21 UTC] Total registros: 0
[28-Oct-2025 20:09:21 UTC] Datos: Array
(
)

[28-Oct-2025 20:09:21 UTC] Aviso: 'exchanges' no existe en u303404040_BASE_ACV_LCA; se omite sección opcional.
[28-Oct-2025 20:10:04 UTC] === DEBUG DATA QUALITY ===
[28-Oct-2025 20:10:04 UTC] UUID: f1ee34e9-45af-4af2-9256-6b8684f4d932
[28-Oct-2025 20:10:04 UTC] Total registros: 0
[28-Oct-2025 20:10:04 UTC] Datos: Array
(
)

[28-Oct-2025 20:10:04 UTC] Aviso: 'exchanges' no existe en u303404040_BASE_ACV_LCA; se omite sección opcional.
[28-Oct-2025 20:11:47 UTC] === DEBUG DATA QUALITY ===
[28-Oct-2025 20:11:47 UTC] UUID: 7caceef8-4a97-3de3-97fb-53241bdc8448
[28-Oct-2025 20:11:47 UTC] Total registros: 0
[28-Oct-2025 20:11:47 UTC] Datos: Array
(
)

[28-Oct-2025 20:11:47 UTC] Aviso: 'exchanges' no existe en u303404040_BASE_ACV_LCA; se omite sección opcional.
[28-Oct-2025 20:45:47 UTC] === DEBUG DATA QUALITY ===
[28-Oct-2025 20:45:47 UTC] UUID: a777a6b9-e159-485f-8fc9-0a7ee4796a88
[28-Oct-2025 20:45:47 UTC] Total registros: 0
[28-Oct-2025 20:45:47 UTC] Datos: Array
(
)

[28-Oct-2025 20:45:47 UTC] Aviso: 'exchanges' no existe en u303404040_BASE_ACV_LCA; se omite sección opcional.
[29-Oct-2025 14:04:52 UTC] === DEBUG DATA QUALITY ===
[29-Oct-2025 14:04:52 UTC] UUID: 0bcf6df2-0c8d-4898-92f9-ec928c51c0a0
[29-Oct-2025 14:04:52 UTC] Total registros: 0
[29-Oct-2025 14:04:52 UTC] Datos: Array
(
)

[29-Oct-2025 14:04:52 UTC] Aviso: 'exchanges' no existe en u303404040_BASE_ACV_LCA; se omite sección opcional.
[29-Oct-2025 18:00:06 UTC] === DEBUG DATA QUALITY ===
[29-Oct-2025 18:00:06 UTC] UUID: 9966694d-0c43-42f7-9b3b-b1f238a2f4ef
[29-Oct-2025 18:00:06 UTC] Total registros: 0
[29-Oct-2025 18:00:06 UTC] Datos: Array
(
)

[29-Oct-2025 18:00:06 UTC] Aviso: 'exchanges' no existe en u303404040_BASE_ACV_LCA; se omite sección opcional.
[29-Oct-2025 23:02:47 UTC] === DEBUG DATA QUALITY ===
[29-Oct-2025 23:02:47 UTC] UUID: d91a8124-8ddc-4a87-b593-596ccbe5889d
[29-Oct-2025 23:02:47 UTC] Total registros: 0
[29-Oct-2025 23:02:47 UTC] Datos: Array
(
)

[29-Oct-2025 23:02:47 UTC] Aviso: 'exchanges' no existe en u303404040_BASE_ACV_LCA; se omite sección opcional.
[30-Oct-2025 16:07:33 UTC] === DEBUG DATA QUALITY ===
[30-Oct-2025 16:07:33 UTC] UUID: 37438604-4465-497b-ab86-e4b6af017fcc
[30-Oct-2025 16:07:33 UTC] Total registros: 0
[30-Oct-2025 16:07:33 UTC] Datos: Array
(
)

[30-Oct-2025 16:07:33 UTC] Aviso: 'exchanges' no existe en u303404040_BASE_ACV_LCA; se omite sección opcional.
[30-Oct-2025 16:11:11 UTC] === DEBUG DATA QUALITY ===
[30-Oct-2025 16:11:11 UTC] UUID: 07777d69-deb4-48c9-8cf6-e70cffeb5e33
[30-Oct-2025 16:11:11 UTC] Total registros: 0
[30-Oct-2025 16:11:11 UTC] Datos: Array
(
)

[30-Oct-2025 16:11:11 UTC] Aviso: 'exchanges' no existe en u303404040_BASE_ACV_LCA; se omite sección opcional.
[30-Oct-2025 16:11:37 UTC] === DEBUG DATA QUALITY ===
[30-Oct-2025 16:11:37 UTC] UUID: 763ea11f-9803-36b5-aadc-7af347b0059c
[30-Oct-2025 16:11:37 UTC] Total registros: 0
[30-Oct-2025 16:11:37 UTC] Datos: Array
(
)

[30-Oct-2025 16:11:37 UTC] Aviso: 'exchanges' no existe en u303404040_BASE_ACV_LCA; se omite sección opcional.
[30-Oct-2025 16:16:34 UTC] === DEBUG DATA QUALITY ===
[30-Oct-2025 16:16:34 UTC] UUID: dc1832b0-36c6-4dcd-aaa8-cac51cb35527
[30-Oct-2025 16:16:34 UTC] Total registros: 0
[30-Oct-2025 16:16:34 UTC] Datos: Array
(
)

[30-Oct-2025 16:16:34 UTC] Aviso: 'exchanges' no existe en u303404040_BASE_ACV_LCA; se omite sección opcional.
[30-Oct-2025 16:36:02 UTC] === DEBUG DATA QUALITY ===
[30-Oct-2025 16:36:02 UTC] UUID: d91a8124-8ddc-4a87-b593-596ccbe5889d
[30-Oct-2025 16:36:02 UTC] Total registros: 0
[30-Oct-2025 16:36:02 UTC] Datos: Array
(
)

[30-Oct-2025 16:36:02 UTC] Aviso: 'exchanges' no existe en u303404040_BASE_ACV_LCA; se omite sección opcional.
[30-Oct-2025 16:36:15 UTC] === DEBUG DATA QUALITY ===
[30-Oct-2025 16:36:15 UTC] UUID: 5cb2e1cc-519f-44e2-9da3-90c6e8c7a1b7
[30-Oct-2025 16:36:15 UTC] Total registros: 0
[30-Oct-2025 16:36:15 UTC] Datos: Array
(
)

[30-Oct-2025 16:36:15 UTC] Aviso: 'exchanges' no existe en u303404040_BASE_ACV_LCA; se omite sección opcional.
[30-Oct-2025 21:34:50 UTC] === DEBUG DATA QUALITY ===
[30-Oct-2025 21:34:50 UTC] UUID: 22f05fa3-133a-43a1-a6b2-5ebc64eef3f5
[30-Oct-2025 21:34:50 UTC] Total registros: 0
[30-Oct-2025 21:34:50 UTC] Datos: Array
(
)

[30-Oct-2025 21:34:50 UTC] Aviso: 'exchanges' no existe en u303404040_BASE_ACV_LCA; se omite sección opcional.
[30-Oct-2025 21:35:09 UTC] === DEBUG DATA QUALITY ===
[30-Oct-2025 21:35:09 UTC] UUID: 22f05fa3-133a-43a1-a6b2-5ebc64eef3f5
[30-Oct-2025 21:35:09 UTC] Total registros: 0
[30-Oct-2025 21:35:09 UTC] Datos: Array
(
)

[30-Oct-2025 21:35:09 UTC] Aviso: 'exchanges' no existe en u303404040_BASE_ACV_LCA; se omite sección opcional.
[30-Oct-2025 21:35:16 UTC] === DEBUG DATA QUALITY ===
[30-Oct-2025 21:35:16 UTC] UUID: 22f05fa3-133a-43a1-a6b2-5ebc64eef3f5
[30-Oct-2025 21:35:16 UTC] Total registros: 0
[30-Oct-2025 21:35:16 UTC] Datos: Array
(
)

[30-Oct-2025 21:35:16 UTC] Aviso: 'exchanges' no existe en u303404040_BASE_ACV_LCA; se omite sección opcional.
[30-Oct-2025 21:35:30 UTC] === DEBUG DATA QUALITY ===
[30-Oct-2025 21:35:30 UTC] UUID: 9e575c2c-caa3-473a-b057-28dfe0f86587
[30-Oct-2025 21:35:30 UTC] Total registros: 0
[30-Oct-2025 21:35:30 UTC] Datos: Array
(
)

[30-Oct-2025 21:35:30 UTC] Aviso: 'exchanges' no existe en u303404040_BASE_ACV_LCA; se omite sección opcional.
[30-Oct-2025 21:35:42 UTC] === DEBUG DATA QUALITY ===
[30-Oct-2025 21:35:42 UTC] UUID: 132cb839-429e-306d-a583-bdab8c51d209
[30-Oct-2025 21:35:42 UTC] Total registros: 0
[30-Oct-2025 21:35:42 UTC] Datos: Array
(
)

[30-Oct-2025 21:35:42 UTC] Aviso: 'exchanges' no existe en u303404040_BASE_ACV_LCA; se omite sección opcional.
[30-Oct-2025 21:36:33 UTC] === DEBUG DATA QUALITY ===
[30-Oct-2025 21:36:33 UTC] UUID: 4f7b4f6a-b8bd-42a2-bd9a-10860eceacce
[30-Oct-2025 21:36:33 UTC] Total registros: 0
[30-Oct-2025 21:36:33 UTC] Datos: Array
(
)

[30-Oct-2025 21:36:33 UTC] Aviso: 'exchanges' no existe en u303404040_BASE_ACV_LCA; se omite sección opcional.
[30-Oct-2025 21:36:54 UTC] === DEBUG DATA QUALITY ===
[30-Oct-2025 21:36:54 UTC] UUID: c5bd9194-40a5-4d3f-a87b-56ab45c3fc1e
[30-Oct-2025 21:36:54 UTC] Total registros: 0
[30-Oct-2025 21:36:54 UTC] Datos: Array
(
)

[30-Oct-2025 21:36:54 UTC] Aviso: 'exchanges' no existe en u303404040_BASE_ACV_LCA; se omite sección opcional.
[30-Oct-2025 21:37:07 UTC] === DEBUG DATA QUALITY ===
[30-Oct-2025 21:37:07 UTC] UUID: 5a237ade-f3de-3283-baf1-ffc0607419d8
[30-Oct-2025 21:37:07 UTC] Total registros: 0
[30-Oct-2025 21:37:07 UTC] Datos: Array
(
)

[30-Oct-2025 21:37:07 UTC] Aviso: 'exchanges' no existe en u303404040_BASE_ACV_LCA; se omite sección opcional.
[30-Oct-2025 21:37:17 UTC] === DEBUG DATA QUALITY ===
[30-Oct-2025 21:37:17 UTC] UUID: 5d1b1a8c-53d7-337c-828a-fe3317af0d3c
[30-Oct-2025 21:37:17 UTC] Total registros: 0
[30-Oct-2025 21:37:17 UTC] Datos: Array
(
)

[30-Oct-2025 21:37:17 UTC] Aviso: 'exchanges' no existe en u303404040_BASE_ACV_LCA; se omite sección opcional.
[31-Oct-2025 00:19:47 UTC] === DEBUG DATA QUALITY ===
[31-Oct-2025 00:19:47 UTC] UUID: 0ac1b754-08b2-3d60-b78b-0ef1e6ffda2e
[31-Oct-2025 00:19:47 UTC] Total registros: 0
[31-Oct-2025 00:19:47 UTC] Datos: Array
(
)

[31-Oct-2025 00:19:47 UTC] Aviso: 'exchanges' no existe en u303404040_BASE_ACV_LCA; se omite sección opcional.
[31-Oct-2025 19:07:47 UTC] === DEBUG DATA QUALITY ===
[31-Oct-2025 19:07:47 UTC] UUID: 41d6b267-6ff3-418d-acfd-63394e8966b5
[31-Oct-2025 19:07:47 UTC] Total registros: 0
[31-Oct-2025 19:07:47 UTC] Datos: Array
(
)

[31-Oct-2025 19:07:47 UTC] Aviso: 'exchanges' no existe en u303404040_BASE_ACV_LCA; se omite sección opcional.
[31-Oct-2025 20:42:06 UTC] === DEBUG DATA QUALITY ===
[31-Oct-2025 20:42:06 UTC] UUID: d91a8124-8ddc-4a87-b593-596ccbe5889d
[31-Oct-2025 20:42:06 UTC] Total registros: 0
[31-Oct-2025 20:42:06 UTC] Datos: Array
(
)

[31-Oct-2025 20:42:06 UTC] Aviso: 'exchanges' no existe en u303404040_BASE_ACV_LCA; se omite sección opcional.
[31-Oct-2025 20:50:11 UTC] === DEBUG DATA QUALITY ===
[31-Oct-2025 20:50:11 UTC] UUID: 7caceef8-4a97-3de3-97fb-53241bdc8448
[31-Oct-2025 20:50:11 UTC] Total registros: 0
[31-Oct-2025 20:50:11 UTC] Datos: Array
(
)

[31-Oct-2025 20:50:11 UTC] Aviso: 'exchanges' no existe en u303404040_BASE_ACV_LCA; se omite sección opcional.
[31-Oct-2025 21:19:15 UTC] === DEBUG DATA QUALITY ===
[31-Oct-2025 21:19:15 UTC] UUID: d91a8124-8ddc-4a87-b593-596ccbe5889d
[31-Oct-2025 21:19:15 UTC] Total registros: 0
[31-Oct-2025 21:19:15 UTC] Datos: Array
(
)

[31-Oct-2025 21:19:15 UTC] Aviso: 'exchanges' no existe en u303404040_BASE_ACV_LCA; se omite sección opcional.
[31-Oct-2025 21:19:28 UTC] === DEBUG DATA QUALITY ===
[31-Oct-2025 21:19:28 UTC] UUID: 763ea11f-9803-36b5-aadc-7af347b0059c
[31-Oct-2025 21:19:28 UTC] Total registros: 0
[31-Oct-2025 21:19:28 UTC] Datos: Array
(
)

[31-Oct-2025 21:19:28 UTC] Aviso: 'exchanges' no existe en u303404040_BASE_ACV_LCA; se omite sección opcional.
[31-Oct-2025 21:20:19 UTC] === DEBUG DATA QUALITY ===
[31-Oct-2025 21:20:19 UTC] UUID: eecee6ef-d078-391d-8b7f-29d89f39daa7
[31-Oct-2025 21:20:19 UTC] Total registros: 0
[31-Oct-2025 21:20:19 UTC] Datos: Array
(
)

[31-Oct-2025 21:20:19 UTC] Aviso: 'exchanges' no existe en u303404040_BASE_ACV_LCA; se omite sección opcional.
[31-Oct-2025 21:20:43 UTC] === DEBUG DATA QUALITY ===
[31-Oct-2025 21:20:43 UTC] UUID: eecee6ef-d078-391d-8b7f-29d89f39daa7
[31-Oct-2025 21:20:43 UTC] Total registros: 0
[31-Oct-2025 21:20:43 UTC] Datos: Array
(
)

[31-Oct-2025 21:20:43 UTC] Aviso: 'exchanges' no existe en u303404040_BASE_ACV_LCA; se omite sección opcional.
[31-Oct-2025 21:20:58 UTC] === DEBUG DATA QUALITY ===
[31-Oct-2025 21:20:58 UTC] UUID: dc1832b0-36c6-4dcd-aaa8-cac51cb35527
[31-Oct-2025 21:20:58 UTC] Total registros: 0
[31-Oct-2025 21:20:58 UTC] Datos: Array
(
)

[31-Oct-2025 21:20:58 UTC] Aviso: 'exchanges' no existe en u303404040_BASE_ACV_LCA; se omite sección opcional.
[31-Oct-2025 22:16:44 UTC] === DEBUG DATA QUALITY ===
[31-Oct-2025 22:16:44 UTC] UUID: d91a8124-8ddc-4a87-b593-596ccbe5889d
[31-Oct-2025 22:16:44 UTC] Total registros: 0
[31-Oct-2025 22:16:44 UTC] Datos: Array
(
)

[31-Oct-2025 22:16:44 UTC] Aviso: 'exchanges' no existe en u303404040_BASE_ACV_LCA; se omite sección opcional.
[31-Oct-2025 22:17:18 UTC] === DEBUG DATA QUALITY ===
[31-Oct-2025 22:17:18 UTC] UUID: 763ea11f-9803-36b5-aadc-7af347b0059c
[31-Oct-2025 22:17:18 UTC] Total registros: 0
[31-Oct-2025 22:17:18 UTC] Datos: Array
(
)

[31-Oct-2025 22:17:18 UTC] Aviso: 'exchanges' no existe en u303404040_BASE_ACV_LCA; se omite sección opcional.
[31-Oct-2025 22:17:25 UTC] === DEBUG DATA QUALITY ===
[31-Oct-2025 22:17:25 UTC] UUID: dc1832b0-36c6-4dcd-aaa8-cac51cb35527
[31-Oct-2025 22:17:25 UTC] Total registros: 0
[31-Oct-2025 22:17:25 UTC] Datos: Array
(
)

[31-Oct-2025 22:17:25 UTC] Aviso: 'exchanges' no existe en u303404040_BASE_ACV_LCA; se omite sección opcional.
[31-Oct-2025 23:04:01 UTC] === DEBUG DATA QUALITY ===
[31-Oct-2025 23:04:01 UTC] UUID: d91a8124-8ddc-4a87-b593-596ccbe5889d
[31-Oct-2025 23:04:01 UTC] Total registros: 0
[31-Oct-2025 23:04:01 UTC] Datos: Array
(
)

[31-Oct-2025 23:04:01 UTC] Aviso: 'exchanges' no existe en u303404040_BASE_ACV_LCA; se omite sección opcional.
[31-Oct-2025 23:06:23 UTC] === DEBUG DATA QUALITY ===
[31-Oct-2025 23:06:23 UTC] UUID: d91a8124-8ddc-4a87-b593-596ccbe5889d
[31-Oct-2025 23:06:23 UTC] Total registros: 0
[31-Oct-2025 23:06:23 UTC] Datos: Array
(
)

[31-Oct-2025 23:06:23 UTC] Aviso: 'exchanges' no existe en u303404040_BASE_ACV_LCA; se omite sección opcional.
[31-Oct-2025 23:23:55 UTC] === DEBUG DATA QUALITY ===
[31-Oct-2025 23:23:55 UTC] UUID: d91a8124-8ddc-4a87-b593-596ccbe5889d
[31-Oct-2025 23:23:55 UTC] Total registros: 0
[31-Oct-2025 23:23:55 UTC] Datos: Array
(
)

[31-Oct-2025 23:23:55 UTC] Aviso: 'exchanges' no existe en u303404040_BASE_ACV_LCA; se omite sección opcional.
[01-Nov-2025 00:01:04 UTC] === DEBUG DATA QUALITY ===
[01-Nov-2025 00:01:04 UTC] UUID: dd3e8adf-0a4d-3398-806b-82f728fa6488
[01-Nov-2025 00:01:04 UTC] Total registros: 0
[01-Nov-2025 00:01:04 UTC] Datos: Array
(
)

[01-Nov-2025 00:01:04 UTC] Aviso: 'exchanges' no existe en u303404040_BASE_ACV_LCA; se omite sección opcional.
[02-Nov-2025 00:55:39 UTC] === DEBUG DATA QUALITY ===
[02-Nov-2025 00:55:39 UTC] UUID: daaa5572-56c2-46f5-84da-d72c890bf945
[02-Nov-2025 00:55:39 UTC] Total registros: 0
[02-Nov-2025 00:55:39 UTC] Datos: Array
(
)

[02-Nov-2025 00:55:39 UTC] Aviso: 'exchanges' no existe en u303404040_BASE_ACV_LCA; se omite sección opcional.
[02-Nov-2025 09:09:11 UTC] === DEBUG DATA QUALITY ===
[02-Nov-2025 09:09:11 UTC] UUID: 06cce725-c411-3313-a686-bb4a00272e50
[02-Nov-2025 09:09:11 UTC] Total registros: 0
[02-Nov-2025 09:09:11 UTC] Datos: Array
(
)

[02-Nov-2025 09:09:11 UTC] Aviso: 'exchanges' no existe en u303404040_BASE_ACV_LCA; se omite sección opcional.
[02-Nov-2025 20:01:36 UTC] === DEBUG DATA QUALITY ===
[02-Nov-2025 20:01:36 UTC] UUID: 00a4030f-0a50-41f8-85a2-3f2b6fef61ae
[02-Nov-2025 20:01:36 UTC] Total registros: 0
[02-Nov-2025 20:01:36 UTC] Datos: Array
(
)

[02-Nov-2025 20:01:36 UTC] Aviso: 'exchanges' no existe en u303404040_BASE_ACV_LCA; se omite sección opcional.
[03-Nov-2025 20:31:07 UTC] === DEBUG DATA QUALITY ===
[03-Nov-2025 20:31:07 UTC] UUID: 08a6f21a-7c61-404d-afd1-a2e528efbac1
[03-Nov-2025 20:31:07 UTC] Total registros: 0
[03-Nov-2025 20:31:07 UTC] Datos: Array
(
)

[03-Nov-2025 20:31:07 UTC] Aviso: 'exchanges' no existe en u303404040_BASE_ACV_LCA; se omite sección opcional.
[04-Nov-2025 12:58:09 UTC] === DEBUG DATA QUALITY ===
[04-Nov-2025 12:58:09 UTC] UUID: 09cd67d1-1ba3-4559-b76a-2b40a9778b24
[04-Nov-2025 12:58:09 UTC] Total registros: 0
[04-Nov-2025 12:58:09 UTC] Datos: Array
(
)

[04-Nov-2025 12:58:09 UTC] Aviso: 'exchanges' no existe en u303404040_BASE_ACV_LCA; se omite sección opcional.
[04-Nov-2025 15:49:27 UTC] === DEBUG DATA QUALITY ===
[04-Nov-2025 15:49:27 UTC] UUID: 8d35f22a-e41f-479a-be66-d3f7aa64da45
[04-Nov-2025 15:49:27 UTC] Total registros: 0
[04-Nov-2025 15:49:27 UTC] Datos: Array
(
)

[04-Nov-2025 15:49:27 UTC] Aviso: 'exchanges' no existe en u303404040_BASE_ACV_LCA; se omite sección opcional.
[04-Nov-2025 17:05:20 UTC] === DEBUG DATA QUALITY ===
[04-Nov-2025 17:05:20 UTC] UUID: 8b9997d8-c2b1-3244-bdb8-7be386373db8
[04-Nov-2025 17:05:20 UTC] Total registros: 0
[04-Nov-2025 17:05:20 UTC] Datos: Array
(
)

[04-Nov-2025 17:05:20 UTC] Aviso: 'exchanges' no existe en u303404040_BASE_ACV_LCA; se omite sección opcional.
[04-Nov-2025 17:05:52 UTC] === DEBUG DATA QUALITY ===
[04-Nov-2025 17:05:52 UTC] UUID: d91a8124-8ddc-4a87-b593-596ccbe5889d
[04-Nov-2025 17:05:52 UTC] Total registros: 0
[04-Nov-2025 17:05:52 UTC] Datos: Array
(
)

[04-Nov-2025 17:05:52 UTC] Aviso: 'exchanges' no existe en u303404040_BASE_ACV_LCA; se omite sección opcional.
[04-Nov-2025 17:06:01 UTC] === DEBUG DATA QUALITY ===
[04-Nov-2025 17:06:01 UTC] UUID: 5cb2e1cc-519f-44e2-9da3-90c6e8c7a1b7
[04-Nov-2025 17:06:01 UTC] Total registros: 0
[04-Nov-2025 17:06:01 UTC] Datos: Array
(
)

[04-Nov-2025 17:06:01 UTC] Aviso: 'exchanges' no existe en u303404040_BASE_ACV_LCA; se omite sección opcional.
[04-Nov-2025 17:06:07 UTC] === DEBUG DATA QUALITY ===
[04-Nov-2025 17:06:07 UTC] UUID: 7e82b21e-5b43-42f4-bcd7-4f7052d59908
[04-Nov-2025 17:06:07 UTC] Total registros: 0
[04-Nov-2025 17:06:07 UTC] Datos: Array
(
)

[04-Nov-2025 17:06:07 UTC] Aviso: 'exchanges' no existe en u303404040_BASE_ACV_LCA; se omite sección opcional.
[04-Nov-2025 17:06:10 UTC] === DEBUG DATA QUALITY ===
[04-Nov-2025 17:06:10 UTC] UUID: cf3487f9-248b-4abd-b4b0-8785b2e6fdd7
[04-Nov-2025 17:06:10 UTC] Total registros: 0
[04-Nov-2025 17:06:10 UTC] Datos: Array
(
)

[04-Nov-2025 17:06:10 UTC] Aviso: 'exchanges' no existe en u303404040_BASE_ACV_LCA; se omite sección opcional.
[04-Nov-2025 17:06:12 UTC] === DEBUG DATA QUALITY ===
[04-Nov-2025 17:06:12 UTC] UUID: f1094aa7-c3d7-43f0-b430-9a6afb8a2eac
[04-Nov-2025 17:06:12 UTC] Total registros: 0
[04-Nov-2025 17:06:12 UTC] Datos: Array
(
)

[04-Nov-2025 17:06:12 UTC] Aviso: 'exchanges' no existe en u303404040_BASE_ACV_LCA; se omite sección opcional.
[04-Nov-2025 17:24:09 UTC] === DEBUG DATA QUALITY ===
[04-Nov-2025 17:24:09 UTC] UUID: d91a8124-8ddc-4a87-b593-596ccbe5889d
[04-Nov-2025 17:24:09 UTC] Total registros: 0
[04-Nov-2025 17:24:09 UTC] Datos: Array
(
)

[04-Nov-2025 17:24:09 UTC] Aviso: 'exchanges' no existe en u303404040_BASE_ACV_LCA; se omite sección opcional.
[04-Nov-2025 17:24:20 UTC] === DEBUG DATA QUALITY ===
[04-Nov-2025 17:24:20 UTC] UUID: d91a8124-8ddc-4a87-b593-596ccbe5889d
[04-Nov-2025 17:24:20 UTC] Total registros: 0
[04-Nov-2025 17:24:20 UTC] Datos: Array
(
)

[04-Nov-2025 17:24:20 UTC] Aviso: 'exchanges' no existe en u303404040_BASE_ACV_LCA; se omite sección opcional.
[04-Nov-2025 17:24:24 UTC] === DEBUG DATA QUALITY ===
[04-Nov-2025 17:24:24 UTC] UUID: 5286ae4d-cb2f-369a-8e54-3a7fcdd76cde
[04-Nov-2025 17:24:24 UTC] Total registros: 0
[04-Nov-2025 17:24:24 UTC] Datos: Array
(
)

[04-Nov-2025 17:24:24 UTC] Aviso: 'exchanges' no existe en u303404040_BASE_ACV_LCA; se omite sección opcional.
[04-Nov-2025 17:25:01 UTC] === DEBUG DATA QUALITY ===
[04-Nov-2025 17:25:01 UTC] UUID: 763ea11f-9803-36b5-aadc-7af347b0059c
[04-Nov-2025 17:25:01 UTC] Total registros: 0
[04-Nov-2025 17:25:01 UTC] Datos: Array
(
)

[04-Nov-2025 17:25:01 UTC] Aviso: 'exchanges' no existe en u303404040_BASE_ACV_LCA; se omite sección opcional.
[04-Nov-2025 17:25:05 UTC] === DEBUG DATA QUALITY ===
[04-Nov-2025 17:25:05 UTC] UUID: 0dbe58bb-3c5e-4a2e-8376-7d93ace30418
[04-Nov-2025 17:25:05 UTC] Total registros: 0
[04-Nov-2025 17:25:05 UTC] Datos: Array
(
)

[04-Nov-2025 17:25:05 UTC] Aviso: 'exchanges' no existe en u303404040_BASE_ACV_LCA; se omite sección opcional.
[04-Nov-2025 17:25:59 UTC] === DEBUG DATA QUALITY ===
[04-Nov-2025 17:25:59 UTC] UUID: 9e575c2c-caa3-473a-b057-28dfe0f86587
[04-Nov-2025 17:25:59 UTC] Total registros: 0
[04-Nov-2025 17:25:59 UTC] Datos: Array
(
)

[04-Nov-2025 17:25:59 UTC] Aviso: 'exchanges' no existe en u303404040_BASE_ACV_LCA; se omite sección opcional.
[04-Nov-2025 17:27:17 UTC] === DEBUG DATA QUALITY ===
[04-Nov-2025 17:27:17 UTC] UUID: d91a8124-8ddc-4a87-b593-596ccbe5889d
[04-Nov-2025 17:27:17 UTC] Total registros: 0
[04-Nov-2025 17:27:17 UTC] Datos: Array
(
)

[04-Nov-2025 17:27:17 UTC] Aviso: 'exchanges' no existe en u303404040_BASE_ACV_LCA; se omite sección opcional.
[04-Nov-2025 17:27:53 UTC] === DEBUG DATA QUALITY ===
[04-Nov-2025 17:27:53 UTC] UUID: 26026929-cc84-4b7a-a2eb-f24fce2de6bc
[04-Nov-2025 17:27:53 UTC] Total registros: 0
[04-Nov-2025 17:27:53 UTC] Datos: Array
(
)

[04-Nov-2025 17:27:53 UTC] Aviso: 'exchanges' no existe en u303404040_BASE_ACV_LCA; se omite sección opcional.
[04-Nov-2025 17:29:28 UTC] === DEBUG DATA QUALITY ===
[04-Nov-2025 17:29:28 UTC] UUID: 5286ae4d-cb2f-369a-8e54-3a7fcdd76cde
[04-Nov-2025 17:29:28 UTC] Total registros: 0
[04-Nov-2025 17:29:28 UTC] Datos: Array
(
)

[04-Nov-2025 17:29:29 UTC] Aviso: 'exchanges' no existe en u303404040_BASE_ACV_LCA; se omite sección opcional.
[04-Nov-2025 17:29:45 UTC] === DEBUG DATA QUALITY ===
[04-Nov-2025 17:29:45 UTC] UUID: 55d4291d-6b35-41a4-b949-0ed21ca8f71e
[04-Nov-2025 17:29:45 UTC] Total registros: 0
[04-Nov-2025 17:29:45 UTC] Datos: Array
(
)

[04-Nov-2025 17:29:45 UTC] Aviso: 'exchanges' no existe en u303404040_BASE_ACV_LCA; se omite sección opcional.
[04-Nov-2025 17:38:30 UTC] === DEBUG DATA QUALITY ===
[04-Nov-2025 17:38:30 UTC] UUID: 7caceef8-4a97-3de3-97fb-53241bdc8448
[04-Nov-2025 17:38:30 UTC] Total registros: 0
[04-Nov-2025 17:38:30 UTC] Datos: Array
(
)

[04-Nov-2025 17:38:31 UTC] Aviso: 'exchanges' no existe en u303404040_BASE_ACV_LCA; se omite sección opcional.
[04-Nov-2025 17:53:43 UTC] === DEBUG DATA QUALITY ===
[04-Nov-2025 17:53:43 UTC] UUID: d91a8124-8ddc-4a87-b593-596ccbe5889d
[04-Nov-2025 17:53:43 UTC] Total registros: 0
[04-Nov-2025 17:53:43 UTC] Datos: Array
(
)

[04-Nov-2025 17:53:43 UTC] Aviso: 'exchanges' no existe en u303404040_BASE_ACV_LCA; se omite sección opcional.
[04-Nov-2025 18:09:00 UTC] === DEBUG DATA QUALITY ===
[04-Nov-2025 18:09:00 UTC] UUID: d91a8124-8ddc-4a87-b593-596ccbe5889d
[04-Nov-2025 18:09:00 UTC] Total registros: 0
[04-Nov-2025 18:09:00 UTC] Datos: Array
(
)

[04-Nov-2025 18:09:00 UTC] Aviso: 'exchanges' no existe en u303404040_BASE_ACV_LCA; se omite sección opcional.
[04-Nov-2025 18:20:02 UTC] === DEBUG DATA QUALITY ===
[04-Nov-2025 18:20:02 UTC] UUID: d91a8124-8ddc-4a87-b593-596ccbe5889d
[04-Nov-2025 18:20:02 UTC] Total registros: 0
[04-Nov-2025 18:20:02 UTC] Datos: Array
(
)

[04-Nov-2025 18:20:02 UTC] Aviso: 'exchanges' no existe en u303404040_BASE_ACV_LCA; se omite sección opcional.
[04-Nov-2025 18:20:28 UTC] === DEBUG DATA QUALITY ===
[04-Nov-2025 18:20:28 UTC] UUID: 57388417-e929-453f-ad0e-d22833468211
[04-Nov-2025 18:20:28 UTC] Total registros: 0
[04-Nov-2025 18:20:28 UTC] Datos: Array
(
)

[04-Nov-2025 18:20:28 UTC] Aviso: 'exchanges' no existe en u303404040_BASE_ACV_LCA; se omite sección opcional.
[04-Nov-2025 18:50:47 UTC] === DEBUG DATA QUALITY ===
[04-Nov-2025 18:50:47 UTC] UUID: d91a8124-8ddc-4a87-b593-596ccbe5889d
[04-Nov-2025 18:50:47 UTC] Total registros: 0
[04-Nov-2025 18:50:47 UTC] Datos: Array
(
)

[04-Nov-2025 18:50:47 UTC] Aviso: 'exchanges' no existe en u303404040_BASE_ACV_LCA; se omite sección opcional.
[04-Nov-2025 18:51:23 UTC] === DEBUG DATA QUALITY ===
[04-Nov-2025 18:51:23 UTC] UUID: d91a8124-8ddc-4a87-b593-596ccbe5889d
[04-Nov-2025 18:51:23 UTC] Total registros: 0
[04-Nov-2025 18:51:23 UTC] Datos: Array
(
)

[04-Nov-2025 18:51:23 UTC] Aviso: 'exchanges' no existe en u303404040_BASE_ACV_LCA; se omite sección opcional.
[04-Nov-2025 20:31:01 UTC] Registro fallido: Duplicate entry 'lguerecah@iingen.unam.mx' for key 'uq_users_email'
[05-Nov-2025 00:32:33 UTC] === DEBUG DATA QUALITY ===
[05-Nov-2025 00:32:33 UTC] UUID: 26026929-cc84-4b7a-a2eb-f24fce2de6bc
[05-Nov-2025 00:32:33 UTC] Total registros: 0
[05-Nov-2025 00:32:33 UTC] Datos: Array
(
)

[05-Nov-2025 00:32:33 UTC] Aviso: 'exchanges' no existe en u303404040_BASE_ACV_LCA; se omite sección opcional.
[05-Nov-2025 00:32:42 UTC] === DEBUG DATA QUALITY ===
[05-Nov-2025 00:32:42 UTC] UUID: 5cb2e1cc-519f-44e2-9da3-90c6e8c7a1b7
[05-Nov-2025 00:32:42 UTC] Total registros: 0
[05-Nov-2025 00:32:42 UTC] Datos: Array
(
)

[05-Nov-2025 00:32:42 UTC] Aviso: 'exchanges' no existe en u303404040_BASE_ACV_LCA; se omite sección opcional.
[05-Nov-2025 00:32:48 UTC] === DEBUG DATA QUALITY ===
[05-Nov-2025 00:32:48 UTC] UUID: f1ee34e9-45af-4af2-9256-6b8684f4d932
[05-Nov-2025 00:32:48 UTC] Total registros: 0
[05-Nov-2025 00:32:48 UTC] Datos: Array
(
)

[05-Nov-2025 00:32:48 UTC] Aviso: 'exchanges' no existe en u303404040_BASE_ACV_LCA; se omite sección opcional.
[05-Nov-2025 00:33:01 UTC] === DEBUG DATA QUALITY ===
[05-Nov-2025 00:33:01 UTC] UUID: f1ee34e9-45af-4af2-9256-6b8684f4d932
[05-Nov-2025 00:33:01 UTC] Total registros: 0
[05-Nov-2025 00:33:01 UTC] Datos: Array
(
)

[05-Nov-2025 00:33:01 UTC] Aviso: 'exchanges' no existe en u303404040_BASE_ACV_LCA; se omite sección opcional.
[05-Nov-2025 17:33:32 UTC] === DEBUG DATA QUALITY ===
[05-Nov-2025 17:33:32 UTC] UUID: d91a8124-8ddc-4a87-b593-596ccbe5889d
[05-Nov-2025 17:33:32 UTC] Total registros: 0
[05-Nov-2025 17:33:32 UTC] Datos: Array
(
)

[05-Nov-2025 17:33:32 UTC] Aviso: 'exchanges' no existe en u303404040_BASE_ACV_LCA; se omite sección opcional.
[05-Nov-2025 18:46:10 UTC] === DEBUG DATA QUALITY ===
[05-Nov-2025 18:46:10 UTC] UUID: d91a8124-8ddc-4a87-b593-596ccbe5889d
[05-Nov-2025 18:46:10 UTC] Total registros: 0
[05-Nov-2025 18:46:10 UTC] Datos: Array
(
)

[05-Nov-2025 18:46:10 UTC] Aviso: 'exchanges' no existe en u303404040_BASE_ACV_LCA; se omite sección opcional.
[05-Nov-2025 19:54:49 UTC] === DEBUG DATA QUALITY ===
[05-Nov-2025 19:54:49 UTC] UUID: 224c4abe-bd08-4319-90f2-eb31c401b336
[05-Nov-2025 19:54:49 UTC] Total registros: 0
[05-Nov-2025 19:54:49 UTC] Datos: Array
(
)

[05-Nov-2025 19:54:49 UTC] Aviso: 'exchanges' no existe en u303404040_BASE_ACV_LCA; se omite sección opcional.
[05-Nov-2025 20:50:16 UTC] === DEBUG DATA QUALITY ===
[05-Nov-2025 20:50:16 UTC] UUID: d91a8124-8ddc-4a87-b593-596ccbe5889d
[05-Nov-2025 20:50:16 UTC] Total registros: 0
[05-Nov-2025 20:50:16 UTC] Datos: Array
(
)

[05-Nov-2025 20:50:16 UTC] Aviso: 'exchanges' no existe en u303404040_BASE_ACV_LCA; se omite sección opcional.
[05-Nov-2025 21:46:04 UTC] === DEBUG DATA QUALITY ===
[05-Nov-2025 21:46:04 UTC] UUID: d91a8124-8ddc-4a87-b593-596ccbe5889d
[05-Nov-2025 21:46:04 UTC] Total registros: 0
[05-Nov-2025 21:46:04 UTC] Datos: Array
(
)

[05-Nov-2025 21:46:04 UTC] Aviso: 'exchanges' no existe en u303404040_BASE_ACV_LCA; se omite sección opcional.
[05-Nov-2025 21:52:11 UTC] === DEBUG DATA QUALITY ===
[05-Nov-2025 21:52:11 UTC] UUID: 41015013-6384-3643-ab0a-000dcbeeaa2d
[05-Nov-2025 21:52:11 UTC] Total registros: 0
[05-Nov-2025 21:52:11 UTC] Datos: Array
(
)

[05-Nov-2025 21:52:11 UTC] Aviso: 'exchanges' no existe en u303404040_BASE_ACV_LCA; se omite sección opcional.
[06-Nov-2025 00:57:51 UTC] === DEBUG DATA QUALITY ===
[06-Nov-2025 00:57:51 UTC] UUID: 0d972cb4-e78b-482a-9532-1e5aa867ce4a
[06-Nov-2025 00:57:51 UTC] Total registros: 0
[06-Nov-2025 00:57:51 UTC] Datos: Array
(
)

[06-Nov-2025 00:57:51 UTC] Aviso: 'exchanges' no existe en u303404040_BASE_ACV_LCA; se omite sección opcional.
[06-Nov-2025 19:04:14 UTC] === DEBUG DATA QUALITY ===
[06-Nov-2025 19:04:14 UTC] UUID: 145d9d46-4ec7-44e5-97f2-285dbc5b9c4c
[06-Nov-2025 19:04:14 UTC] Total registros: 0
[06-Nov-2025 19:04:14 UTC] Datos: Array
(
)

[06-Nov-2025 19:04:14 UTC] Aviso: 'exchanges' no existe en u303404040_BASE_ACV_LCA; se omite sección opcional.
[06-Nov-2025 19:18:07 UTC] === DEBUG DATA QUALITY ===
[06-Nov-2025 19:18:07 UTC] UUID: d91a8124-8ddc-4a87-b593-596ccbe5889d
[06-Nov-2025 19:18:07 UTC] Total registros: 0
[06-Nov-2025 19:18:07 UTC] Datos: Array
(
)

[06-Nov-2025 19:18:07 UTC] Aviso: 'exchanges' no existe en u303404040_BASE_ACV_LCA; se omite sección opcional.
[06-Nov-2025 19:18:51 UTC] === DEBUG DATA QUALITY ===
[06-Nov-2025 19:18:51 UTC] UUID: 7444dabb-556d-4d1e-abba-8f4b40297e47
[06-Nov-2025 19:18:51 UTC] Total registros: 0
[06-Nov-2025 19:18:51 UTC] Datos: Array
(
)

[06-Nov-2025 19:18:51 UTC] Aviso: 'exchanges' no existe en u303404040_BASE_ACV_LCA; se omite sección opcional.
[06-Nov-2025 20:20:49 UTC] === DEBUG DATA QUALITY ===
[06-Nov-2025 20:20:49 UTC] UUID: ce658315-9cca-3792-a7b6-f825fb5b6b3d
[06-Nov-2025 20:20:49 UTC] Total registros: 0
[06-Nov-2025 20:20:49 UTC] Datos: Array
(
)

[06-Nov-2025 20:20:49 UTC] Aviso: 'exchanges' no existe en u303404040_BASE_ACV_LCA; se omite sección opcional.
[06-Nov-2025 20:20:59 UTC] === DEBUG DATA QUALITY ===
[06-Nov-2025 20:20:59 UTC] UUID: 7be5617f-33cd-4a4c-9d4c-5a9a5cdaa09f
[06-Nov-2025 20:20:59 UTC] Total registros: 0
[06-Nov-2025 20:20:59 UTC] Datos: Array
(
)

[06-Nov-2025 20:20:59 UTC] Aviso: 'exchanges' no existe en u303404040_BASE_ACV_LCA; se omite sección opcional.
[07-Nov-2025 18:25:29 UTC] === DEBUG DATA QUALITY ===
[07-Nov-2025 18:25:29 UTC] UUID: 377a79dc-7492-38cc-89cf-2a9b9ce5ef71
[07-Nov-2025 18:25:29 UTC] Total registros: 0
[07-Nov-2025 18:25:29 UTC] Datos: Array
(
)

[07-Nov-2025 18:25:29 UTC] Aviso: 'exchanges' no existe en u303404040_BASE_ACV_LCA; se omite sección opcional.
[07-Nov-2025 18:25:39 UTC] === DEBUG DATA QUALITY ===
[07-Nov-2025 18:25:39 UTC] UUID: 375dbfcb-93f4-4f53-90ec-820c12fffafd
[07-Nov-2025 18:25:39 UTC] Total registros: 0
[07-Nov-2025 18:25:39 UTC] Datos: Array
(
)

[07-Nov-2025 18:25:39 UTC] Aviso: 'exchanges' no existe en u303404040_BASE_ACV_LCA; se omite sección opcional.
[09-Nov-2025 13:49:22 UTC] === DEBUG DATA QUALITY ===
[09-Nov-2025 13:49:22 UTC] UUID: 969e131c-4142-40e6-bcca-8e1713bf458a
[09-Nov-2025 13:49:22 UTC] Total registros: 0
[09-Nov-2025 13:49:22 UTC] Datos: Array
(
)

[09-Nov-2025 13:49:22 UTC] Aviso: 'exchanges' no existe en u303404040_BASE_ACV_LCA; se omite sección opcional.
[09-Nov-2025 17:49:56 UTC] === DEBUG DATA QUALITY ===
[09-Nov-2025 17:49:56 UTC] UUID: d91a8124-8ddc-4a87-b593-596ccbe5889d
[09-Nov-2025 17:49:56 UTC] Total registros: 0
[09-Nov-2025 17:49:56 UTC] Datos: Array
(
)

[09-Nov-2025 17:49:56 UTC] Aviso: 'exchanges' no existe en u303404040_BASE_ACV_LCA; se omite sección opcional.
[09-Nov-2025 18:12:02 UTC] === DEBUG DATA QUALITY ===
[09-Nov-2025 18:12:02 UTC] UUID: a9965f71-2a62-450c-84b7-a1391dda6283
[09-Nov-2025 18:12:02 UTC] Total registros: 0
[09-Nov-2025 18:12:02 UTC] Datos: Array
(
)

[09-Nov-2025 18:12:02 UTC] Aviso: 'exchanges' no existe en u303404040_BASE_ACV_LCA; se omite sección opcional.
[09-Nov-2025 18:13:39 UTC] === DEBUG DATA QUALITY ===
[09-Nov-2025 18:13:39 UTC] UUID: a9965f71-2a62-450c-84b7-a1391dda6283
[09-Nov-2025 18:13:39 UTC] Total registros: 0
[09-Nov-2025 18:13:39 UTC] Datos: Array
(
)

[09-Nov-2025 18:13:39 UTC] Aviso: 'exchanges' no existe en u303404040_BASE_ACV_LCA; se omite sección opcional.
[09-Nov-2025 18:14:42 UTC] === DEBUG DATA QUALITY ===
[09-Nov-2025 18:14:42 UTC] UUID: a9965f71-2a62-450c-84b7-a1391dda6283
[09-Nov-2025 18:14:42 UTC] Total registros: 0
[09-Nov-2025 18:14:42 UTC] Datos: Array
(
)

[09-Nov-2025 18:14:42 UTC] Aviso: 'exchanges' no existe en u303404040_BASE_ACV_LCA; se omite sección opcional.
[09-Nov-2025 18:17:19 UTC] === DEBUG DATA QUALITY ===
[09-Nov-2025 18:17:19 UTC] UUID: a9965f71-2a62-450c-84b7-a1391dda6283
[09-Nov-2025 18:17:19 UTC] Total registros: 25
[09-Nov-2025 18:17:19 UTC] Datos: Array
(
    [0] => Array
        (
            [indicator_type] => Flow Reliability
            [score_level] => 1
            [description] => sdasadas
            [is_selected] => 0
        )

    [1] => Array
        (
            [indicator_type] => Flow Reliability
            [score_level] => 2
            [description] => dsadsad
            [is_selected] => 1
        )

    [2] => Array
        (
            [indicator_type] => Flow Reliability
            [score_level] => 3
            [description] => wqewefwe
            [is_selected] => 0
        )

    [3] => Array
        (
            [indicator_type] => Flow Reliability
            [score_level] => 4
            [description] => fwefwe
            [is_selected] => 0
        )

    [4] => Array
        (
            [indicator_type] => Flow Reliability
            [score_level] => 5
            [description] => wfwqefwef
            [is_selected] => 0
        )

    [5] => Array
        (
            [indicator_type] => Temporal Correlation
            [score_level] => 1
            [description] => dsaq
            [is_selected] => 1
        )

    [6] => Array
        (
            [indicator_type] => Temporal Correlation
            [score_level] => 2
            [description] => adasd
            [is_selected] => 0
        )

    [7] => Array
        (
            [indicator_type] => Temporal Correlation
            [score_level] => 3
            [description] => wefwfewqef
            [is_selected] => 0
        )

    [8] => Array
        (
            [indicator_type] => Temporal Correlation
            [score_level] => 4
            [description] => fwefewf
            [is_selected] => 0
        )

    [9] => Array
        (
            [indicator_type] => Temporal Correlation
            [score_level] => 5
            [description] => ewfweqf
            [is_selected] => 0
        )

    [10] => Array
        (
            [indicator_type] => Geographical Correlation
            [score_level] => 1
            [description] => fewfwqef
            [is_selected] => 0
        )

    [11] => Array
        (
            [indicator_type] => Geographical Correlation
            [score_level] => 2
            [description] => qewfwefwefwef
            [is_selected] => 0
        )

    [12] => Array
        (
            [indicator_type] => Geographical Correlation
            [score_level] => 3
            [description] => qwefwef
            [is_selected] => 0
        )

    [13] => Array
        (
            [indicator_type] => Geographical Correlation
            [score_level] => 4
            [description] => wefwef
            [is_selected] => 0
        )

    [14] => Array
        (
            [indicator_type] => Geographical Correlation
            [score_level] => 5
            [description] => qfqwef
            [is_selected] => 1
        )

    [15] => Array
        (
            [indicator_type] => Technological Correlation
            [score_level] => 1
            [description] => wefwefq
            [is_selected] => 0
        )

    [16] => Array
        (
            [indicator_type] => Technological Correlation
            [score_level] => 2
            [description] => fwef
            [is_selected] => 0
        )

    [17] => Array
        (
            [indicator_type] => Technological Correlation
            [score_level] => 3
            [description] => wefwqef
            [is_selected] => 0
        )

    [18] => Array
        (
            [indicator_type] => Technological Correlation
            [score_level] => 4
            [description] => efqewfew
            [is_selected] => 1
        )

    [19] => Array
        (
            [indicator_type] => Technological Correlation
            [score_level] => 5
            [description] => ewfwef
            [is_selected] => 0
        )

    [20] => Array
        (
            [indicator_type] => Data Collection Methods
            [score_level] => 1
            [description] => 3efwefwef
            [is_selected] => 0
        )

    [21] => Array
        (
            [indicator_type] => Data Collection Methods
            [score_level] => 2
            [description] => wefw
            [is_selected] => 0
        )

    [22] => Array
        (
            [indicator_type] => Data Collection Methods
            [score_level] => 3
            [description] => efwefwefwf
            [is_selected] => 1
        )

    [23] => Array
        (
            [indicator_type] => Data Collection Methods
            [score_level] => 4
            [description] => ewfwefwef
            [is_selected] => 0
        )

    [24] => Array
        (
            [indicator_type] => Data Collection Methods
            [score_level] => 5
            [description] => q4q
            [is_selected] => 0
        )

)

[09-Nov-2025 18:17:19 UTC] Aviso: 'exchanges' no existe en u303404040_BASE_ACV_LCA; se omite sección opcional.
[09-Nov-2025 20:02:59 UTC] === DEBUG DATA QUALITY ===
[09-Nov-2025 20:02:59 UTC] UUID: d91a8124-8ddc-4a87-b593-596ccbe5889d
[09-Nov-2025 20:02:59 UTC] Total registros: 0
[09-Nov-2025 20:02:59 UTC] Datos: Array
(
)

[09-Nov-2025 20:02:59 UTC] Aviso: 'exchanges' no existe en u303404040_BASE_ACV_LCA; se omite sección opcional.
[09-Nov-2025 20:03:06 UTC] === DEBUG DATA QUALITY ===
[09-Nov-2025 20:03:06 UTC] UUID: 6d5704d6-1d97-4114-837a-329aa79da97d
[09-Nov-2025 20:03:06 UTC] Total registros: 25
[09-Nov-2025 20:03:06 UTC] Datos: Array
(
    [0] => Array
        (
            [indicator_type] => Flow Reliability
            [score_level] => 1
            [description] => DFDSF
            [is_selected] => 1
        )

    [1] => Array
        (
            [indicator_type] => Flow Reliability
            [score_level] => 2
            [description] => F SDAF
            [is_selected] => 0
        )

    [2] => Array
        (
            [indicator_type] => Flow Reliability
            [score_level] => 3
            [description] => SD SF
            [is_selected] => 0
        )

    [3] => Array
        (
            [indicator_type] => Flow Reliability
            [score_level] => 4
            [description] => FDSAF
            [is_selected] => 0
        )

    [4] => Array
        (
            [indicator_type] => Flow Reliability
            [score_level] => 5
            [description] => F ADF
            [is_selected] => 0
        )

    [5] => Array
        (
            [indicator_type] => Temporal Correlation
            [score_level] => 1
            [description] => FDS FSA
            [is_selected] => 0
        )

    [6] => Array
        (
            [indicator_type] => Temporal Correlation
            [score_level] => 2
            [description] => SDF DSFSAD
            [is_selected] => 1
        )

    [7] => Array
        (
            [indicator_type] => Temporal Correlation
            [score_level] => 3
            [description] => SDFA
            [is_selected] => 0
        )

    [8] => Array
        (
            [indicator_type] => Temporal Correlation
            [score_level] => 4
            [description] => ADSFASDF
            [is_selected] => 0
        )

    [9] => Array
        (
            [indicator_type] => Temporal Correlation
            [score_level] => 5
            [description] => F A
            [is_selected] => 0
        )

    [10] => Array
        (
            [indicator_type] => Geographical Correlation
            [score_level] => 1
            [description] => F FDSF
            [is_selected] => 0
        )

    [11] => Array
        (
            [indicator_type] => Geographical Correlation
            [score_level] => 2
            [description] => FSDAF
            [is_selected] => 0
        )

    [12] => Array
        (
            [indicator_type] => Geographical Correlation
            [score_level] => 3
            [description] => AFSD
            [is_selected] => 1
        )

    [13] => Array
        (
            [indicator_type] => Geographical Correlation
            [score_level] => 4
            [description] => S FF
            [is_selected] => 0
        )

    [14] => Array
        (
            [indicator_type] => Geographical Correlation
            [score_level] => 5
            [description] => FDSF DF
            [is_selected] => 0
        )

    [15] => Array
        (
            [indicator_type] => Technological Correlation
            [score_level] => 1
            [description] => SDF SAF
            [is_selected] => 0
        )

    [16] => Array
        (
            [indicator_type] => Technological Correlation
            [score_level] => 2
            [description] => F SF
            [is_selected] => 0
        )

    [17] => Array
        (
            [indicator_type] => Technological Correlation
            [score_level] => 3
            [description] => FSDF A
            [is_selected] => 0
        )

    [18] => Array
        (
            [indicator_type] => Technological Correlation
            [score_level] => 4
            [description] => FDSA FA
            [is_selected] => 1
        )

    [19] => Array
        (
            [indicator_type] => Technological Correlation
            [score_level] => 5
            [description] => DSFD
            [is_selected] => 0
        )

    [20] => Array
        (
            [indicator_type] => Data Collection Methods
            [score_level] => 1
            [description] => A SFSAD F
            [is_selected] => 0
        )

    [21] => Array
        (
            [indicator_type] => Data Collection Methods
            [score_level] => 2
            [description] => SF S
            [is_selected] => 0
        )

    [22] => Array
        (
            [indicator_type] => Data Collection Methods
            [score_level] => 3
            [description] => A  DFSFAS
            [is_selected] => 0
        )

    [23] => Array
        (
            [indicator_type] => Data Collection Methods
            [score_level] => 4
            [description] => F ASDF ASD
            [is_selected] => 0
        )

    [24] => Array
        (
            [indicator_type] => Data Collection Methods
            [score_level] => 5
            [description] => FD
            [is_selected] => 1
        )

)

[09-Nov-2025 20:03:06 UTC] Aviso: 'exchanges' no existe en u303404040_BASE_ACV_LCA; se omite sección opcional.
[09-Nov-2025 21:04:52 UTC] === DEBUG DATA QUALITY ===
[09-Nov-2025 21:04:52 UTC] UUID: 6d5704d6-1d97-4114-837a-329aa79da97d
[09-Nov-2025 21:04:52 UTC] Total registros: 25
[09-Nov-2025 21:04:52 UTC] Datos: Array
(
    [0] => Array
        (
            [indicator_type] => Flow Reliability
            [score_level] => 1
            [description] => DFDSF
            [is_selected] => 1
        )

    [1] => Array
        (
            [indicator_type] => Flow Reliability
            [score_level] => 2
            [description] => F SDAF
            [is_selected] => 0
        )

    [2] => Array
        (
            [indicator_type] => Flow Reliability
            [score_level] => 3
            [description] => SD SF
            [is_selected] => 0
        )

    [3] => Array
        (
            [indicator_type] => Flow Reliability
            [score_level] => 4
            [description] => FDSAF
            [is_selected] => 0
        )

    [4] => Array
        (
            [indicator_type] => Flow Reliability
            [score_level] => 5
            [description] => F ADF
            [is_selected] => 0
        )

    [5] => Array
        (
            [indicator_type] => Temporal Correlation
            [score_level] => 1
            [description] => FDS FSA
            [is_selected] => 0
        )

    [6] => Array
        (
            [indicator_type] => Temporal Correlation
            [score_level] => 2
            [description] => SDF DSFSAD
            [is_selected] => 1
        )

    [7] => Array
        (
            [indicator_type] => Temporal Correlation
            [score_level] => 3
            [description] => SDFA
            [is_selected] => 0
        )

    [8] => Array
        (
            [indicator_type] => Temporal Correlation
            [score_level] => 4
            [description] => ADSFASDF
            [is_selected] => 0
        )

    [9] => Array
        (
            [indicator_type] => Temporal Correlation
            [score_level] => 5
            [description] => F A
            [is_selected] => 0
        )

    [10] => Array
        (
            [indicator_type] => Geographical Correlation
            [score_level] => 1
            [description] => F FDSF
            [is_selected] => 0
        )

    [11] => Array
        (
            [indicator_type] => Geographical Correlation
            [score_level] => 2
            [description] => FSDAF
            [is_selected] => 0
        )

    [12] => Array
        (
            [indicator_type] => Geographical Correlation
            [score_level] => 3
            [description] => AFSD
            [is_selected] => 1
        )

    [13] => Array
        (
            [indicator_type] => Geographical Correlation
            [score_level] => 4
            [description] => S FF
            [is_selected] => 0
        )

    [14] => Array
        (
            [indicator_type] => Geographical Correlation
            [score_level] => 5
            [description] => FDSF DF
            [is_selected] => 0
        )

    [15] => Array
        (
            [indicator_type] => Technological Correlation
            [score_level] => 1
            [description] => SDF SAF
            [is_selected] => 0
        )

    [16] => Array
        (
            [indicator_type] => Technological Correlation
            [score_level] => 2
            [description] => F SF
            [is_selected] => 0
        )

    [17] => Array
        (
            [indicator_type] => Technological Correlation
            [score_level] => 3
            [description] => FSDF A
            [is_selected] => 0
        )

    [18] => Array
        (
            [indicator_type] => Technological Correlation
            [score_level] => 4
            [description] => FDSA FA
            [is_selected] => 1
        )

    [19] => Array
        (
            [indicator_type] => Technological Correlation
            [score_level] => 5
            [description] => DSFD
            [is_selected] => 0
        )

    [20] => Array
        (
            [indicator_type] => Data Collection Methods
            [score_level] => 1
            [description] => A SFSAD F
            [is_selected] => 0
        )

    [21] => Array
        (
            [indicator_type] => Data Collection Methods
            [score_level] => 2
            [description] => SF S
            [is_selected] => 0
        )

    [22] => Array
        (
            [indicator_type] => Data Collection Methods
            [score_level] => 3
            [description] => A  DFSFAS
            [is_selected] => 0
        )

    [23] => Array
        (
            [indicator_type] => Data Collection Methods
            [score_level] => 4
            [description] => F ASDF ASD
            [is_selected] => 0
        )

    [24] => Array
        (
            [indicator_type] => Data Collection Methods
            [score_level] => 5
            [description] => FD
            [is_selected] => 1
        )

)

[09-Nov-2025 21:04:52 UTC] Aviso: 'exchanges' no existe en u303404040_BASE_ACV_LCA; se omite sección opcional.
[09-Nov-2025 22:20:54 UTC] === DEBUG DATA QUALITY ===
[09-Nov-2025 22:20:54 UTC] UUID: 27cb4ecc-bab0-4ac3-9ab8-fb5dab5c02ac
[09-Nov-2025 22:20:54 UTC] Total registros: 25
[09-Nov-2025 22:20:54 UTC] Datos: Array
(
    [0] => Array
        (
            [indicator_type] => Flow Reliability
            [score_level] => 1
            [description] => FDSFSDFD
            [is_selected] => 1
        )

    [1] => Array
        (
            [indicator_type] => Flow Reliability
            [score_level] => 2
            [description] => SFDSFDSF
            [is_selected] => 0
        )

    [2] => Array
        (
            [indicator_type] => Flow Reliability
            [score_level] => 3
            [description] => DSFDSF
            [is_selected] => 0
        )

    [3] => Array
        (
            [indicator_type] => Flow Reliability
            [score_level] => 4
            [description] => DSFDS
            [is_selected] => 0
        )

    [4] => Array
        (
            [indicator_type] => Flow Reliability
            [score_level] => 5
            [description] => FDSFSDF
            [is_selected] => 0
        )

    [5] => Array
        (
            [indicator_type] => Temporal Correlation
            [score_level] => 1
            [description] => DSFDSFSDF
            [is_selected] => 0
        )

    [6] => Array
        (
            [indicator_type] => Temporal Correlation
            [score_level] => 2
            [description] => SDFDSF
            [is_selected] => 1
        )

    [7] => Array
        (
            [indicator_type] => Temporal Correlation
            [score_level] => 3
            [description] => SDFDSF
            [is_selected] => 0
        )

    [8] => Array
        (
            [indicator_type] => Temporal Correlation
            [score_level] => 4
            [description] => DSFDSF
            [is_selected] => 0
        )

    [9] => Array
        (
            [indicator_type] => Temporal Correlation
            [score_level] => 5
            [description] => FDSFSDF
            [is_selected] => 0
        )

    [10] => Array
        (
            [indicator_type] => Geographical Correlation
            [score_level] => 1
            [description] => SDFDSFSDF
            [is_selected] => 0
        )

    [11] => Array
        (
            [indicator_type] => Geographical Correlation
            [score_level] => 2
            [description] => SDFDS
            [is_selected] => 1
        )

    [12] => Array
        (
            [indicator_type] => Geographical Correlation
            [score_level] => 3
            [description] => FSDFDSF
            [is_selected] => 0
        )

    [13] => Array
        (
            [indicator_type] => Geographical Correlation
            [score_level] => 4
            [description] => SDFSD
            [is_selected] => 0
        )

    [14] => Array
        (
            [indicator_type] => Geographical Correlation
            [score_level] => 5
            [description] => SDFDSFSD
            [is_selected] => 0
        )

    [15] => Array
        (
            [indicator_type] => Technological Correlation
            [score_level] => 1
            [description] => FSDFSDFS
            [is_selected] => 0
        )

    [16] => Array
        (
            [indicator_type] => Technological Correlation
            [score_level] => 2
            [description] => DSFSDFDS
            [is_selected] => 1
        )

    [17] => Array
        (
            [indicator_type] => Technological Correlation
            [score_level] => 3
            [description] => DSFSDF
            [is_selected] => 0
        )

    [18] => Array
        (
            [indicator_type] => Technological Correlation
            [score_level] => 4
            [description] => DSFDSF
            [is_selected] => 0
        )

    [19] => Array
        (
            [indicator_type] => Technological Correlation
            [score_level] => 5
            [description] => FDSFSDF
            [is_selected] => 0
        )

    [20] => Array
        (
            [indicator_type] => Data Collection Methods
            [score_level] => 1
            [description] => DFSDFSD
            [is_selected] => 1
        )

    [21] => Array
        (
            [indicator_type] => Data Collection Methods
            [score_level] => 2
            [description] => FSDFSD
            [is_selected] => 0
        )

    [22] => Array
        (
            [indicator_type] => Data Collection Methods
            [score_level] => 3
            [description] => FSDFSD
            [is_selected] => 0
        )

    [23] => Array
        (
            [indicator_type] => Data Collection Methods
            [score_level] => 4
            [description] => DSFSDFS
            [is_selected] => 0
        )

    [24] => Array
        (
            [indicator_type] => Data Collection Methods
            [score_level] => 5
            [description] => DFDSF
            [is_selected] => 0
        )

)

[09-Nov-2025 22:20:54 UTC] Aviso: 'exchanges' no existe en u303404040_BASE_ACV_LCA; se omite sección opcional.
[09-Nov-2025 22:45:44 UTC] === DEBUG DATA QUALITY ===
[09-Nov-2025 22:45:44 UTC] UUID: d91a8124-8ddc-4a87-b593-596ccbe5889d
[09-Nov-2025 22:45:44 UTC] Total registros: 0
[09-Nov-2025 22:45:44 UTC] Datos: Array
(
)

[09-Nov-2025 22:45:44 UTC] Aviso: 'exchanges' no existe en u303404040_BASE_ACV_LCA; se omite sección opcional.
[09-Nov-2025 22:45:53 UTC] === DEBUG DATA QUALITY ===
[09-Nov-2025 22:45:53 UTC] UUID: 83ce450b-5da9-4570-b90a-4384c48a6ef1
[09-Nov-2025 22:45:53 UTC] Total registros: 25
[09-Nov-2025 22:45:53 UTC] Datos: Array
(
    [0] => Array
        (
            [indicator_type] => Flow Reliability
            [score_level] => 1
            [description] => fdasfdsf
            [is_selected] => 1
        )

    [1] => Array
        (
            [indicator_type] => Flow Reliability
            [score_level] => 2
            [description] => sdfdas
            [is_selected] => 0
        )

    [2] => Array
        (
            [indicator_type] => Flow Reliability
            [score_level] => 3
            [description] => adsfasdfds
            [is_selected] => 0
        )

    [3] => Array
        (
            [indicator_type] => Flow Reliability
            [score_level] => 4
            [description] => afsdafdas
            [is_selected] => 0
        )

    [4] => Array
        (
            [indicator_type] => Flow Reliability
            [score_level] => 5
            [description] => fsdfsdfdsaff
            [is_selected] => 0
        )

    [5] => Array
        (
            [indicator_type] => Temporal Correlation
            [score_level] => 1
            [description] => afsdfsdf
            [is_selected] => 1
        )

    [6] => Array
        (
            [indicator_type] => Temporal Correlation
            [score_level] => 2
            [description] => fsdafsd
            [is_selected] => 0
        )

    [7] => Array
        (
            [indicator_type] => Temporal Correlation
            [score_level] => 3
            [description] => fsdafsad
            [is_selected] => 0
        )

    [8] => Array
        (
            [indicator_type] => Temporal Correlation
            [score_level] => 4
            [description] => dsafdsafds
            [is_selected] => 0
        )

    [9] => Array
        (
            [indicator_type] => Temporal Correlation
            [score_level] => 5
            [description] => sdf
            [is_selected] => 0
        )

    [10] => Array
        (
            [indicator_type] => Geographical Correlation
            [score_level] => 1
            [description] => sdafsadfsd
            [is_selected] => 0
        )

    [11] => Array
        (
            [indicator_type] => Geographical Correlation
            [score_level] => 2
            [description] => sdafsadf
            [is_selected] => 1
        )

    [12] => Array
        (
            [indicator_type] => Geographical Correlation
            [score_level] => 3
            [description] => fadsf
            [is_selected] => 0
        )

    [13] => Array
        (
            [indicator_type] => Geographical Correlation
            [score_level] => 4
            [description] => sdafsad
            [is_selected] => 0
        )

    [14] => Array
        (
            [indicator_type] => Geographical Correlation
            [score_level] => 5
            [description] => fsadf
            [is_selected] => 0
        )

    [15] => Array
        (
            [indicator_type] => Technological Correlation
            [score_level] => 1
            [description] => fdssdfads
            [is_selected] => 0
        )

    [16] => Array
        (
            [indicator_type] => Technological Correlation
            [score_level] => 2
            [description] => sdafdsa
            [is_selected] => 0
        )

    [17] => Array
        (
            [indicator_type] => Technological Correlation
            [score_level] => 3
            [description] => fsad
            [is_selected] => 1
        )

    [18] => Array
        (
            [indicator_type] => Technological Correlation
            [score_level] => 4
            [description] => dsfsdaf
            [is_selected] => 0
        )

    [19] => Array
        (
            [indicator_type] => Technological Correlation
            [score_level] => 5
            [description] => fdsfsad
            [is_selected] => 0
        )

    [20] => Array
        (
            [indicator_type] => Data Collection Methods
            [score_level] => 1
            [description] => sdfasdfasdf
            [is_selected] => 0
        )

    [21] => Array
        (
            [indicator_type] => Data Collection Methods
            [score_level] => 2
            [description] => fdsfafdsf
            [is_selected] => 0
        )

    [22] => Array
        (
            [indicator_type] => Data Collection Methods
            [score_level] => 3
            [description] => dsfdsafds
            [is_selected] => 0
        )

    [23] => Array
        (
            [indicator_type] => Data Collection Methods
            [score_level] => 4
            [description] => dsfdsfa
            [is_selected] => 1
        )

    [24] => Array
        (
            [indicator_type] => Data Collection Methods
            [score_level] => 5
            [description] => fsadfsad
            [is_selected] => 0
        )

)

[09-Nov-2025 22:45:53 UTC] Aviso: 'exchanges' no existe en u303404040_BASE_ACV_LCA; se omite sección opcional.
[09-Nov-2025 23:10:05 UTC] === DEBUG DATA QUALITY ===
[09-Nov-2025 23:10:05 UTC] UUID: 83ce450b-5da9-4570-b90a-4384c48a6ef1
[09-Nov-2025 23:10:05 UTC] Total registros: 25
[09-Nov-2025 23:10:05 UTC] Datos: Array
(
    [0] => Array
        (
            [indicator_type] => Flow Reliability
            [score_level] => 1
            [description] => fdasfdsf
            [is_selected] => 1
        )

    [1] => Array
        (
            [indicator_type] => Flow Reliability
            [score_level] => 2
            [description] => sdfdas
            [is_selected] => 0
        )

    [2] => Array
        (
            [indicator_type] => Flow Reliability
            [score_level] => 3
            [description] => adsfasdfds
            [is_selected] => 0
        )

    [3] => Array
        (
            [indicator_type] => Flow Reliability
            [score_level] => 4
            [description] => afsdafdas
            [is_selected] => 0
        )

    [4] => Array
        (
            [indicator_type] => Flow Reliability
            [score_level] => 5
            [description] => fsdfsdfdsaff
            [is_selected] => 0
        )

    [5] => Array
        (
            [indicator_type] => Temporal Correlation
            [score_level] => 1
            [description] => afsdfsdf
            [is_selected] => 1
        )

    [6] => Array
        (
            [indicator_type] => Temporal Correlation
            [score_level] => 2
            [description] => fsdafsd
            [is_selected] => 0
        )

    [7] => Array
        (
            [indicator_type] => Temporal Correlation
            [score_level] => 3
            [description] => fsdafsad
            [is_selected] => 0
        )

    [8] => Array
        (
            [indicator_type] => Temporal Correlation
            [score_level] => 4
            [description] => dsafdsafds
            [is_selected] => 0
        )

    [9] => Array
        (
            [indicator_type] => Temporal Correlation
            [score_level] => 5
            [description] => sdf
            [is_selected] => 0
        )

    [10] => Array
        (
            [indicator_type] => Geographical Correlation
            [score_level] => 1
            [description] => sdafsadfsd
            [is_selected] => 0
        )

    [11] => Array
        (
            [indicator_type] => Geographical Correlation
            [score_level] => 2
            [description] => sdafsadf
            [is_selected] => 1
        )

    [12] => Array
        (
            [indicator_type] => Geographical Correlation
            [score_level] => 3
            [description] => fadsf
            [is_selected] => 0
        )

    [13] => Array
        (
            [indicator_type] => Geographical Correlation
            [score_level] => 4
            [description] => sdafsad
            [is_selected] => 0
        )

    [14] => Array
        (
            [indicator_type] => Geographical Correlation
            [score_level] => 5
            [description] => fsadf
            [is_selected] => 0
        )

    [15] => Array
        (
            [indicator_type] => Technological Correlation
            [score_level] => 1
            [description] => fdssdfads
            [is_selected] => 0
        )

    [16] => Array
        (
            [indicator_type] => Technological Correlation
            [score_level] => 2
            [description] => sdafdsa
            [is_selected] => 0
        )

    [17] => Array
        (
            [indicator_type] => Technological Correlation
            [score_level] => 3
            [description] => fsad
            [is_selected] => 1
        )

    [18] => Array
        (
            [indicator_type] => Technological Correlation
            [score_level] => 4
            [description] => dsfsdaf
            [is_selected] => 0
        )

    [19] => Array
        (
            [indicator_type] => Technological Correlation
            [score_level] => 5
            [description] => fdsfsad
            [is_selected] => 0
        )

    [20] => Array
        (
            [indicator_type] => Data Collection Methods
            [score_level] => 1
            [description] => sdfasdfasdf
            [is_selected] => 0
        )

    [21] => Array
        (
            [indicator_type] => Data Collection Methods
            [score_level] => 2
            [description] => fdsfafdsf
            [is_selected] => 0
        )

    [22] => Array
        (
            [indicator_type] => Data Collection Methods
            [score_level] => 3
            [description] => dsfdsafds
            [is_selected] => 0
        )

    [23] => Array
        (
            [indicator_type] => Data Collection Methods
            [score_level] => 4
            [description] => dsfdsfa
            [is_selected] => 1
        )

    [24] => Array
        (
            [indicator_type] => Data Collection Methods
            [score_level] => 5
            [description] => fsadfsad
            [is_selected] => 0
        )

)

[09-Nov-2025 23:10:05 UTC] Aviso: 'exchanges' no existe en u303404040_BASE_ACV_LCA; se omite sección opcional.
[10-Nov-2025 02:32:18 UTC] === DEBUG DATA QUALITY ===
[10-Nov-2025 02:32:18 UTC] UUID: d91a8124-8ddc-4a87-b593-596ccbe5889d
[10-Nov-2025 02:32:18 UTC] Total registros: 0
[10-Nov-2025 02:32:18 UTC] Datos: Array
(
)

[10-Nov-2025 02:32:18 UTC] Aviso: 'exchanges' no existe en u303404040_BASE_ACV_LCA; se omite sección opcional.
[10-Nov-2025 02:32:23 UTC] === DEBUG DATA QUALITY ===
[10-Nov-2025 02:32:23 UTC] UUID: b37b753d-e71d-4ce4-a8ba-a534b2da03ad
[10-Nov-2025 02:32:23 UTC] Total registros: 25
[10-Nov-2025 02:32:23 UTC] Datos: Array
(
    [0] => Array
        (
            [indicator_type] => Flow Reliability
            [score_level] => 1
            [description] => asdasd
            [is_selected] => 0
        )

    [1] => Array
        (
            [indicator_type] => Flow Reliability
            [score_level] => 2
            [description] => dasd
            [is_selected] => 0
        )

    [2] => Array
        (
            [indicator_type] => Flow Reliability
            [score_level] => 3
            [description] => sadasd
            [is_selected] => 0
        )

    [3] => Array
        (
            [indicator_type] => Flow Reliability
            [score_level] => 4
            [description] => asd
            [is_selected] => 0
        )

    [4] => Array
        (
            [indicator_type] => Flow Reliability
            [score_level] => 5
            [description] => asdsad
            [is_selected] => 1
        )

    [5] => Array
        (
            [indicator_type] => Temporal Correlation
            [score_level] => 1
            [description] => sdaasd
            [is_selected] => 0
        )

    [6] => Array
        (
            [indicator_type] => Temporal Correlation
            [score_level] => 2
            [description] => dasdsadsd
            [is_selected] => 0
        )

    [7] => Array
        (
            [indicator_type] => Temporal Correlation
            [score_level] => 3
            [description] => asdasd
            [is_selected] => 0
        )

    [8] => Array
        (
            [indicator_type] => Temporal Correlation
            [score_level] => 4
            [description] => asd
            [is_selected] => 1
        )

    [9] => Array
        (
            [indicator_type] => Temporal Correlation
            [score_level] => 5
            [description] => dsadasd
            [is_selected] => 0
        )

    [10] => Array
        (
            [indicator_type] => Geographical Correlation
            [score_level] => 1
            [description] => sad
            [is_selected] => 1
        )

    [11] => Array
        (
            [indicator_type] => Geographical Correlation
            [score_level] => 2
            [description] => sdasdasd
            [is_selected] => 0
        )

    [12] => Array
        (
            [indicator_type] => Geographical Correlation
            [score_level] => 3
            [description] => dasdsad
            [is_selected] => 0
        )

    [13] => Array
        (
            [indicator_type] => Geographical Correlation
            [score_level] => 4
            [description] => asdasd
            [is_selected] => 0
        )

    [14] => Array
        (
            [indicator_type] => Geographical Correlation
            [score_level] => 5
            [description] => sad
            [is_selected] => 0
        )

    [15] => Array
        (
            [indicator_type] => Technological Correlation
            [score_level] => 1
            [description] => ds
            [is_selected] => 1
        )

    [16] => Array
        (
            [indicator_type] => Technological Correlation
            [score_level] => 2
            [description] => asdasd
            [is_selected] => 0
        )

    [17] => Array
        (
            [indicator_type] => Technological Correlation
            [score_level] => 3
            [description] => dasd
            [is_selected] => 0
        )

    [18] => Array
        (
            [indicator_type] => Technological Correlation
            [score_level] => 4
            [description] => asdas
            [is_selected] => 0
        )

    [19] => Array
        (
            [indicator_type] => Technological Correlation
            [score_level] => 5
            [description] => asdasd
            [is_selected] => 0
        )

    [20] => Array
        (
            [indicator_type] => Data Collection Methods
            [score_level] => 1
            [description] => sadasda
            [is_selected] => 1
        )

    [21] => Array
        (
            [indicator_type] => Data Collection Methods
            [score_level] => 2
            [description] => sd
            [is_selected] => 0
        )

    [22] => Array
        (
            [indicator_type] => Data Collection Methods
            [score_level] => 3
            [description] => dsasdasd
            [is_selected] => 0
        )

    [23] => Array
        (
            [indicator_type] => Data Collection Methods
            [score_level] => 4
            [description] => asdasd
            [is_selected] => 0
        )

    [24] => Array
        (
            [indicator_type] => Data Collection Methods
            [score_level] => 5
            [description] => asdasd
            [is_selected] => 0
        )

)

[10-Nov-2025 02:32:23 UTC] Aviso: 'exchanges' no existe en u303404040_BASE_ACV_LCA; se omite sección opcional.
[10-Nov-2025 02:43:16 UTC] === DEBUG DATA QUALITY ===
[10-Nov-2025 02:43:16 UTC] UUID: d91a8124-8ddc-4a87-b593-596ccbe5889d
[10-Nov-2025 02:43:16 UTC] Total registros: 0
[10-Nov-2025 02:43:16 UTC] Datos: Array
(
)

[10-Nov-2025 02:43:16 UTC] Aviso: 'exchanges' no existe en u303404040_BASE_ACV_LCA; se omite sección opcional.
[10-Nov-2025 02:43:56 UTC] === DEBUG DATA QUALITY ===
[10-Nov-2025 02:43:56 UTC] UUID: 058a2705-6459-4597-9a9d-d19475cd91cc
[10-Nov-2025 02:43:56 UTC] Total registros: 25
[10-Nov-2025 02:43:56 UTC] Datos: Array
(
    [0] => Array
        (
            [indicator_type] => Flow Reliability
            [score_level] => 1
            [description] => DASDAS
            [is_selected] => 1
        )

    [1] => Array
        (
            [indicator_type] => Flow Reliability
            [score_level] => 2
            [description] => DASDAS
            [is_selected] => 0
        )

    [2] => Array
        (
            [indicator_type] => Flow Reliability
            [score_level] => 3
            [description] => DASDASD
            [is_selected] => 0
        )

    [3] => Array
        (
            [indicator_type] => Flow Reliability
            [score_level] => 4
            [description] => ASDSA
            [is_selected] => 0
        )

    [4] => Array
        (
            [indicator_type] => Flow Reliability
            [score_level] => 5
            [description] => DASDASDASD
            [is_selected] => 0
        )

    [5] => Array
        (
            [indicator_type] => Temporal Correlation
            [score_level] => 1
            [description] => DASD
            [is_selected] => 1
        )

    [6] => Array
        (
            [indicator_type] => Temporal Correlation
            [score_level] => 2
            [description] => ASDAS
            [is_selected] => 0
        )

    [7] => Array
        (
            [indicator_type] => Temporal Correlation
            [score_level] => 3
            [description] => ASDASD
            [is_selected] => 0
        )

    [8] => Array
        (
            [indicator_type] => Temporal Correlation
            [score_level] => 4
            [description] => DASDADSD
            [is_selected] => 0
        )

    [9] => Array
        (
            [indicator_type] => Temporal Correlation
            [score_level] => 5
            [description] => ASDAS
            [is_selected] => 0
        )

    [10] => Array
        (
            [indicator_type] => Geographical Correlation
            [score_level] => 1
            [description] => DASDAS
            [is_selected] => 1
        )

    [11] => Array
        (
            [indicator_type] => Geographical Correlation
            [score_level] => 2
            [description] => SASDD
            [is_selected] => 0
        )

    [12] => Array
        (
            [indicator_type] => Geographical Correlation
            [score_level] => 3
            [description] => SASDAS
            [is_selected] => 0
        )

    [13] => Array
        (
            [indicator_type] => Geographical Correlation
            [score_level] => 4
            [description] => ASDADS
            [is_selected] => 0
        )

    [14] => Array
        (
            [indicator_type] => Geographical Correlation
            [score_level] => 5
            [description] => ADSDSADS
            [is_selected] => 0
        )

    [15] => Array
        (
            [indicator_type] => Technological Correlation
            [score_level] => 1
            [description] => DASDASDAS
            [is_selected] => 0
        )

    [16] => Array
        (
            [indicator_type] => Technological Correlation
            [score_level] => 2
            [description] => SDSADAS
            [is_selected] => 1
        )

    [17] => Array
        (
            [indicator_type] => Technological Correlation
            [score_level] => 3
            [description] => SDSADA
            [is_selected] => 0
        )

    [18] => Array
        (
            [indicator_type] => Technological Correlation
            [score_level] => 4
            [description] => SDSADA
            [is_selected] => 0
        )

    [19] => Array
        (
            [indicator_type] => Technological Correlation
            [score_level] => 5
            [description] => ADSAD
            [is_selected] => 0
        )

    [20] => Array
        (
            [indicator_type] => Data Collection Methods
            [score_level] => 1
            [description] => DSADSA
            [is_selected] => 0
        )

    [21] => Array
        (
            [indicator_type] => Data Collection Methods
            [score_level] => 2
            [description] => DSADASDSA
            [is_selected] => 0
        )

    [22] => Array
        (
            [indicator_type] => Data Collection Methods
            [score_level] => 3
            [description] => DSADSAD
            [is_selected] => 0
        )

    [23] => Array
        (
            [indicator_type] => Data Collection Methods
            [score_level] => 4
            [description] => SADSADSA
            [is_selected] => 0
        )

    [24] => Array
        (
            [indicator_type] => Data Collection Methods
            [score_level] => 5
            [description] => DAS
            [is_selected] => 1
        )

)

[10-Nov-2025 02:43:56 UTC] Aviso: 'exchanges' no existe en u303404040_BASE_ACV_LCA; se omite sección opcional.
[10-Nov-2025 02:47:09 UTC] === DEBUG DATA QUALITY ===
[10-Nov-2025 02:47:09 UTC] UUID: d91a8124-8ddc-4a87-b593-596ccbe5889d
[10-Nov-2025 02:47:09 UTC] Total registros: 0
[10-Nov-2025 02:47:09 UTC] Datos: Array
(
)

[10-Nov-2025 02:47:09 UTC] Aviso: 'exchanges' no existe en u303404040_BASE_ACV_LCA; se omite sección opcional.
[10-Nov-2025 03:08:18 UTC] PHP Fatal error:  Uncaught ArgumentCountError: The number of elements in the type definition string must match the number of bind variables in /home/u303404040/domains/ciclodevida.mx/public_html/edit_dataset.php:73
Stack trace:
#0 /home/u303404040/domains/ciclodevida.mx/public_html/edit_dataset.php(73): mysqli_stmt->bind_param()
#1 {main}
  thrown in /home/u303404040/domains/ciclodevida.mx/public_html/edit_dataset.php on line 73
[10-Nov-2025 03:10:19 UTC] PHP Fatal error:  Uncaught ArgumentCountError: The number of elements in the type definition string must match the number of bind variables in /home/u303404040/domains/ciclodevida.mx/public_html/edit_dataset.php:74
Stack trace:
#0 /home/u303404040/domains/ciclodevida.mx/public_html/edit_dataset.php(74): mysqli_stmt->bind_param()
#1 {main}
  thrown in /home/u303404040/domains/ciclodevida.mx/public_html/edit_dataset.php on line 74
[10-Nov-2025 03:10:30 UTC] PHP Fatal error:  Uncaught ArgumentCountError: The number of elements in the type definition string must match the number of bind variables in /home/u303404040/domains/ciclodevida.mx/public_html/edit_dataset.php:74
Stack trace:
#0 /home/u303404040/domains/ciclodevida.mx/public_html/edit_dataset.php(74): mysqli_stmt->bind_param()
#1 {main}
  thrown in /home/u303404040/domains/ciclodevida.mx/public_html/edit_dataset.php on line 74
[10-Nov-2025 03:11:19 UTC] PHP Fatal error:  Uncaught ArgumentCountError: The number of elements in the type definition string must match the number of bind variables in /home/u303404040/domains/ciclodevida.mx/public_html/edit_dataset.php:74
Stack trace:
#0 /home/u303404040/domains/ciclodevida.mx/public_html/edit_dataset.php(74): mysqli_stmt->bind_param()
#1 {main}
  thrown in /home/u303404040/domains/ciclodevida.mx/public_html/edit_dataset.php on line 74
[10-Nov-2025 03:37:29 UTC] === DEBUG DATA QUALITY ===
[10-Nov-2025 03:37:29 UTC] UUID: d7cc190b-f94e-31bc-869d-1ff00265dbe1
[10-Nov-2025 03:37:29 UTC] Total registros: 0
[10-Nov-2025 03:37:29 UTC] Datos: Array
(
)

[10-Nov-2025 03:37:29 UTC] Aviso: 'exchanges' no existe en u303404040_BASE_ACV_LCA; se omite sección opcional.
[10-Nov-2025 03:37:34 UTC] === DEBUG DATA QUALITY ===
[10-Nov-2025 03:37:34 UTC] UUID: 069e1016-c88a-4a9d-b0c7-12eb84ac2ca5
[10-Nov-2025 03:37:34 UTC] Total registros: 25
[10-Nov-2025 03:37:34 UTC] Datos: Array
(
    [0] => Array
        (
            [indicator_type] => Flow Reliability
            [score_level] => 1
            [description] => DSADSA
            [is_selected] => 0
        )

    [1] => Array
        (
            [indicator_type] => Flow Reliability
            [score_level] => 2
            [description] => ASDDAS
            [is_selected] => 1
        )

    [2] => Array
        (
            [indicator_type] => Flow Reliability
            [score_level] => 3
            [description] => DSDSA
            [is_selected] => 0
        )

    [3] => Array
        (
            [indicator_type] => Flow Reliability
            [score_level] => 4
            [description] => ADSA
            [is_selected] => 0
        )

    [4] => Array
        (
            [indicator_type] => Flow Reliability
            [score_level] => 5
            [description] => SADADAS
            [is_selected] => 0
        )

    [5] => Array
        (
            [indicator_type] => Temporal Correlation
            [score_level] => 1
            [description] => DASDA
            [is_selected] => 0
        )

    [6] => Array
        (
            [indicator_type] => Temporal Correlation
            [score_level] => 2
            [description] => DSAS
            [is_selected] => 1
        )

    [7] => Array
        (
            [indicator_type] => Temporal Correlation
            [score_level] => 3
            [description] => DAS
            [is_selected] => 0
        )

    [8] => Array
        (
            [indicator_type] => Temporal Correlation
            [score_level] => 4
            [description] => ASD
            [is_selected] => 0
        )

    [9] => Array
        (
            [indicator_type] => Temporal Correlation
            [score_level] => 5
            [description] => DSA
            [is_selected] => 0
        )

    [10] => Array
        (
            [indicator_type] => Geographical Correlation
            [score_level] => 1
            [description] => DSDA
            [is_selected] => 0
        )

    [11] => Array
        (
            [indicator_type] => Geographical Correlation
            [score_level] => 2
            [description] => SADSA
            [is_selected] => 1
        )

    [12] => Array
        (
            [indicator_type] => Geographical Correlation
            [score_level] => 3
            [description] => SADAS
            [is_selected] => 0
        )

    [13] => Array
        (
            [indicator_type] => Geographical Correlation
            [score_level] => 4
            [description] => SAD
            [is_selected] => 0
        )

    [14] => Array
        (
            [indicator_type] => Geographical Correlation
            [score_level] => 5
            [description] => SAD
            [is_selected] => 0
        )

    [15] => Array
        (
            [indicator_type] => Technological Correlation
            [score_level] => 1
            [description] => DASD
            [is_selected] => 1
        )

    [16] => Array
        (
            [indicator_type] => Technological Correlation
            [score_level] => 2
            [description] => DSDASDAS
            [is_selected] => 0
        )

    [17] => Array
        (
            [indicator_type] => Technological Correlation
            [score_level] => 3
            [description] => SDAS
            [is_selected] => 0
        )

    [18] => Array
        (
            [indicator_type] => Technological Correlation
            [score_level] => 4
            [description] => ASD
            [is_selected] => 0
        )

    [19] => Array
        (
            [indicator_type] => Technological Correlation
            [score_level] => 5
            [description] => DAS
            [is_selected] => 0
        )

    [20] => Array
        (
            [indicator_type] => Data Collection Methods
            [score_level] => 1
            [description] => ASDSA
            [is_selected] => 1
        )

    [21] => Array
        (
            [indicator_type] => Data Collection Methods
            [score_level] => 2
            [description] => ASDSA
            [is_selected] => 0
        )

    [22] => Array
        (
            [indicator_type] => Data Collection Methods
            [score_level] => 3
            [description] => ASDASSAD
            [is_selected] => 0
        )

    [23] => Array
        (
            [indicator_type] => Data Collection Methods
            [score_level] => 4
            [description] => SDSA
            [is_selected] => 0
        )

    [24] => Array
        (
            [indicator_type] => Data Collection Methods
            [score_level] => 5
            [description] => ASDA
            [is_selected] => 0
        )

)

[10-Nov-2025 03:37:34 UTC] Aviso: 'exchanges' no existe en u303404040_BASE_ACV_LCA; se omite sección opcional.
[10-Nov-2025 03:55:47 UTC] PHP Fatal error:  Uncaught mysqli_sql_exception: Unknown column 'l.name' in 'WHERE' in /home/u303404040/domains/ciclodevida.mx/public_html/conjuntos.php:196
Stack trace:
#0 /home/u303404040/domains/ciclodevida.mx/public_html/conjuntos.php(196): mysqli->query()
#1 {main}
  thrown in /home/u303404040/domains/ciclodevida.mx/public_html/conjuntos.php on line 196
[10-Nov-2025 03:58:49 UTC] PHP Fatal error:  Uncaught mysqli_sql_exception: Unknown column 'l.name' in 'WHERE' in /home/u303404040/domains/ciclodevida.mx/public_html/conjuntos.php:217
Stack trace:
#0 /home/u303404040/domains/ciclodevida.mx/public_html/conjuntos.php(217): mysqli->query()
#1 {main}
  thrown in /home/u303404040/domains/ciclodevida.mx/public_html/conjuntos.php on line 217
[10-Nov-2025 04:05:23 UTC] === DEBUG DATA QUALITY ===
[10-Nov-2025 04:05:23 UTC] UUID: 069e1016-c88a-4a9d-b0c7-12eb84ac2ca5
[10-Nov-2025 04:05:23 UTC] Total registros: 25
[10-Nov-2025 04:05:23 UTC] Datos: Array
(
    [0] => Array
        (
            [indicator_type] => Flow Reliability
            [score_level] => 1
            [description] => DSADSA
            [is_selected] => 0
        )

    [1] => Array
        (
            [indicator_type] => Flow Reliability
            [score_level] => 2
            [description] => ASDDAS
            [is_selected] => 1
        )

    [2] => Array
        (
            [indicator_type] => Flow Reliability
            [score_level] => 3
            [description] => DSDSA
            [is_selected] => 0
        )

    [3] => Array
        (
            [indicator_type] => Flow Reliability
            [score_level] => 4
            [description] => ADSA
            [is_selected] => 0
        )

    [4] => Array
        (
            [indicator_type] => Flow Reliability
            [score_level] => 5
            [description] => SADADAS
            [is_selected] => 0
        )

    [5] => Array
        (
            [indicator_type] => Temporal Correlation
            [score_level] => 1
            [description] => DASDA
            [is_selected] => 0
        )

    [6] => Array
        (
            [indicator_type] => Temporal Correlation
            [score_level] => 2
            [description] => DSAS
            [is_selected] => 1
        )

    [7] => Array
        (
            [indicator_type] => Temporal Correlation
            [score_level] => 3
            [description] => DAS
            [is_selected] => 0
        )

    [8] => Array
        (
            [indicator_type] => Temporal Correlation
            [score_level] => 4
            [description] => ASD
            [is_selected] => 0
        )

    [9] => Array
        (
            [indicator_type] => Temporal Correlation
            [score_level] => 5
            [description] => DSA
            [is_selected] => 0
        )

    [10] => Array
        (
            [indicator_type] => Geographical Correlation
            [score_level] => 1
            [description] => DSDA
            [is_selected] => 0
        )

    [11] => Array
        (
            [indicator_type] => Geographical Correlation
            [score_level] => 2
            [description] => SADSA
            [is_selected] => 1
        )

    [12] => Array
        (
            [indicator_type] => Geographical Correlation
            [score_level] => 3
            [description] => SADAS
            [is_selected] => 0
        )

    [13] => Array
        (
            [indicator_type] => Geographical Correlation
            [score_level] => 4
            [description] => SAD
            [is_selected] => 0
        )

    [14] => Array
        (
            [indicator_type] => Geographical Correlation
            [score_level] => 5
            [description] => SAD
            [is_selected] => 0
        )

    [15] => Array
        (
            [indicator_type] => Technological Correlation
            [score_level] => 1
            [description] => DASD
            [is_selected] => 1
        )

    [16] => Array
        (
            [indicator_type] => Technological Correlation
            [score_level] => 2
            [description] => DSDASDAS
            [is_selected] => 0
        )

    [17] => Array
        (
            [indicator_type] => Technological Correlation
            [score_level] => 3
            [description] => SDAS
            [is_selected] => 0
        )

    [18] => Array
        (
            [indicator_type] => Technological Correlation
            [score_level] => 4
            [description] => ASD
            [is_selected] => 0
        )

    [19] => Array
        (
            [indicator_type] => Technological Correlation
            [score_level] => 5
            [description] => DAS
            [is_selected] => 0
        )

    [20] => Array
        (
            [indicator_type] => Data Collection Methods
            [score_level] => 1
            [description] => ASDSA
            [is_selected] => 1
        )

    [21] => Array
        (
            [indicator_type] => Data Collection Methods
            [score_level] => 2
            [description] => ASDSA
            [is_selected] => 0
        )

    [22] => Array
        (
            [indicator_type] => Data Collection Methods
            [score_level] => 3
            [description] => ASDASSAD
            [is_selected] => 0
        )

    [23] => Array
        (
            [indicator_type] => Data Collection Methods
            [score_level] => 4
            [description] => SDSA
            [is_selected] => 0
        )

    [24] => Array
        (
            [indicator_type] => Data Collection Methods
            [score_level] => 5
            [description] => ASDA
            [is_selected] => 0
        )

)

[10-Nov-2025 04:05:23 UTC] Aviso: 'exchanges' no existe en u303404040_BASE_ACV_LCA; se omite sección opcional.
[10-Nov-2025 04:14:03 UTC] === DEBUG DATA QUALITY ===
[10-Nov-2025 04:14:03 UTC] UUID: 069e1016-c88a-4a9d-b0c7-12eb84ac2ca5
[10-Nov-2025 04:14:03 UTC] Total registros: 25
[10-Nov-2025 04:14:03 UTC] Datos: Array
(
    [0] => Array
        (
            [indicator_type] => Flow Reliability
            [score_level] => 1
            [description] => DSADSA
            [is_selected] => 0
        )

    [1] => Array
        (
            [indicator_type] => Flow Reliability
            [score_level] => 2
            [description] => ASDDAS
            [is_selected] => 1
        )

    [2] => Array
        (
            [indicator_type] => Flow Reliability
            [score_level] => 3
            [description] => DSDSA
            [is_selected] => 0
        )

    [3] => Array
        (
            [indicator_type] => Flow Reliability
            [score_level] => 4
            [description] => ADSA
            [is_selected] => 0
        )

    [4] => Array
        (
            [indicator_type] => Flow Reliability
            [score_level] => 5
            [description] => SADADAS
            [is_selected] => 0
        )

    [5] => Array
        (
            [indicator_type] => Temporal Correlation
            [score_level] => 1
            [description] => DASDA
            [is_selected] => 0
        )

    [6] => Array
        (
            [indicator_type] => Temporal Correlation
            [score_level] => 2
            [description] => DSAS
            [is_selected] => 1
        )

    [7] => Array
        (
            [indicator_type] => Temporal Correlation
            [score_level] => 3
            [description] => DAS
            [is_selected] => 0
        )

    [8] => Array
        (
            [indicator_type] => Temporal Correlation
            [score_level] => 4
            [description] => ASD
            [is_selected] => 0
        )

    [9] => Array
        (
            [indicator_type] => Temporal Correlation
            [score_level] => 5
            [description] => DSA
            [is_selected] => 0
        )

    [10] => Array
        (
            [indicator_type] => Geographical Correlation
            [score_level] => 1
            [description] => DSDA
            [is_selected] => 0
        )

    [11] => Array
        (
            [indicator_type] => Geographical Correlation
            [score_level] => 2
            [description] => SADSA
            [is_selected] => 1
        )

    [12] => Array
        (
            [indicator_type] => Geographical Correlation
            [score_level] => 3
            [description] => SADAS
            [is_selected] => 0
        )

    [13] => Array
        (
            [indicator_type] => Geographical Correlation
            [score_level] => 4
            [description] => SAD
            [is_selected] => 0
        )

    [14] => Array
        (
            [indicator_type] => Geographical Correlation
            [score_level] => 5
            [description] => SAD
            [is_selected] => 0
        )

    [15] => Array
        (
            [indicator_type] => Technological Correlation
            [score_level] => 1
            [description] => DASD
            [is_selected] => 1
        )

    [16] => Array
        (
            [indicator_type] => Technological Correlation
            [score_level] => 2
            [description] => DSDASDAS
            [is_selected] => 0
        )

    [17] => Array
        (
            [indicator_type] => Technological Correlation
            [score_level] => 3
            [description] => SDAS
            [is_selected] => 0
        )

    [18] => Array
        (
            [indicator_type] => Technological Correlation
            [score_level] => 4
            [description] => ASD
            [is_selected] => 0
        )

    [19] => Array
        (
            [indicator_type] => Technological Correlation
            [score_level] => 5
            [description] => DAS
            [is_selected] => 0
        )

    [20] => Array
        (
            [indicator_type] => Data Collection Methods
            [score_level] => 1
            [description] => ASDSA
            [is_selected] => 1
        )

    [21] => Array
        (
            [indicator_type] => Data Collection Methods
            [score_level] => 2
            [description] => ASDSA
            [is_selected] => 0
        )

    [22] => Array
        (
            [indicator_type] => Data Collection Methods
            [score_level] => 3
            [description] => ASDASSAD
            [is_selected] => 0
        )

    [23] => Array
        (
            [indicator_type] => Data Collection Methods
            [score_level] => 4
            [description] => SDSA
            [is_selected] => 0
        )

    [24] => Array
        (
            [indicator_type] => Data Collection Methods
            [score_level] => 5
            [description] => ASDA
            [is_selected] => 0
        )

)

[10-Nov-2025 04:14:03 UTC] Aviso: 'exchanges' no existe en u303404040_BASE_ACV_LCA; se omite sección opcional.
[10-Nov-2025 04:14:13 UTC] === DEBUG DATA QUALITY ===
[10-Nov-2025 04:14:13 UTC] UUID: d7cc190b-f94e-31bc-869d-1ff00265dbe1
[10-Nov-2025 04:14:13 UTC] Total registros: 0
[10-Nov-2025 04:14:13 UTC] Datos: Array
(
)

[10-Nov-2025 04:14:13 UTC] Aviso: 'exchanges' no existe en u303404040_BASE_ACV_LCA; se omite sección opcional.
[10-Nov-2025 04:14:21 UTC] === DEBUG DATA QUALITY ===
[10-Nov-2025 04:14:21 UTC] UUID: 41015013-6384-3643-ab0a-000dcbeeaa2d
[10-Nov-2025 04:14:21 UTC] Total registros: 0
[10-Nov-2025 04:14:21 UTC] Datos: Array
(
)

[10-Nov-2025 04:14:21 UTC] Aviso: 'exchanges' no existe en u303404040_BASE_ACV_LCA; se omite sección opcional.
[10-Nov-2025 04:14:31 UTC] === DEBUG DATA QUALITY ===
[10-Nov-2025 04:14:31 UTC] UUID: 7dff4b94-bb53-47f2-8b20-46f3ee3bc21e
[10-Nov-2025 04:14:31 UTC] Total registros: 0
[10-Nov-2025 04:14:31 UTC] Datos: Array
(
)

[10-Nov-2025 04:14:31 UTC] Aviso: 'exchanges' no existe en u303404040_BASE_ACV_LCA; se omite sección opcional.
[10-Nov-2025 04:15:41 UTC] === DEBUG DATA QUALITY ===
[10-Nov-2025 04:15:41 UTC] UUID: 069e1016-c88a-4a9d-b0c7-12eb84ac2ca5
[10-Nov-2025 04:15:41 UTC] Total registros: 25
[10-Nov-2025 04:15:41 UTC] Datos: Array
(
    [0] => Array
        (
            [indicator_type] => Flow Reliability
            [score_level] => 1
            [description] => DSADSA
            [is_selected] => 0
        )

    [1] => Array
        (
            [indicator_type] => Flow Reliability
            [score_level] => 2
            [description] => ASDDAS
            [is_selected] => 1
        )

    [2] => Array
        (
            [indicator_type] => Flow Reliability
            [score_level] => 3
            [description] => DSDSA
            [is_selected] => 0
        )

    [3] => Array
        (
            [indicator_type] => Flow Reliability
            [score_level] => 4
            [description] => ADSA
            [is_selected] => 0
        )

    [4] => Array
        (
            [indicator_type] => Flow Reliability
            [score_level] => 5
            [description] => SADADAS
            [is_selected] => 0
        )

    [5] => Array
        (
            [indicator_type] => Temporal Correlation
            [score_level] => 1
            [description] => DASDA
            [is_selected] => 0
        )

    [6] => Array
        (
            [indicator_type] => Temporal Correlation
            [score_level] => 2
            [description] => DSAS
            [is_selected] => 1
        )

    [7] => Array
        (
            [indicator_type] => Temporal Correlation
            [score_level] => 3
            [description] => DAS
            [is_selected] => 0
        )

    [8] => Array
        (
            [indicator_type] => Temporal Correlation
            [score_level] => 4
            [description] => ASD
            [is_selected] => 0
        )

    [9] => Array
        (
            [indicator_type] => Temporal Correlation
            [score_level] => 5
            [description] => DSA
            [is_selected] => 0
        )

    [10] => Array
        (
            [indicator_type] => Geographical Correlation
            [score_level] => 1
            [description] => DSDA
            [is_selected] => 0
        )

    [11] => Array
        (
            [indicator_type] => Geographical Correlation
            [score_level] => 2
            [description] => SADSA
            [is_selected] => 1
        )

    [12] => Array
        (
            [indicator_type] => Geographical Correlation
            [score_level] => 3
            [description] => SADAS
            [is_selected] => 0
        )

    [13] => Array
        (
            [indicator_type] => Geographical Correlation
            [score_level] => 4
            [description] => SAD
            [is_selected] => 0
        )

    [14] => Array
        (
            [indicator_type] => Geographical Correlation
            [score_level] => 5
            [description] => SAD
            [is_selected] => 0
        )

    [15] => Array
        (
            [indicator_type] => Technological Correlation
            [score_level] => 1
            [description] => DASD
            [is_selected] => 1
        )

    [16] => Array
        (
            [indicator_type] => Technological Correlation
            [score_level] => 2
            [description] => DSDASDAS
            [is_selected] => 0
        )

    [17] => Array
        (
            [indicator_type] => Technological Correlation
            [score_level] => 3
            [description] => SDAS
            [is_selected] => 0
        )

    [18] => Array
        (
            [indicator_type] => Technological Correlation
            [score_level] => 4
            [description] => ASD
            [is_selected] => 0
        )

    [19] => Array
        (
            [indicator_type] => Technological Correlation
            [score_level] => 5
            [description] => DAS
            [is_selected] => 0
        )

    [20] => Array
        (
            [indicator_type] => Data Collection Methods
            [score_level] => 1
            [description] => ASDSA
            [is_selected] => 1
        )

    [21] => Array
        (
            [indicator_type] => Data Collection Methods
            [score_level] => 2
            [description] => ASDSA
            [is_selected] => 0
        )

    [22] => Array
        (
            [indicator_type] => Data Collection Methods
            [score_level] => 3
            [description] => ASDASSAD
            [is_selected] => 0
        )

    [23] => Array
        (
            [indicator_type] => Data Collection Methods
            [score_level] => 4
            [description] => SDSA
            [is_selected] => 0
        )

    [24] => Array
        (
            [indicator_type] => Data Collection Methods
            [score_level] => 5
            [description] => ASDA
            [is_selected] => 0
        )

)

[10-Nov-2025 04:15:42 UTC] Aviso: 'exchanges' no existe en u303404040_BASE_ACV_LCA; se omite sección opcional.
[10-Nov-2025 19:00:15 UTC] === DEBUG DATA QUALITY ===
[10-Nov-2025 19:00:15 UTC] UUID: 069e1016-c88a-4a9d-b0c7-12eb84ac2ca5
[10-Nov-2025 19:00:15 UTC] Total registros: 25
[10-Nov-2025 19:00:15 UTC] Datos: Array
(
    [0] => Array
        (
            [indicator_type] => Flow Reliability
            [score_level] => 1
            [description] => DSADSA
            [is_selected] => 0
        )

    [1] => Array
        (
            [indicator_type] => Flow Reliability
            [score_level] => 2
            [description] => ASDDAS
            [is_selected] => 1
        )

    [2] => Array
        (
            [indicator_type] => Flow Reliability
            [score_level] => 3
            [description] => DSDSA
            [is_selected] => 0
        )

    [3] => Array
        (
            [indicator_type] => Flow Reliability
            [score_level] => 4
            [description] => ADSA
            [is_selected] => 0
        )

    [4] => Array
        (
            [indicator_type] => Flow Reliability
            [score_level] => 5
            [description] => SADADAS
            [is_selected] => 0
        )

    [5] => Array
        (
            [indicator_type] => Temporal Correlation
            [score_level] => 1
            [description] => DASDA
            [is_selected] => 0
        )

    [6] => Array
        (
            [indicator_type] => Temporal Correlation
            [score_level] => 2
            [description] => DSAS
            [is_selected] => 1
        )

    [7] => Array
        (
            [indicator_type] => Temporal Correlation
            [score_level] => 3
            [description] => DAS
            [is_selected] => 0
        )

    [8] => Array
        (
            [indicator_type] => Temporal Correlation
            [score_level] => 4
            [description] => ASD
            [is_selected] => 0
        )

    [9] => Array
        (
            [indicator_type] => Temporal Correlation
            [score_level] => 5
            [description] => DSA
            [is_selected] => 0
        )

    [10] => Array
        (
            [indicator_type] => Geographical Correlation
            [score_level] => 1
            [description] => DSDA
            [is_selected] => 0
        )

    [11] => Array
        (
            [indicator_type] => Geographical Correlation
            [score_level] => 2
            [description] => SADSA
            [is_selected] => 1
        )

    [12] => Array
        (
            [indicator_type] => Geographical Correlation
            [score_level] => 3
            [description] => SADAS
            [is_selected] => 0
        )

    [13] => Array
        (
            [indicator_type] => Geographical Correlation
            [score_level] => 4
            [description] => SAD
            [is_selected] => 0
        )

    [14] => Array
        (
            [indicator_type] => Geographical Correlation
            [score_level] => 5
            [description] => SAD
            [is_selected] => 0
        )

    [15] => Array
        (
            [indicator_type] => Technological Correlation
            [score_level] => 1
            [description] => DASD
            [is_selected] => 1
        )

    [16] => Array
        (
            [indicator_type] => Technological Correlation
            [score_level] => 2
            [description] => DSDASDAS
            [is_selected] => 0
        )

    [17] => Array
        (
            [indicator_type] => Technological Correlation
            [score_level] => 3
            [description] => SDAS
            [is_selected] => 0
        )

    [18] => Array
        (
            [indicator_type] => Technological Correlation
            [score_level] => 4
            [description] => ASD
            [is_selected] => 0
        )

    [19] => Array
        (
            [indicator_type] => Technological Correlation
            [score_level] => 5
            [description] => DAS
            [is_selected] => 0
        )

    [20] => Array
        (
            [indicator_type] => Data Collection Methods
            [score_level] => 1
            [description] => ASDSA
            [is_selected] => 1
        )

    [21] => Array
        (
            [indicator_type] => Data Collection Methods
            [score_level] => 2
            [description] => ASDSA
            [is_selected] => 0
        )

    [22] => Array
        (
            [indicator_type] => Data Collection Methods
            [score_level] => 3
            [description] => ASDASSAD
            [is_selected] => 0
        )

    [23] => Array
        (
            [indicator_type] => Data Collection Methods
            [score_level] => 4
            [description] => SDSA
            [is_selected] => 0
        )

    [24] => Array
        (
            [indicator_type] => Data Collection Methods
            [score_level] => 5
            [description] => ASDA
            [is_selected] => 0
        )

)

[10-Nov-2025 19:00:15 UTC] Aviso: 'exchanges' no existe en u303404040_BASE_ACV_LCA; se omite sección opcional.
[10-Nov-2025 21:50:56 UTC] === DEBUG DATA QUALITY ===
[10-Nov-2025 21:50:56 UTC] UUID: eecee6ef-d078-391d-8b7f-29d89f39daa7
[10-Nov-2025 21:50:56 UTC] Total registros: 0
[10-Nov-2025 21:50:56 UTC] Datos: Array
(
)

[10-Nov-2025 21:50:56 UTC] Aviso: 'exchanges' no existe en u303404040_BASE_ACV_LCA; se omite sección opcional.
[10-Nov-2025 21:54:35 UTC] === DEBUG DATA QUALITY ===
[10-Nov-2025 21:54:35 UTC] UUID: 117f394e-0181-3295-883a-113c7e60414b
[10-Nov-2025 21:54:35 UTC] Total registros: 0
[10-Nov-2025 21:54:35 UTC] Datos: Array
(
)

[10-Nov-2025 21:54:35 UTC] Aviso: 'exchanges' no existe en u303404040_BASE_ACV_LCA; se omite sección opcional.
[10-Nov-2025 23:38:18 UTC] === DEBUG DATA QUALITY ===
[10-Nov-2025 23:38:18 UTC] UUID: d91a8124-8ddc-4a87-b593-596ccbe5889d
[10-Nov-2025 23:38:18 UTC] Total registros: 0
[10-Nov-2025 23:38:18 UTC] Datos: Array
(
)

[10-Nov-2025 23:38:18 UTC] Aviso: 'exchanges' no existe en u303404040_BASE_ACV_LCA; se omite sección opcional.
[10-Nov-2025 23:38:24 UTC] === DEBUG DATA QUALITY ===
[10-Nov-2025 23:38:24 UTC] UUID: d91a8124-8ddc-4a87-b593-596ccbe5889d
[10-Nov-2025 23:38:24 UTC] Total registros: 0
[10-Nov-2025 23:38:24 UTC] Datos: Array
(
)

[10-Nov-2025 23:38:24 UTC] Aviso: 'exchanges' no existe en u303404040_BASE_ACV_LCA; se omite sección opcional.
[10-Nov-2025 23:44:53 UTC] === DEBUG DATA QUALITY ===
[10-Nov-2025 23:44:53 UTC] UUID: d91a8124-8ddc-4a87-b593-596ccbe5889d
[10-Nov-2025 23:44:53 UTC] Total registros: 0
[10-Nov-2025 23:44:53 UTC] Datos: Array
(
)

[10-Nov-2025 23:44:53 UTC] Aviso: 'exchanges' no existe en u303404040_BASE_ACV_LCA; se omite sección opcional.
[10-Nov-2025 23:50:31 UTC] === DEBUG DATA QUALITY ===
[10-Nov-2025 23:50:31 UTC] UUID: 07777d69-deb4-48c9-8cf6-e70cffeb5e33
[10-Nov-2025 23:50:31 UTC] Total registros: 0
[10-Nov-2025 23:50:31 UTC] Datos: Array
(
)

[10-Nov-2025 23:50:31 UTC] Aviso: 'exchanges' no existe en u303404040_BASE_ACV_LCA; se omite sección opcional.
[11-Nov-2025 00:01:01 UTC] === DEBUG DATA QUALITY ===
[11-Nov-2025 00:01:01 UTC] UUID: db91d101-17f0-4139-bfa4-45736840feac
[11-Nov-2025 00:01:01 UTC] Total registros: 0
[11-Nov-2025 00:01:01 UTC] Datos: Array
(
)

[11-Nov-2025 00:01:01 UTC] Aviso: 'exchanges' no existe en u303404040_BASE_ACV_LCA; se omite sección opcional.
[11-Nov-2025 22:29:25 UTC] === DEBUG DATA QUALITY ===
[11-Nov-2025 22:29:25 UTC] UUID: 006f19e5-26d7-32d6-a8d2-562a9d440993
[11-Nov-2025 22:29:25 UTC] Total registros: 0
[11-Nov-2025 22:29:25 UTC] Datos: Array
(
)

[11-Nov-2025 22:29:25 UTC] Aviso: 'exchanges' no existe en u303404040_BASE_ACV_LCA; se omite sección opcional.
[13-Nov-2025 06:22:14 UTC] === DEBUG DATA QUALITY ===
[13-Nov-2025 06:22:14 UTC] UUID: 10c8b104-5179-48a2-be32-943ab0f240b4
[13-Nov-2025 06:22:14 UTC] Total registros: 0
[13-Nov-2025 06:22:14 UTC] Datos: Array
(
)

[13-Nov-2025 06:22:14 UTC] Aviso: 'exchanges' no existe en u303404040_BASE_ACV_LCA; se omite sección opcional.
[13-Nov-2025 17:16:20 UTC] === DEBUG DATA QUALITY ===
[13-Nov-2025 17:16:20 UTC] UUID: 92f23fcd-9af1-4b32-8029-f4150c9f9709
[13-Nov-2025 17:16:20 UTC] Total registros: 0
[13-Nov-2025 17:16:20 UTC] Datos: Array
(
)

[13-Nov-2025 17:16:20 UTC] Aviso: 'exchanges' no existe en u303404040_BASE_ACV_LCA; se omite sección opcional.
[13-Nov-2025 19:36:53 UTC] === DEBUG DATA QUALITY ===
[13-Nov-2025 19:36:53 UTC] UUID: 37438604-4465-497b-ab86-e4b6af017fcc
[13-Nov-2025 19:36:53 UTC] Total registros: 0
[13-Nov-2025 19:36:53 UTC] Datos: Array
(
)

[13-Nov-2025 19:36:53 UTC] Aviso: 'exchanges' no existe en u303404040_BASE_ACV_LCA; se omite sección opcional.
[13-Nov-2025 19:37:07 UTC] === DEBUG DATA QUALITY ===
[13-Nov-2025 19:37:07 UTC] UUID: 07777d69-deb4-48c9-8cf6-e70cffeb5e33
[13-Nov-2025 19:37:07 UTC] Total registros: 0
[13-Nov-2025 19:37:07 UTC] Datos: Array
(
)

[13-Nov-2025 19:37:07 UTC] Aviso: 'exchanges' no existe en u303404040_BASE_ACV_LCA; se omite sección opcional.
[13-Nov-2025 19:37:23 UTC] === DEBUG DATA QUALITY ===
[13-Nov-2025 19:37:23 UTC] UUID: 07777d69-deb4-48c9-8cf6-e70cffeb5e33
[13-Nov-2025 19:37:23 UTC] Total registros: 0
[13-Nov-2025 19:37:23 UTC] Datos: Array
(
)

[13-Nov-2025 19:37:23 UTC] Aviso: 'exchanges' no existe en u303404040_BASE_ACV_LCA; se omite sección opcional.
[13-Nov-2025 19:38:35 UTC] === DEBUG DATA QUALITY ===
[13-Nov-2025 19:38:35 UTC] UUID: 9485a9de-9962-4d53-a2c4-4715d94e36be
[13-Nov-2025 19:38:35 UTC] Total registros: 0
[13-Nov-2025 19:38:35 UTC] Datos: Array
(
)

[13-Nov-2025 19:38:35 UTC] Aviso: 'exchanges' no existe en u303404040_BASE_ACV_LCA; se omite sección opcional.
[13-Nov-2025 21:20:02 UTC] === DEBUG DATA QUALITY ===
[13-Nov-2025 21:20:02 UTC] UUID: 07777d69-deb4-48c9-8cf6-e70cffeb5e33
[13-Nov-2025 21:20:02 UTC] Total registros: 0
[13-Nov-2025 21:20:02 UTC] Datos: Array
(
)

[13-Nov-2025 21:20:02 UTC] Aviso: 'exchanges' no existe en u303404040_BASE_ACV_LCA; se omite sección opcional.
[18-Nov-2025 12:00:51 UTC] === DEBUG DATA QUALITY ===
[18-Nov-2025 12:00:51 UTC] UUID: 1f6785d9-75ea-4dba-b45b-13792f1f41c2
[18-Nov-2025 12:00:51 UTC] Total registros: 0
[18-Nov-2025 12:00:51 UTC] Datos: Array
(
)

[18-Nov-2025 12:00:51 UTC] Aviso: 'exchanges' no existe en u303404040_BASE_ACV_LCA; se omite sección opcional.
[18-Nov-2025 14:49:09 UTC] === DEBUG DATA QUALITY ===
[18-Nov-2025 14:49:09 UTC] UUID: 1939bc35-a5e9-4224-a210-2bef0b6cc87e
[18-Nov-2025 14:49:09 UTC] Total registros: 0
[18-Nov-2025 14:49:09 UTC] Datos: Array
(
)

[18-Nov-2025 14:49:09 UTC] Aviso: 'exchanges' no existe en u303404040_BASE_ACV_LCA; se omite sección opcional.
[18-Nov-2025 16:36:41 UTC] === DEBUG DATA QUALITY ===
[18-Nov-2025 16:36:41 UTC] UUID: 7c8850a0-8a74-4622-99c8-88e007013a52
[18-Nov-2025 16:36:41 UTC] Total registros: 0
[18-Nov-2025 16:36:41 UTC] Datos: Array
(
)

[18-Nov-2025 16:36:41 UTC] Aviso: 'exchanges' no existe en u303404040_BASE_ACV_LCA; se omite sección opcional.
[19-Nov-2025 14:46:46 UTC] === DEBUG DATA QUALITY ===
[19-Nov-2025 14:46:46 UTC] UUID: 25cd080d-4b12-4a71-a801-6d310ce4ef24
[19-Nov-2025 14:46:46 UTC] Total registros: 0
[19-Nov-2025 14:46:46 UTC] Datos: Array
(
)

[19-Nov-2025 14:46:47 UTC] Aviso: 'exchanges' no existe en u303404040_BASE_ACV_LCA; se omite sección opcional.
[19-Nov-2025 18:21:43 UTC] === DEBUG DATA QUALITY ===
[19-Nov-2025 18:21:43 UTC] UUID: d91a8124-8ddc-4a87-b593-596ccbe5889d
[19-Nov-2025 18:21:43 UTC] Total registros: 0
[19-Nov-2025 18:21:43 UTC] Datos: Array
(
)

[19-Nov-2025 18:21:43 UTC] Aviso: 'exchanges' no existe en u303404040_BASE_ACV_LCA; se omite sección opcional.
[19-Nov-2025 18:41:47 UTC] === DEBUG DATA QUALITY ===
[19-Nov-2025 18:41:47 UTC] UUID: d172f108-78b9-4b35-9351-6042af55b784
[19-Nov-2025 18:41:47 UTC] Total registros: 0
[19-Nov-2025 18:41:47 UTC] Datos: Array
(
)

[19-Nov-2025 18:41:47 UTC] Aviso: 'exchanges' no existe en u303404040_BASE_ACV_LCA; se omite sección opcional.
[19-Nov-2025 18:43:05 UTC] === DEBUG DATA QUALITY ===
[19-Nov-2025 18:43:05 UTC] UUID: d172f108-78b9-4b35-9351-6042af55b784
[19-Nov-2025 18:43:05 UTC] Total registros: 0
[19-Nov-2025 18:43:05 UTC] Datos: Array
(
)

[19-Nov-2025 18:43:05 UTC] Aviso: 'exchanges' no existe en u303404040_BASE_ACV_LCA; se omite sección opcional.
[19-Nov-2025 20:29:14 UTC] === DEBUG DATA QUALITY ===
[19-Nov-2025 20:29:14 UTC] UUID: c3982f6e-2ddf-40af-bd8c-e7fbd264bf14
[19-Nov-2025 20:29:14 UTC] Total registros: 0
[19-Nov-2025 20:29:14 UTC] Datos: Array
(
)

[19-Nov-2025 20:29:14 UTC] Aviso: 'exchanges' no existe en u303404040_BASE_ACV_LCA; se omite sección opcional.
[19-Nov-2025 20:30:07 UTC] === DEBUG DATA QUALITY ===
[19-Nov-2025 20:30:07 UTC] UUID: 069e1016-c88a-4a9d-b0c7-12eb84ac2ca5
[19-Nov-2025 20:30:07 UTC] Total registros: 25
[19-Nov-2025 20:30:07 UTC] Datos: Array
(
    [0] => Array
        (
            [indicator_type] => Flow Reliability
            [score_level] => 1
            [description] => DSADSA
            [is_selected] => 0
        )

    [1] => Array
        (
            [indicator_type] => Flow Reliability
            [score_level] => 2
            [description] => ASDDAS
            [is_selected] => 1
        )

    [2] => Array
        (
            [indicator_type] => Flow Reliability
            [score_level] => 3
            [description] => DSDSA
            [is_selected] => 0
        )

    [3] => Array
        (
            [indicator_type] => Flow Reliability
            [score_level] => 4
            [description] => ADSA
            [is_selected] => 0
        )

    [4] => Array
        (
            [indicator_type] => Flow Reliability
            [score_level] => 5
            [description] => SADADAS
            [is_selected] => 0
        )

    [5] => Array
        (
            [indicator_type] => Temporal Correlation
            [score_level] => 1
            [description] => DASDA
            [is_selected] => 0
        )

    [6] => Array
        (
            [indicator_type] => Temporal Correlation
            [score_level] => 2
            [description] => DSAS
            [is_selected] => 1
        )

    [7] => Array
        (
            [indicator_type] => Temporal Correlation
            [score_level] => 3
            [description] => DAS
            [is_selected] => 0
        )

    [8] => Array
        (
            [indicator_type] => Temporal Correlation
            [score_level] => 4
            [description] => ASD
            [is_selected] => 0
        )

    [9] => Array
        (
            [indicator_type] => Temporal Correlation
            [score_level] => 5
            [description] => DSA
            [is_selected] => 0
        )

    [10] => Array
        (
            [indicator_type] => Geographical Correlation
            [score_level] => 1
            [description] => DSDA
            [is_selected] => 0
        )

    [11] => Array
        (
            [indicator_type] => Geographical Correlation
            [score_level] => 2
            [description] => SADSA
            [is_selected] => 1
        )

    [12] => Array
        (
            [indicator_type] => Geographical Correlation
            [score_level] => 3
            [description] => SADAS
            [is_selected] => 0
        )

    [13] => Array
        (
            [indicator_type] => Geographical Correlation
            [score_level] => 4
            [description] => SAD
            [is_selected] => 0
        )

    [14] => Array
        (
            [indicator_type] => Geographical Correlation
            [score_level] => 5
            [description] => SAD
            [is_selected] => 0
        )

    [15] => Array
        (
            [indicator_type] => Technological Correlation
            [score_level] => 1
            [description] => DASD
            [is_selected] => 1
        )

    [16] => Array
        (
            [indicator_type] => Technological Correlation
            [score_level] => 2
            [description] => DSDASDAS
            [is_selected] => 0
        )

    [17] => Array
        (
            [indicator_type] => Technological Correlation
            [score_level] => 3
            [description] => SDAS
            [is_selected] => 0
        )

    [18] => Array
        (
            [indicator_type] => Technological Correlation
            [score_level] => 4
            [description] => ASD
            [is_selected] => 0
        )

    [19] => Array
        (
            [indicator_type] => Technological Correlation
            [score_level] => 5
            [description] => DAS
            [is_selected] => 0
        )

    [20] => Array
        (
            [indicator_type] => Data Collection Methods
            [score_level] => 1
            [description] => ASDSA
            [is_selected] => 1
        )

    [21] => Array
        (
            [indicator_type] => Data Collection Methods
            [score_level] => 2
            [description] => ASDSA
            [is_selected] => 0
        )

    [22] => Array
        (
            [indicator_type] => Data Collection Methods
            [score_level] => 3
            [description] => ASDASSAD
            [is_selected] => 0
        )

    [23] => Array
        (
            [indicator_type] => Data Collection Methods
            [score_level] => 4
            [description] => SDSA
            [is_selected] => 0
        )

    [24] => Array
        (
            [indicator_type] => Data Collection Methods
            [score_level] => 5
            [description] => ASDA
            [is_selected] => 0
        )

)

[19-Nov-2025 20:30:07 UTC] Aviso: 'exchanges' no existe en u303404040_BASE_ACV_LCA; se omite sección opcional.
[21-Nov-2025 23:13:32 UTC] === DEBUG DATA QUALITY ===
[21-Nov-2025 23:13:32 UTC] UUID: 049c007b-3c34-45f2-a2cc-a767e021bccf
[21-Nov-2025 23:13:32 UTC] Total registros: 0
[21-Nov-2025 23:13:32 UTC] Datos: Array
(
)

[21-Nov-2025 23:13:32 UTC] Aviso: 'exchanges' no existe en u303404040_BASE_ACV_LCA; se omite sección opcional.
[22-Nov-2025 04:29:21 UTC] === DEBUG DATA QUALITY ===
[22-Nov-2025 04:29:21 UTC] UUID: 38b5ba7e-63cf-4760-846b-176e75328ccb
[22-Nov-2025 04:29:21 UTC] Total registros: 0
[22-Nov-2025 04:29:21 UTC] Datos: Array
(
)

[22-Nov-2025 04:29:21 UTC] Aviso: 'exchanges' no existe en u303404040_BASE_ACV_LCA; se omite sección opcional.
[22-Nov-2025 16:20:17 UTC] === DEBUG DATA QUALITY ===
[22-Nov-2025 16:20:17 UTC] UUID: 00e1436f-8384-4fc3-836c-650f7cfa7438
[22-Nov-2025 16:20:17 UTC] Total registros: 0
[22-Nov-2025 16:20:17 UTC] Datos: Array
(
)

[22-Nov-2025 16:20:17 UTC] Aviso: 'exchanges' no existe en u303404040_BASE_ACV_LCA; se omite sección opcional.
[23-Nov-2025 21:24:47 UTC] === DEBUG DATA QUALITY ===
[23-Nov-2025 21:24:47 UTC] UUID: 01218263-c233-412d-9268-9018cd48faa2
[23-Nov-2025 21:24:47 UTC] Total registros: 0
[23-Nov-2025 21:24:47 UTC] Datos: Array
(
)

[23-Nov-2025 21:24:47 UTC] Aviso: 'exchanges' no existe en u303404040_BASE_ACV_LCA; se omite sección opcional.
[25-Nov-2025 18:38:17 UTC] === DEBUG DATA QUALITY ===
[25-Nov-2025 18:38:17 UTC] UUID: 442ebb2b-cf58-4e58-a8ae-e57127e6108f
[25-Nov-2025 18:38:17 UTC] Total registros: 0
[25-Nov-2025 18:38:17 UTC] Datos: Array
(
)

[25-Nov-2025 18:38:17 UTC] Aviso: 'exchanges' no existe en u303404040_BASE_ACV_LCA; se omite sección opcional.
[26-Nov-2025 11:27:59 UTC] === DEBUG DATA QUALITY ===
[26-Nov-2025 11:27:59 UTC] UUID: 24081291-bfea-4118-8b0e-f1f26f007d19
[26-Nov-2025 11:27:59 UTC] Total registros: 0
[26-Nov-2025 11:27:59 UTC] Datos: Array
(
)

[26-Nov-2025 11:27:59 UTC] Aviso: 'exchanges' no existe en u303404040_BASE_ACV_LCA; se omite sección opcional.
[27-Nov-2025 01:47:40 UTC] === DEBUG DATA QUALITY ===
[27-Nov-2025 01:47:40 UTC] UUID: 763ea11f-9803-36b5-aadc-7af347b0059c
[27-Nov-2025 01:47:40 UTC] Total registros: 0
[27-Nov-2025 01:47:40 UTC] Datos: Array
(
)

[27-Nov-2025 01:47:40 UTC] Aviso: 'exchanges' no existe en u303404040_BASE_ACV_LCA; se omite sección opcional.
[30-Nov-2025 05:13:03 UTC] === DEBUG DATA QUALITY ===
[30-Nov-2025 05:13:03 UTC] UUID: 0d5092ff-bd4a-4850-951d-24a68cbdae42
[30-Nov-2025 05:13:03 UTC] Total registros: 0
[30-Nov-2025 05:13:03 UTC] Datos: Array
(
)

[30-Nov-2025 05:13:03 UTC] Aviso: 'exchanges' no existe en u303404040_BASE_ACV_LCA; se omite sección opcional.
[02-Dec-2025 04:08:13 UTC] PHP Fatal error:  Uncaught ArgumentCountError: The number of elements in the type definition string must match the number of bind variables in /home/u303404040/domains/ciclodevida.mx/public_html/edit_dataset.php:492
Stack trace:
#0 /home/u303404040/domains/ciclodevida.mx/public_html/edit_dataset.php(492): mysqli_stmt->bind_param()
#1 {main}
  thrown in /home/u303404040/domains/ciclodevida.mx/public_html/edit_dataset.php on line 492
[02-Dec-2025 04:15:11 UTC] PHP Fatal error:  Uncaught ArgumentCountError: The number of elements in the type definition string must match the number of bind variables in /home/u303404040/domains/ciclodevida.mx/public_html/edit_dataset.php:492
Stack trace:
#0 /home/u303404040/domains/ciclodevida.mx/public_html/edit_dataset.php(492): mysqli_stmt->bind_param()
#1 {main}
  thrown in /home/u303404040/domains/ciclodevida.mx/public_html/edit_dataset.php on line 492
[02-Dec-2025 04:15:11 UTC] PHP Fatal error:  Uncaught ArgumentCountError: The number of elements in the type definition string must match the number of bind variables in /home/u303404040/domains/ciclodevida.mx/public_html/edit_dataset.php:492
Stack trace:
#0 /home/u303404040/domains/ciclodevida.mx/public_html/edit_dataset.php(492): mysqli_stmt->bind_param()
#1 {main}
  thrown in /home/u303404040/domains/ciclodevida.mx/public_html/edit_dataset.php on line 492
[02-Dec-2025 04:30:51 UTC] === DEBUG DATA QUALITY ===
[02-Dec-2025 04:30:51 UTC] UUID: d91a8124-8ddc-4a87-b593-596ccbe5889d
[02-Dec-2025 04:30:51 UTC] Total registros: 0
[02-Dec-2025 04:30:51 UTC] Datos: Array
(
)

[02-Dec-2025 04:30:51 UTC] Aviso: 'exchanges' no existe en u303404040_BASE_ACV_LCA; se omite sección opcional.
[02-Dec-2025 04:30:58 UTC] === DEBUG DATA QUALITY ===
[02-Dec-2025 04:30:58 UTC] UUID: d73ca3e6-f36c-4907-b162-f50329a3ed98
[02-Dec-2025 04:30:58 UTC] Total registros: 0
[02-Dec-2025 04:30:58 UTC] Datos: Array
(
)

[02-Dec-2025 04:30:58 UTC] Aviso: 'exchanges' no existe en u303404040_BASE_ACV_LCA; se omite sección opcional.
[02-Dec-2025 04:31:05 UTC] === DEBUG DATA QUALITY ===
[02-Dec-2025 04:31:05 UTC] UUID: 7caceef8-4a97-3de3-97fb-53241bdc8448
[02-Dec-2025 04:31:05 UTC] Total registros: 0
[02-Dec-2025 04:31:05 UTC] Datos: Array
(
)

[02-Dec-2025 04:31:05 UTC] Aviso: 'exchanges' no existe en u303404040_BASE_ACV_LCA; se omite sección opcional.
[02-Dec-2025 04:40:46 UTC] === DEBUG DATA QUALITY ===
[02-Dec-2025 04:40:46 UTC] UUID: 4a1472f1-b070-46f2-9ade-38c8d163b603
[02-Dec-2025 04:40:46 UTC] Total registros: 0
[02-Dec-2025 04:40:46 UTC] Datos: Array
(
)

[02-Dec-2025 04:40:46 UTC] Aviso: 'exchanges' no existe en u303404040_BASE_ACV_LCA; se omite sección opcional.
[02-Dec-2025 22:16:58 UTC] === DEBUG DATA QUALITY ===
[02-Dec-2025 22:16:58 UTC] UUID: 0d5092ff-bd4a-4850-951d-24a68cbdae42
[02-Dec-2025 22:16:58 UTC] Total registros: 0
[02-Dec-2025 22:16:58 UTC] Datos: Array
(
)

[02-Dec-2025 22:16:58 UTC] Aviso: 'exchanges' no existe en u303404040_BASE_ACV_LCA; se omite sección opcional.
[04-Dec-2025 04:31:01 UTC] === DEBUG DATA QUALITY ===
[04-Dec-2025 04:31:01 UTC] UUID: d91a8124-8ddc-4a87-b593-596ccbe5889d
[04-Dec-2025 04:31:01 UTC] Total registros: 0
[04-Dec-2025 04:31:01 UTC] Datos: Array
(
)

[04-Dec-2025 04:31:01 UTC] Aviso: 'exchanges' no existe en u303404040_BASE_ACV_LCA; se omite sección opcional.
[04-Dec-2025 04:31:37 UTC] === DEBUG DATA QUALITY ===
[04-Dec-2025 04:31:37 UTC] UUID: d91a8124-8ddc-4a87-b593-596ccbe5889d
[04-Dec-2025 04:31:37 UTC] Total registros: 0
[04-Dec-2025 04:31:37 UTC] Datos: Array
(
)

[04-Dec-2025 04:31:37 UTC] Aviso: 'exchanges' no existe en u303404040_BASE_ACV_LCA; se omite sección opcional.
[04-Dec-2025 04:32:30 UTC] === DEBUG DATA QUALITY ===
[04-Dec-2025 04:32:30 UTC] UUID: d91a8124-8ddc-4a87-b593-596ccbe5889d
[04-Dec-2025 04:32:30 UTC] Total registros: 0
[04-Dec-2025 04:32:30 UTC] Datos: Array
(
)

[04-Dec-2025 04:32:30 UTC] Aviso: 'exchanges' no existe en u303404040_BASE_ACV_LCA; se omite sección opcional.
[04-Dec-2025 21:29:07 UTC] === DEBUG DATA QUALITY ===
[04-Dec-2025 21:29:07 UTC] UUID: 9cfda907-903e-4e0c-b325-8464c196be8e
[04-Dec-2025 21:29:07 UTC] Total registros: 0
[04-Dec-2025 21:29:07 UTC] Datos: Array
(
)

[04-Dec-2025 21:29:07 UTC] Aviso: 'exchanges' no existe en u303404040_BASE_ACV_LCA; se omite sección opcional.
[04-Dec-2025 23:50:40 UTC] === DEBUG DATA QUALITY ===
[04-Dec-2025 23:50:40 UTC] UUID: d91a8124-8ddc-4a87-b593-596ccbe5889d
[04-Dec-2025 23:50:40 UTC] Total registros: 0
[04-Dec-2025 23:50:40 UTC] Datos: Array
(
)

[04-Dec-2025 23:50:40 UTC] Aviso: 'exchanges' no existe en u303404040_BASE_ACV_LCA; se omite sección opcional.
[04-Dec-2025 23:51:07 UTC] === DEBUG DATA QUALITY ===
[04-Dec-2025 23:51:07 UTC] UUID: 2b038166-055d-4412-a264-c7ac40e61d45
[04-Dec-2025 23:51:07 UTC] Total registros: 0
[04-Dec-2025 23:51:07 UTC] Datos: Array
(
)

[04-Dec-2025 23:51:07 UTC] Aviso: 'exchanges' no existe en u303404040_BASE_ACV_LCA; se omite sección opcional.
[04-Dec-2025 23:54:45 UTC] === DEBUG DATA QUALITY ===
[04-Dec-2025 23:54:45 UTC] UUID: 7437b2fa-f7be-4eb8-a48b-0bc8c72b3be1
[04-Dec-2025 23:54:45 UTC] Total registros: 0
[04-Dec-2025 23:54:45 UTC] Datos: Array
(
)

[04-Dec-2025 23:54:45 UTC] Aviso: 'exchanges' no existe en u303404040_BASE_ACV_LCA; se omite sección opcional.
[04-Dec-2025 23:55:05 UTC] === DEBUG DATA QUALITY ===
[04-Dec-2025 23:55:05 UTC] UUID: f4e7caef-865f-4868-8734-f7a0598b9430
[04-Dec-2025 23:55:05 UTC] Total registros: 0
[04-Dec-2025 23:55:05 UTC] Datos: Array
(
)

[04-Dec-2025 23:55:05 UTC] Aviso: 'exchanges' no existe en u303404040_BASE_ACV_LCA; se omite sección opcional.
[04-Dec-2025 23:55:09 UTC] === DEBUG DATA QUALITY ===
[04-Dec-2025 23:55:09 UTC] UUID: 2b038166-055d-4412-a264-c7ac40e61d45
[04-Dec-2025 23:55:09 UTC] Total registros: 0
[04-Dec-2025 23:55:09 UTC] Datos: Array
(
)

[04-Dec-2025 23:55:09 UTC] Aviso: 'exchanges' no existe en u303404040_BASE_ACV_LCA; se omite sección opcional.
[04-Dec-2025 23:55:19 UTC] === DEBUG DATA QUALITY ===
[04-Dec-2025 23:55:19 UTC] UUID: f4e7caef-865f-4868-8734-f7a0598b9430
[04-Dec-2025 23:55:19 UTC] Total registros: 0
[04-Dec-2025 23:55:19 UTC] Datos: Array
(
)

[04-Dec-2025 23:55:19 UTC] Aviso: 'exchanges' no existe en u303404040_BASE_ACV_LCA; se omite sección opcional.
[05-Dec-2025 00:04:44 UTC] === DEBUG DATA QUALITY ===
[05-Dec-2025 00:04:44 UTC] UUID: f4e7caef-865f-4868-8734-f7a0598b9430
[05-Dec-2025 00:04:44 UTC] Total registros: 0
[05-Dec-2025 00:04:44 UTC] Datos: Array
(
)

[05-Dec-2025 00:04:44 UTC] Aviso: 'exchanges' no existe en u303404040_BASE_ACV_LCA; se omite sección opcional.
[08-Dec-2025 01:10:16 UTC] === DEBUG DATA QUALITY ===
[08-Dec-2025 01:10:16 UTC] UUID: 87fe9bec-7b6c-4ffb-8e16-ef6ef3225669
[08-Dec-2025 01:10:16 UTC] Total registros: 0
[08-Dec-2025 01:10:16 UTC] Datos: Array
(
)

[08-Dec-2025 01:10:16 UTC] Aviso: 'exchanges' no existe en u303404040_BASE_ACV_LCA; se omite sección opcional.
[08-Dec-2025 01:10:38 UTC] === DEBUG DATA QUALITY ===
[08-Dec-2025 01:10:38 UTC] UUID: f4e7caef-865f-4868-8734-f7a0598b9430
[08-Dec-2025 01:10:38 UTC] Total registros: 0
[08-Dec-2025 01:10:38 UTC] Datos: Array
(
)

[08-Dec-2025 01:10:38 UTC] Aviso: 'exchanges' no existe en u303404040_BASE_ACV_LCA; se omite sección opcional.
[08-Dec-2025 16:03:02 UTC] === DEBUG DATA QUALITY ===
[08-Dec-2025 16:03:02 UTC] UUID: c3982f6e-2ddf-40af-bd8c-e7fbd264bf14
[08-Dec-2025 16:03:02 UTC] Total registros: 0
[08-Dec-2025 16:03:02 UTC] Datos: Array
(
)

[08-Dec-2025 16:03:02 UTC] Aviso: 'exchanges' no existe en u303404040_BASE_ACV_LCA; se omite sección opcional.
[08-Dec-2025 17:17:33 UTC] === DEBUG DATA QUALITY ===
[08-Dec-2025 17:17:33 UTC] UUID: 0d5092ff-bd4a-4850-951d-24a68cbdae42
[08-Dec-2025 17:17:33 UTC] Total registros: 0
[08-Dec-2025 17:17:33 UTC] Datos: Array
(
)

[08-Dec-2025 17:17:33 UTC] Aviso: 'exchanges' no existe en u303404040_BASE_ACV_LCA; se omite sección opcional.
[08-Dec-2025 17:17:37 UTC] === DEBUG DATA QUALITY ===
[08-Dec-2025 17:17:37 UTC] UUID: 0d5092ff-bd4a-4850-951d-24a68cbdae42
[08-Dec-2025 17:17:37 UTC] Total registros: 0
[08-Dec-2025 17:17:37 UTC] Datos: Array
(
)

[08-Dec-2025 17:17:37 UTC] Aviso: 'exchanges' no existe en u303404040_BASE_ACV_LCA; se omite sección opcional.
[08-Dec-2025 17:17:53 UTC] === DEBUG DATA QUALITY ===
[08-Dec-2025 17:17:53 UTC] UUID: 57388417-e929-453f-ad0e-d22833468211
[08-Dec-2025 17:17:53 UTC] Total registros: 0
[08-Dec-2025 17:17:53 UTC] Datos: Array
(
)

[08-Dec-2025 17:17:53 UTC] Aviso: 'exchanges' no existe en u303404040_BASE_ACV_LCA; se omite sección opcional.
[08-Dec-2025 17:28:17 UTC] === DEBUG DATA QUALITY ===
[08-Dec-2025 17:28:17 UTC] UUID: d91a8124-8ddc-4a87-b593-596ccbe5889d
[08-Dec-2025 17:28:17 UTC] Total registros: 0
[08-Dec-2025 17:28:17 UTC] Datos: Array
(
)

[08-Dec-2025 17:28:17 UTC] Aviso: 'exchanges' no existe en u303404040_BASE_ACV_LCA; se omite sección opcional.
[08-Dec-2025 19:48:25 UTC] PHP Fatal error:  Uncaught mysqli_sql_exception: You have an error in your SQL syntax; check the manual that corresponds to your MariaDB server version for the right syntax to use near 'pd.document_type AS document_type
      FROM processes p
      LEFT JOIN pr...' at line 27 in /home/u303404040/domains/ciclodevida.mx/public_html/conjuntos.php:317
Stack trace:
#0 /home/u303404040/domains/ciclodevida.mx/public_html/conjuntos.php(317): mysqli->query()
#1 {main}
  thrown in /home/u303404040/domains/ciclodevida.mx/public_html/conjuntos.php on line 317
[08-Dec-2025 19:49:01 UTC] PHP Fatal error:  Uncaught mysqli_sql_exception: You have an error in your SQL syntax; check the manual that corresponds to your MariaDB server version for the right syntax to use near 'pd.document_type AS document_type
      FROM processes p
      LEFT JOIN pr...' at line 27 in /home/u303404040/domains/ciclodevida.mx/public_html/conjuntos.php:317
Stack trace:
#0 /home/u303404040/domains/ciclodevida.mx/public_html/conjuntos.php(317): mysqli->query()
#1 {main}
  thrown in /home/u303404040/domains/ciclodevida.mx/public_html/conjuntos.php on line 317
[08-Dec-2025 20:17:48 UTC] === DEBUG DATA QUALITY ===
[08-Dec-2025 20:17:48 UTC] UUID: 9dde7b82-7b3f-45fa-b782-0fd50cf73f2c
[08-Dec-2025 20:17:48 UTC] Total registros: 0
[08-Dec-2025 20:17:48 UTC] Datos: Array
(
)

[08-Dec-2025 20:17:48 UTC] Aviso: 'exchanges' no existe en u303404040_BASE_ACV_LCA; se omite sección opcional.
[08-Dec-2025 20:38:12 UTC] PHP Warning:  Undefined variable $filter_creados_por_usuarios in /home/u303404040/domains/ciclodevida.mx/public_html/conjuntos.php on line 417
[08-Dec-2025 20:38:17 UTC] PHP Warning:  Undefined variable $filter_creados_por_usuarios in /home/u303404040/domains/ciclodevida.mx/public_html/conjuntos.php on line 417
[08-Dec-2025 20:38:18 UTC] PHP Warning:  Undefined variable $filter_creados_por_usuarios in /home/u303404040/domains/ciclodevida.mx/public_html/conjuntos.php on line 417
[08-Dec-2025 20:39:12 UTC] PHP Warning:  Undefined variable $filter_creados_por_usuarios in /home/u303404040/domains/ciclodevida.mx/public_html/conjuntos.php on line 417
[08-Dec-2025 20:39:19 UTC] PHP Warning:  Undefined variable $filter_creados_por_usuarios in /home/u303404040/domains/ciclodevida.mx/public_html/conjuntos.php on line 417
[08-Dec-2025 20:39:28 UTC] PHP Warning:  Undefined variable $filter_creados_por_usuarios in /home/u303404040/domains/ciclodevida.mx/public_html/conjuntos.php on line 417
[08-Dec-2025 20:39:30 UTC] PHP Warning:  Undefined variable $filter_creados_por_usuarios in /home/u303404040/domains/ciclodevida.mx/public_html/conjuntos.php on line 417
[08-Dec-2025 20:39:37 UTC] PHP Warning:  Undefined variable $filter_creados_por_usuarios in /home/u303404040/domains/ciclodevida.mx/public_html/conjuntos.php on line 417
[08-Dec-2025 20:40:45 UTC] PHP Warning:  Undefined variable $filter_creados_por_usuarios in /home/u303404040/domains/ciclodevida.mx/public_html/conjuntos.php on line 417
[08-Dec-2025 20:41:06 UTC] === DEBUG DATA QUALITY ===
[08-Dec-2025 20:41:06 UTC] UUID: 6a130217-485d-4c65-a947-a9653fc1dd14
[08-Dec-2025 20:41:06 UTC] Total registros: 0
[08-Dec-2025 20:41:06 UTC] Datos: Array
(
)

[08-Dec-2025 20:41:06 UTC] Aviso: 'exchanges' no existe en u303404040_BASE_ACV_LCA; se omite sección opcional.
[08-Dec-2025 20:41:10 UTC] PHP Warning:  Undefined variable $filter_creados_por_usuarios in /home/u303404040/domains/ciclodevida.mx/public_html/conjuntos.php on line 417
[08-Dec-2025 20:42:23 UTC] PHP Warning:  Undefined variable $filter_creados_por_usuarios in /home/u303404040/domains/ciclodevida.mx/public_html/conjuntos.php on line 417
[08-Dec-2025 20:42:28 UTC] === DEBUG DATA QUALITY ===
[08-Dec-2025 20:42:28 UTC] UUID: ce658315-9cca-3792-a7b6-f825fb5b6b3d
[08-Dec-2025 20:42:28 UTC] Total registros: 0
[08-Dec-2025 20:42:28 UTC] Datos: Array
(
)

[08-Dec-2025 20:42:28 UTC] Aviso: 'exchanges' no existe en u303404040_BASE_ACV_LCA; se omite sección opcional.
[08-Dec-2025 22:50:22 UTC] PHP Warning:  Undefined variable $filter_creados_por_usuarios in /home/u303404040/domains/ciclodevida.mx/public_html/conjuntos.php on line 417
[08-Dec-2025 22:50:31 UTC] PHP Warning:  Undefined variable $filter_creados_por_usuarios in /home/u303404040/domains/ciclodevida.mx/public_html/conjuntos.php on line 417
[08-Dec-2025 22:50:37 UTC] === DEBUG DATA QUALITY ===
[08-Dec-2025 22:50:37 UTC] UUID: f48d7c2b-364e-439d-a335-077c1d60e33e
[08-Dec-2025 22:50:37 UTC] Total registros: 0
[08-Dec-2025 22:50:37 UTC] Datos: Array
(
)

[08-Dec-2025 22:50:37 UTC] Aviso: 'exchanges' no existe en u303404040_BASE_ACV_LCA; se omite sección opcional.
[08-Dec-2025 22:55:11 UTC] === DEBUG DATA QUALITY ===
[08-Dec-2025 22:55:11 UTC] UUID: 0d5092ff-bd4a-4850-951d-24a68cbdae42
[08-Dec-2025 22:55:11 UTC] Total registros: 0
[08-Dec-2025 22:55:11 UTC] Datos: Array
(
)

[08-Dec-2025 22:55:11 UTC] Aviso: 'exchanges' no existe en u303404040_BASE_ACV_LCA; se omite sección opcional.
[09-Dec-2025 20:38:45 UTC] PHP Warning:  Undefined variable $filter_creados_por_usuarios in /home/u303404040/domains/ciclodevida.mx/public_html/conjuntos.php on line 417
[09-Dec-2025 20:38:48 UTC] === DEBUG DATA QUALITY ===
[09-Dec-2025 20:38:48 UTC] UUID: d91a8124-8ddc-4a87-b593-596ccbe5889d
[09-Dec-2025 20:38:48 UTC] Total registros: 0
[09-Dec-2025 20:38:48 UTC] Datos: Array
(
)

[09-Dec-2025 20:38:48 UTC] Aviso: 'exchanges' no existe en u303404040_BASE_ACV_LCA; se omite sección opcional.
[09-Dec-2025 21:10:48 UTC] === DEBUG DATA QUALITY ===
[09-Dec-2025 21:10:48 UTC] UUID: d91a8124-8ddc-4a87-b593-596ccbe5889d
[09-Dec-2025 21:10:48 UTC] Total registros: 0
[09-Dec-2025 21:10:48 UTC] Datos: Array
(
)

[09-Dec-2025 21:10:48 UTC] Aviso: 'exchanges' no existe en u303404040_BASE_ACV_LCA; se omite sección opcional.
[09-Dec-2025 21:11:10 UTC] PHP Warning:  Undefined variable $filter_creados_por_usuarios in /home/u303404040/domains/ciclodevida.mx/public_html/conjuntos.php on line 417
[09-Dec-2025 21:11:13 UTC] === DEBUG DATA QUALITY ===
[09-Dec-2025 21:11:13 UTC] UUID: 26026929-cc84-4b7a-a2eb-f24fce2de6bc
[09-Dec-2025 21:11:13 UTC] Total registros: 0
[09-Dec-2025 21:11:13 UTC] Datos: Array
(
)

[09-Dec-2025 21:11:13 UTC] Aviso: 'exchanges' no existe en u303404040_BASE_ACV_LCA; se omite sección opcional.
[09-Dec-2025 21:14:42 UTC] === DEBUG DATA QUALITY ===
[09-Dec-2025 21:14:42 UTC] UUID: 5cb2e1cc-519f-44e2-9da3-90c6e8c7a1b7
[09-Dec-2025 21:14:42 UTC] Total registros: 0
[09-Dec-2025 21:14:42 UTC] Datos: Array
(
)

[09-Dec-2025 21:14:42 UTC] Aviso: 'exchanges' no existe en u303404040_BASE_ACV_LCA; se omite sección opcional.
[09-Dec-2025 21:18:38 UTC] PHP Warning:  Undefined variable $filter_creados_por_usuarios in /home/u303404040/domains/ciclodevida.mx/public_html/conjuntos.php on line 417
[09-Dec-2025 21:18:44 UTC] === DEBUG DATA QUALITY ===
[09-Dec-2025 21:18:44 UTC] UUID: f48d7c2b-364e-439d-a335-077c1d60e33e
[09-Dec-2025 21:18:44 UTC] Total registros: 0
[09-Dec-2025 21:18:44 UTC] Datos: Array
(
)

[09-Dec-2025 21:18:44 UTC] Aviso: 'exchanges' no existe en u303404040_BASE_ACV_LCA; se omite sección opcional.
[09-Dec-2025 21:18:58 UTC] === DEBUG DATA QUALITY ===
[09-Dec-2025 21:18:58 UTC] UUID: 55d4291d-6b35-41a4-b949-0ed21ca8f71e
[09-Dec-2025 21:18:58 UTC] Total registros: 0
[09-Dec-2025 21:18:58 UTC] Datos: Array
(
)

[09-Dec-2025 21:18:58 UTC] Aviso: 'exchanges' no existe en u303404040_BASE_ACV_LCA; se omite sección opcional.
[09-Dec-2025 21:22:01 UTC] PHP Warning:  Undefined variable $filter_creados_por_usuarios in /home/u303404040/domains/ciclodevida.mx/public_html/conjuntos.php on line 417
[09-Dec-2025 21:22:07 UTC] PHP Warning:  Undefined variable $filter_creados_por_usuarios in /home/u303404040/domains/ciclodevida.mx/public_html/conjuntos.php on line 417
[09-Dec-2025 21:22:11 UTC] === DEBUG DATA QUALITY ===
[09-Dec-2025 21:22:11 UTC] UUID: 434cfe1c-dcd1-3cc6-b878-138350facbc0
[09-Dec-2025 21:22:11 UTC] Total registros: 0
[09-Dec-2025 21:22:11 UTC] Datos: Array
(
)

[09-Dec-2025 21:22:11 UTC] Aviso: 'exchanges' no existe en u303404040_BASE_ACV_LCA; se omite sección opcional.
[09-Dec-2025 21:22:25 UTC] === DEBUG DATA QUALITY ===
[09-Dec-2025 21:22:25 UTC] UUID: 92f23fcd-9af1-4b32-8029-f4150c9f9709
[09-Dec-2025 21:22:25 UTC] Total registros: 0
[09-Dec-2025 21:22:25 UTC] Datos: Array
(
)

[09-Dec-2025 21:22:25 UTC] Aviso: 'exchanges' no existe en u303404040_BASE_ACV_LCA; se omite sección opcional.
[09-Dec-2025 21:29:12 UTC] === DEBUG DATA QUALITY ===
[09-Dec-2025 21:29:12 UTC] UUID: 92f23fcd-9af1-4b32-8029-f4150c9f9709
[09-Dec-2025 21:29:12 UTC] Total registros: 0
[09-Dec-2025 21:29:12 UTC] Datos: Array
(
)

[09-Dec-2025 21:29:12 UTC] Aviso: 'exchanges' no existe en u303404040_BASE_ACV_LCA; se omite sección opcional.
[09-Dec-2025 21:29:44 UTC] === DEBUG DATA QUALITY ===
[09-Dec-2025 21:29:44 UTC] UUID: 92f23fcd-9af1-4b32-8029-f4150c9f9709
[09-Dec-2025 21:29:44 UTC] Total registros: 0
[09-Dec-2025 21:29:44 UTC] Datos: Array
(
)

[09-Dec-2025 21:29:44 UTC] Aviso: 'exchanges' no existe en u303404040_BASE_ACV_LCA; se omite sección opcional.
[09-Dec-2025 21:35:05 UTC] === DEBUG DATA QUALITY ===
[09-Dec-2025 21:35:05 UTC] UUID: 92f23fcd-9af1-4b32-8029-f4150c9f9709
[09-Dec-2025 21:35:05 UTC] Total registros: 0
[09-Dec-2025 21:35:05 UTC] Datos: Array
(
)

[09-Dec-2025 21:35:05 UTC] Aviso: 'exchanges' no existe en u303404040_BASE_ACV_LCA; se omite sección opcional.
[09-Dec-2025 21:37:39 UTC] === DEBUG DATA QUALITY ===
[09-Dec-2025 21:37:39 UTC] UUID: 92f23fcd-9af1-4b32-8029-f4150c9f9709
[09-Dec-2025 21:37:39 UTC] Total registros: 0
[09-Dec-2025 21:37:39 UTC] Datos: Array
(
)

[09-Dec-2025 21:37:39 UTC] Aviso: 'exchanges' no existe en u303404040_BASE_ACV_LCA; se omite sección opcional.
[09-Dec-2025 21:37:43 UTC] PHP Warning:  Undefined variable $filter_creados_por_usuarios in /home/u303404040/domains/ciclodevida.mx/public_html/conjuntos.php on line 417
[09-Dec-2025 21:37:45 UTC] PHP Warning:  Undefined variable $filter_creados_por_usuarios in /home/u303404040/domains/ciclodevida.mx/public_html/conjuntos.php on line 417
[09-Dec-2025 21:37:48 UTC] === DEBUG DATA QUALITY ===
[09-Dec-2025 21:37:48 UTC] UUID: daaa5572-56c2-46f5-84da-d72c890bf945
[09-Dec-2025 21:37:48 UTC] Total registros: 0
[09-Dec-2025 21:37:48 UTC] Datos: Array
(
)

[09-Dec-2025 21:37:48 UTC] Aviso: 'exchanges' no existe en u303404040_BASE_ACV_LCA; se omite sección opcional.
[10-Dec-2025 04:07:06 UTC] PHP Warning:  Undefined variable $filter_creados_por_usuarios in /home/u303404040/domains/ciclodevida.mx/public_html/conjuntos.php on line 417
[10-Dec-2025 04:07:13 UTC] PHP Warning:  Undefined variable $filter_creados_por_usuarios in /home/u303404040/domains/ciclodevida.mx/public_html/conjuntos.php on line 417
[10-Dec-2025 04:07:18 UTC] PHP Warning:  Undefined variable $filter_creados_por_usuarios in /home/u303404040/domains/ciclodevida.mx/public_html/conjuntos.php on line 417
[10-Dec-2025 04:07:25 UTC] === DEBUG DATA QUALITY ===
[10-Dec-2025 04:07:25 UTC] UUID: 13831a46-f865-4b82-97d2-1a8e69978476
[10-Dec-2025 04:07:25 UTC] Total registros: 0
[10-Dec-2025 04:07:25 UTC] Datos: Array
(
)

[10-Dec-2025 04:07:25 UTC] Aviso: 'exchanges' no existe en u303404040_BASE_ACV_LCA; se omite sección opcional.
[10-Dec-2025 18:38:19 UTC] PHP Warning:  Undefined variable $filter_creados_por_usuarios in /home/u303404040/domains/ciclodevida.mx/public_html/conjuntos.php on line 417
[11-Dec-2025 12:25:26 UTC] PHP Warning:  Undefined variable $filter_creados_por_usuarios in /home/u303404040/domains/ciclodevida.mx/public_html/conjuntos.php on line 417
[12-Dec-2025 01:20:05 UTC] PHP Warning:  Undefined variable $filter_creados_por_usuarios in /home/u303404040/domains/ciclodevida.mx/public_html/conjuntos.php on line 417
[12-Dec-2025 01:20:11 UTC] PHP Warning:  Undefined variable $filter_creados_por_usuarios in /home/u303404040/domains/ciclodevida.mx/public_html/conjuntos.php on line 417
[12-Dec-2025 01:20:17 UTC] === DEBUG DATA QUALITY ===
[12-Dec-2025 01:20:17 UTC] UUID: 0880fc3b-a27b-407a-a912-a9b75207d359
[12-Dec-2025 01:20:17 UTC] Total registros: 0
[12-Dec-2025 01:20:17 UTC] Datos: Array
(
)

[12-Dec-2025 01:20:17 UTC] Aviso: 'exchanges' no existe en u303404040_BASE_ACV_LCA; se omite sección opcional.
[12-Dec-2025 01:20:28 UTC] PHP Warning:  Undefined variable $filter_creados_por_usuarios in /home/u303404040/domains/ciclodevida.mx/public_html/conjuntos.php on line 417
[12-Dec-2025 01:20:32 UTC] PHP Warning:  Undefined variable $filter_creados_por_usuarios in /home/u303404040/domains/ciclodevida.mx/public_html/conjuntos.php on line 417
[12-Dec-2025 01:20:36 UTC] PHP Warning:  Undefined variable $filter_creados_por_usuarios in /home/u303404040/domains/ciclodevida.mx/public_html/conjuntos.php on line 417
[12-Dec-2025 01:48:54 UTC] PHP Warning:  Undefined variable $filter_creados_por_usuarios in /home/u303404040/domains/ciclodevida.mx/public_html/conjuntos.php on line 417
[12-Dec-2025 01:48:57 UTC] PHP Warning:  Undefined variable $filter_creados_por_usuarios in /home/u303404040/domains/ciclodevida.mx/public_html/conjuntos.php on line 417
[12-Dec-2025 01:49:00 UTC] === DEBUG DATA QUALITY ===
[12-Dec-2025 01:49:00 UTC] UUID: ecf07cd8-3bcc-454f-8781-6c60c91cc7aa
[12-Dec-2025 01:49:00 UTC] Total registros: 0
[12-Dec-2025 01:49:00 UTC] Datos: Array
(
)

[12-Dec-2025 01:49:00 UTC] Aviso: 'exchanges' no existe en u303404040_BASE_ACV_LCA; se omite sección opcional.
[12-Dec-2025 01:54:49 UTC] PHP Warning:  Undefined variable $filter_creados_por_usuarios in /home/u303404040/domains/ciclodevida.mx/public_html/conjuntos.php on line 417
[12-Dec-2025 02:32:02 UTC] PHP Warning:  Undefined variable $filter_creados_por_usuarios in /home/u303404040/domains/ciclodevida.mx/public_html/conjuntos.php on line 417
[12-Dec-2025 02:32:05 UTC] PHP Warning:  Undefined variable $filter_creados_por_usuarios in /home/u303404040/domains/ciclodevida.mx/public_html/conjuntos.php on line 417
[12-Dec-2025 02:32:07 UTC] === DEBUG DATA QUALITY ===
[12-Dec-2025 02:32:07 UTC] UUID: 472fcdae-fb98-4e5b-81cd-18807c6ec490
[12-Dec-2025 02:32:07 UTC] Total registros: 0
[12-Dec-2025 02:32:07 UTC] Datos: Array
(
)

[12-Dec-2025 02:32:07 UTC] Aviso: 'exchanges' no existe en u303404040_BASE_ACV_LCA; se omite sección opcional.
[12-Dec-2025 02:32:18 UTC] === DEBUG DATA QUALITY ===
[12-Dec-2025 02:32:18 UTC] UUID: 472fcdae-fb98-4e5b-81cd-18807c6ec490
[12-Dec-2025 02:32:18 UTC] Total registros: 0
[12-Dec-2025 02:32:18 UTC] Datos: Array
(
)

[12-Dec-2025 02:32:18 UTC] Aviso: 'exchanges' no existe en u303404040_BASE_ACV_LCA; se omite sección opcional.
[12-Dec-2025 02:32:23 UTC] PHP Warning:  Undefined variable $filter_creados_por_usuarios in /home/u303404040/domains/ciclodevida.mx/public_html/conjuntos.php on line 417
[12-Dec-2025 02:32:25 UTC] === DEBUG DATA QUALITY ===
[12-Dec-2025 02:32:25 UTC] UUID: 472fcdae-fb98-4e5b-81cd-18807c6ec490
[12-Dec-2025 02:32:25 UTC] Total registros: 0
[12-Dec-2025 02:32:25 UTC] Datos: Array
(
)

[12-Dec-2025 02:32:25 UTC] Aviso: 'exchanges' no existe en u303404040_BASE_ACV_LCA; se omite sección opcional.
[12-Dec-2025 02:32:29 UTC] === DEBUG DATA QUALITY ===
[12-Dec-2025 02:32:29 UTC] UUID: e71736ae-8e1b-4808-9099-b9df360e573d
[12-Dec-2025 02:32:29 UTC] Total registros: 0
[12-Dec-2025 02:32:29 UTC] Datos: Array
(
)

[12-Dec-2025 02:32:29 UTC] Aviso: 'exchanges' no existe en u303404040_BASE_ACV_LCA; se omite sección opcional.
[12-Dec-2025 02:32:48 UTC] === DEBUG DATA QUALITY ===
[12-Dec-2025 02:32:48 UTC] UUID: e71736ae-8e1b-4808-9099-b9df360e573d
[12-Dec-2025 02:32:48 UTC] Total registros: 0
[12-Dec-2025 02:32:48 UTC] Datos: Array
(
)

[12-Dec-2025 02:32:48 UTC] Aviso: 'exchanges' no existe en u303404040_BASE_ACV_LCA; se omite sección opcional.
[12-Dec-2025 02:33:01 UTC] PHP Warning:  Undefined variable $filter_creados_por_usuarios in /home/u303404040/domains/ciclodevida.mx/public_html/conjuntos.php on line 417
[12-Dec-2025 02:33:08 UTC] PHP Warning:  Undefined variable $filter_creados_por_usuarios in /home/u303404040/domains/ciclodevida.mx/public_html/conjuntos.php on line 417
[12-Dec-2025 02:33:10 UTC] === DEBUG DATA QUALITY ===
[12-Dec-2025 02:33:10 UTC] UUID: d91a8124-8ddc-4a87-b593-596ccbe5889d
[12-Dec-2025 02:33:10 UTC] Total registros: 0
[12-Dec-2025 02:33:10 UTC] Datos: Array
(
)

[12-Dec-2025 02:33:10 UTC] Aviso: 'exchanges' no existe en u303404040_BASE_ACV_LCA; se omite sección opcional.
[12-Dec-2025 02:33:16 UTC] PHP Warning:  Undefined variable $filter_creados_por_usuarios in /home/u303404040/domains/ciclodevida.mx/public_html/conjuntos.php on line 417
[12-Dec-2025 02:34:35 UTC] PHP Warning:  Undefined variable $filter_creados_por_usuarios in /home/u303404040/domains/ciclodevida.mx/public_html/conjuntos.php on line 417
[12-Dec-2025 02:34:40 UTC] PHP Warning:  Undefined variable $filter_creados_por_usuarios in /home/u303404040/domains/ciclodevida.mx/public_html/conjuntos.php on line 417
[12-Dec-2025 02:34:46 UTC] === DEBUG DATA QUALITY ===
[12-Dec-2025 02:34:46 UTC] UUID: 1beab443-f5a0-4470-9bd1-ed83476d92cb
[12-Dec-2025 02:34:46 UTC] Total registros: 0
[12-Dec-2025 02:34:46 UTC] Datos: Array
(
)

[12-Dec-2025 02:34:46 UTC] Aviso: 'exchanges' no existe en u303404040_BASE_ACV_LCA; se omite sección opcional.
[12-Dec-2025 02:34:53 UTC] === DEBUG DATA QUALITY ===
[12-Dec-2025 02:34:53 UTC] UUID: 5cb2e1cc-519f-44e2-9da3-90c6e8c7a1b7
[12-Dec-2025 02:34:53 UTC] Total registros: 0
[12-Dec-2025 02:34:53 UTC] Datos: Array
(
)

[12-Dec-2025 02:34:53 UTC] Aviso: 'exchanges' no existe en u303404040_BASE_ACV_LCA; se omite sección opcional.
[12-Dec-2025 02:34:57 UTC] PHP Warning:  Undefined variable $filter_creados_por_usuarios in /home/u303404040/domains/ciclodevida.mx/public_html/conjuntos.php on line 417
[12-Dec-2025 02:36:16 UTC] PHP Warning:  Undefined variable $filter_creados_por_usuarios in /home/u303404040/domains/ciclodevida.mx/public_html/conjuntos.php on line 417
[18-Dec-2025 05:24:21 UTC] PHP Warning:  Undefined variable $filter_creados_por_usuarios in /home/u303404040/domains/ciclodevida.mx/public_html/conjuntos.php on line 417
[18-Dec-2025 05:37:44 UTC] PHP Warning:  Undefined variable $filter_creados_por_usuarios in /home/u303404040/domains/ciclodevida.mx/public_html/conjuntos.php on line 417
[18-Dec-2025 16:53:14 UTC] === DEBUG DATA QUALITY ===
[18-Dec-2025 16:53:14 UTC] UUID: 1f6785d9-75ea-4dba-b45b-13792f1f41c2
[18-Dec-2025 16:53:14 UTC] Total registros: 0
[18-Dec-2025 16:53:14 UTC] Datos: Array
(
)

[18-Dec-2025 16:53:14 UTC] Aviso: 'exchanges' no existe en u303404040_BASE_ACV_LCA; se omite sección opcional.
[20-Dec-2025 16:16:46 UTC] === DEBUG DATA QUALITY ===
[20-Dec-2025 16:16:46 UTC] UUID: 38b5ba7e-63cf-4760-846b-176e75328ccb
[20-Dec-2025 16:16:46 UTC] Total registros: 0
[20-Dec-2025 16:16:46 UTC] Datos: Array
(
)

[20-Dec-2025 16:16:46 UTC] Aviso: 'exchanges' no existe en u303404040_BASE_ACV_LCA; se omite sección opcional.
[20-Dec-2025 17:28:38 UTC] PHP Warning:  Undefined variable $filter_creados_por_usuarios in /home/u303404040/domains/ciclodevida.mx/public_html/conjuntos.php on line 417
[20-Dec-2025 18:45:25 UTC] PHP Warning:  Undefined variable $filter_creados_por_usuarios in /home/u303404040/domains/ciclodevida.mx/public_html/conjuntos.php on line 417
[21-Dec-2025 07:20:43 UTC] PHP Warning:  Undefined variable $filter_creados_por_usuarios in /home/u303404040/domains/ciclodevida.mx/public_html/conjuntos.php on line 417
[21-Dec-2025 07:20:43 UTC] PHP Warning:  Undefined variable $filter_creados_por_usuarios in /home/u303404040/domains/ciclodevida.mx/public_html/conjuntos.php on line 417
[21-Dec-2025 17:48:57 UTC] === DEBUG DATA QUALITY ===
[21-Dec-2025 17:48:57 UTC] UUID: 38b5ba7e-63cf-4760-846b-176e75328ccb
[21-Dec-2025 17:48:57 UTC] Total registros: 0
[21-Dec-2025 17:48:57 UTC] Datos: Array
(
)

[21-Dec-2025 17:48:57 UTC] Aviso: 'exchanges' no existe en u303404040_BASE_ACV_LCA; se omite sección opcional.
[21-Dec-2025 21:58:58 UTC] PHP Warning:  Undefined variable $filter_creados_por_usuarios in /home/u303404040/domains/ciclodevida.mx/public_html/conjuntos.php on line 417
[21-Dec-2025 22:41:51 UTC] PHP Warning:  Undefined variable $filter_creados_por_usuarios in /home/u303404040/domains/ciclodevida.mx/public_html/conjuntos.php on line 417
[21-Dec-2025 22:42:03 UTC] PHP Warning:  Undefined variable $filter_creados_por_usuarios in /home/u303404040/domains/ciclodevida.mx/public_html/conjuntos.php on line 417
[22-Dec-2025 10:44:33 UTC] PHP Warning:  Undefined variable $filter_creados_por_usuarios in /home/u303404040/domains/ciclodevida.mx/public_html/conjuntos.php on line 417
[22-Dec-2025 18:41:04 UTC] PHP Warning:  Undefined variable $filter_creados_por_usuarios in /home/u303404040/domains/ciclodevida.mx/public_html/conjuntos.php on line 417
[22-Dec-2025 19:14:58 UTC] PHP Warning:  Undefined variable $filter_creados_por_usuarios in /home/u303404040/domains/ciclodevida.mx/public_html/conjuntos.php on line 417
[23-Dec-2025 07:04:09 UTC] PHP Warning:  Undefined variable $filter_creados_por_usuarios in /home/u303404040/domains/ciclodevida.mx/public_html/conjuntos.php on line 417
[26-Dec-2025 09:13:57 UTC] === DEBUG DATA QUALITY ===
[26-Dec-2025 09:13:57 UTC] UUID: 7dff4b94-bb53-47f2-8b20-46f3ee3bc21e
[26-Dec-2025 09:13:57 UTC] Total registros: 0
[26-Dec-2025 09:13:57 UTC] Datos: Array
(
)

[26-Dec-2025 09:13:57 UTC] Aviso: 'exchanges' no existe en u303404040_BASE_ACV_LCA; se omite sección opcional.
[26-Dec-2025 13:39:55 UTC] PHP Warning:  Undefined variable $filter_creados_por_usuarios in /home/u303404040/domains/ciclodevida.mx/public_html/conjuntos.php on line 417
[26-Dec-2025 13:39:55 UTC] PHP Warning:  Undefined variable $filter_creados_por_usuarios in /home/u303404040/domains/ciclodevida.mx/public_html/conjuntos.php on line 417
[31-Dec-2025 18:45:08 UTC] PHP Warning:  Undefined variable $filter_creados_por_usuarios in /home/u303404040/domains/ciclodevida.mx/public_html/conjuntos.php on line 417
[02-Jan-2026 04:08:56 UTC] === DEBUG DATA QUALITY ===
[02-Jan-2026 04:08:56 UTC] UUID: 8d35f22a-e41f-479a-be66-d3f7aa64da45
[02-Jan-2026 04:08:56 UTC] Total registros: 0
[02-Jan-2026 04:08:56 UTC] Datos: Array
(
)

[02-Jan-2026 04:08:56 UTC] Aviso: 'exchanges' no existe en u303404040_BASE_ACV_LCA; se omite sección opcional.
[02-Jan-2026 21:00:41 UTC] PHP Warning:  Undefined variable $filter_creados_por_usuarios in /home/u303404040/domains/ciclodevida.mx/public_html/conjuntos.php on line 417
[02-Jan-2026 21:03:34 UTC] PHP Warning:  Undefined variable $filter_creados_por_usuarios in /home/u303404040/domains/ciclodevida.mx/public_html/conjuntos.php on line 417
[02-Jan-2026 21:19:19 UTC] PHP Warning:  Undefined variable $filter_creados_por_usuarios in /home/u303404040/domains/ciclodevida.mx/public_html/conjuntos.php on line 417
[04-Jan-2026 02:28:20 UTC] PHP Warning:  Undefined variable $filter_creados_por_usuarios in /home/u303404040/domains/ciclodevida.mx/public_html/conjuntos.php on line 417
[04-Jan-2026 19:03:21 UTC] PHP Warning:  Undefined variable $filter_creados_por_usuarios in /home/u303404040/domains/ciclodevida.mx/public_html/conjuntos.php on line 417
[04-Jan-2026 19:04:16 UTC] PHP Warning:  Undefined variable $filter_creados_por_usuarios in /home/u303404040/domains/ciclodevida.mx/public_html/conjuntos.php on line 417
[04-Jan-2026 19:04:21 UTC] PHP Warning:  Undefined variable $filter_creados_por_usuarios in /home/u303404040/domains/ciclodevida.mx/public_html/conjuntos.php on line 417
[04-Jan-2026 21:04:57 UTC] PHP Warning:  Undefined variable $filter_creados_por_usuarios in /home/u303404040/domains/ciclodevida.mx/public_html/conjuntos.php on line 417
[04-Jan-2026 21:05:20 UTC] PHP Warning:  Undefined variable $filter_creados_por_usuarios in /home/u303404040/domains/ciclodevida.mx/public_html/conjuntos.php on line 417
[04-Jan-2026 21:05:31 UTC] PHP Warning:  Undefined variable $filter_creados_por_usuarios in /home/u303404040/domains/ciclodevida.mx/public_html/conjuntos.php on line 417
[08-Jan-2026 02:00:54 UTC] PHP Warning:  Undefined variable $filter_creados_por_usuarios in /home/u303404040/domains/ciclodevida.mx/public_html/conjuntos.php on line 417
[08-Jan-2026 21:05:08 UTC] PHP Warning:  Undefined variable $filter_creados_por_usuarios in /home/u303404040/domains/ciclodevida.mx/public_html/conjuntos.php on line 417
[08-Jan-2026 21:05:28 UTC] PHP Warning:  Undefined variable $filter_creados_por_usuarios in /home/u303404040/domains/ciclodevida.mx/public_html/conjuntos.php on line 417
[08-Jan-2026 21:05:47 UTC] PHP Warning:  Undefined variable $filter_creados_por_usuarios in /home/u303404040/domains/ciclodevida.mx/public_html/conjuntos.php on line 417
[08-Jan-2026 21:42:30 UTC] PHP Warning:  Undefined variable $filter_creados_por_usuarios in /home/u303404040/domains/ciclodevida.mx/public_html/conjuntos.php on line 417
[08-Jan-2026 21:42:39 UTC] PHP Warning:  Undefined variable $filter_creados_por_usuarios in /home/u303404040/domains/ciclodevida.mx/public_html/conjuntos.php on line 417
[08-Jan-2026 22:31:31 UTC] PHP Warning:  Undefined variable $filter_creados_por_usuarios in /home/u303404040/domains/ciclodevida.mx/public_html/conjuntos.php on line 417
[09-Jan-2026 03:57:10 UTC] PHP Warning:  Undefined variable $filter_creados_por_usuarios in /home/u303404040/domains/ciclodevida.mx/public_html/conjuntos.php on line 417
[12-Jan-2026 04:30:06 UTC] PHP Warning:  Undefined variable $filter_creados_por_usuarios in /home/u303404040/domains/ciclodevida.mx/public_html/conjuntos.php on line 417
[12-Jan-2026 15:32:37 UTC] PHP Warning:  Undefined variable $filter_creados_por_usuarios in /home/u303404040/domains/ciclodevida.mx/public_html/conjuntos.php on line 417
[12-Jan-2026 15:35:26 UTC] PHP Warning:  Undefined variable $filter_creados_por_usuarios in /home/u303404040/domains/ciclodevida.mx/public_html/conjuntos.php on line 417
[12-Jan-2026 15:36:09 UTC] PHP Warning:  Undefined variable $filter_creados_por_usuarios in /home/u303404040/domains/ciclodevida.mx/public_html/conjuntos.php on line 417
[12-Jan-2026 15:38:55 UTC] PHP Warning:  Undefined variable $filter_creados_por_usuarios in /home/u303404040/domains/ciclodevida.mx/public_html/conjuntos.php on line 417
[12-Jan-2026 15:39:10 UTC] PHP Warning:  Undefined variable $filter_creados_por_usuarios in /home/u303404040/domains/ciclodevida.mx/public_html/conjuntos.php on line 417
[12-Jan-2026 15:39:21 UTC] PHP Warning:  Undefined variable $filter_creados_por_usuarios in /home/u303404040/domains/ciclodevida.mx/public_html/conjuntos.php on line 417
[12-Jan-2026 15:39:24 UTC] PHP Warning:  Undefined variable $filter_creados_por_usuarios in /home/u303404040/domains/ciclodevida.mx/public_html/conjuntos.php on line 417
[12-Jan-2026 15:39:24 UTC] PHP Warning:  Undefined variable $filter_creados_por_usuarios in /home/u303404040/domains/ciclodevida.mx/public_html/conjuntos.php on line 417
[12-Jan-2026 15:39:53 UTC] PHP Warning:  Undefined variable $filter_creados_por_usuarios in /home/u303404040/domains/ciclodevida.mx/public_html/conjuntos.php on line 417
[12-Jan-2026 15:39:53 UTC] PHP Warning:  Undefined variable $filter_creados_por_usuarios in /home/u303404040/domains/ciclodevida.mx/public_html/conjuntos.php on line 417
[12-Jan-2026 15:40:22 UTC] PHP Warning:  Undefined variable $filter_creados_por_usuarios in /home/u303404040/domains/ciclodevida.mx/public_html/conjuntos.php on line 417
[12-Jan-2026 15:40:22 UTC] PHP Warning:  Undefined variable $filter_creados_por_usuarios in /home/u303404040/domains/ciclodevida.mx/public_html/conjuntos.php on line 417
[12-Jan-2026 15:41:43 UTC] PHP Warning:  Undefined variable $filter_creados_por_usuarios in /home/u303404040/domains/ciclodevida.mx/public_html/conjuntos.php on line 417
[12-Jan-2026 15:41:43 UTC] PHP Warning:  Undefined variable $filter_creados_por_usuarios in /home/u303404040/domains/ciclodevida.mx/public_html/conjuntos.php on line 417
[12-Jan-2026 15:42:02 UTC] === DEBUG DATA QUALITY ===
[12-Jan-2026 15:42:02 UTC] UUID: 0b34d7ff-1c00-42b3-9a42-7db5bed3da89
[12-Jan-2026 15:42:02 UTC] Total registros: 0
[12-Jan-2026 15:42:02 UTC] Datos: Array
(
)

[12-Jan-2026 15:42:02 UTC] Aviso: 'exchanges' no existe en u303404040_BASE_ACV_LCA; se omite sección opcional.
[12-Jan-2026 15:42:55 UTC] PHP Warning:  Undefined variable $filter_creados_por_usuarios in /home/u303404040/domains/ciclodevida.mx/public_html/conjuntos.php on line 417
[12-Jan-2026 22:05:17 UTC] PHP Warning:  Undefined variable $filter_creados_por_usuarios in /home/u303404040/domains/ciclodevida.mx/public_html/conjuntos.php on line 417
[13-Jan-2026 00:42:22 UTC] PHP Warning:  Undefined variable $filter_creados_por_usuarios in /home/u303404040/domains/ciclodevida.mx/public_html/conjuntos.php on line 417
[13-Jan-2026 02:26:47 UTC] PHP Warning:  Undefined variable $filter_creados_por_usuarios in /home/u303404040/domains/ciclodevida.mx/public_html/conjuntos.php on line 417
[14-Jan-2026 07:34:39 UTC] PHP Warning:  Undefined variable $filter_creados_por_usuarios in /home/u303404040/domains/ciclodevida.mx/public_html/conjuntos.php on line 417
[14-Jan-2026 07:34:43 UTC] PHP Warning:  Undefined variable $filter_creados_por_usuarios in /home/u303404040/domains/ciclodevida.mx/public_html/conjuntos.php on line 417
[14-Jan-2026 07:40:29 UTC] PHP Warning:  Undefined variable $filter_creados_por_usuarios in /home/u303404040/domains/ciclodevida.mx/public_html/conjuntos.php on line 417
[14-Jan-2026 07:40:32 UTC] PHP Warning:  Undefined variable $filter_creados_por_usuarios in /home/u303404040/domains/ciclodevida.mx/public_html/conjuntos.php on line 417
[14-Jan-2026 09:42:46 UTC] PHP Warning:  Undefined variable $filter_creados_por_usuarios in /home/u303404040/domains/ciclodevida.mx/public_html/conjuntos.php on line 417
[14-Jan-2026 09:57:16 UTC] PHP Warning:  Undefined variable $filter_creados_por_usuarios in /home/u303404040/domains/ciclodevida.mx/public_html/conjuntos.php on line 417
[14-Jan-2026 10:30:20 UTC] PHP Warning:  Undefined variable $filter_creados_por_usuarios in /home/u303404040/domains/ciclodevida.mx/public_html/conjuntos.php on line 417
[14-Jan-2026 15:48:38 UTC] PHP Warning:  Undefined variable $filter_creados_por_usuarios in /home/u303404040/domains/ciclodevida.mx/public_html/conjuntos.php on line 417
[14-Jan-2026 16:22:54 UTC] PHP Warning:  Undefined variable $filter_creados_por_usuarios in /home/u303404040/domains/ciclodevida.mx/public_html/conjuntos.php on line 417
[14-Jan-2026 16:23:03 UTC] PHP Warning:  Undefined variable $filter_creados_por_usuarios in /home/u303404040/domains/ciclodevida.mx/public_html/conjuntos.php on line 417
[14-Jan-2026 16:57:48 UTC] PHP Warning:  Undefined variable $filter_creados_por_usuarios in /home/u303404040/domains/ciclodevida.mx/public_html/conjuntos.php on line 417
[14-Jan-2026 21:10:14 UTC] PHP Warning:  Undefined variable $filter_creados_por_usuarios in /home/u303404040/domains/ciclodevida.mx/public_html/conjuntos.php on line 417
[14-Jan-2026 21:13:37 UTC] PHP Warning:  Undefined variable $filter_creados_por_usuarios in /home/u303404040/domains/ciclodevida.mx/public_html/conjuntos.php on line 417
[14-Jan-2026 21:13:53 UTC] PHP Warning:  Undefined variable $filter_creados_por_usuarios in /home/u303404040/domains/ciclodevida.mx/public_html/conjuntos.php on line 417
[14-Jan-2026 21:30:36 UTC] PHP Warning:  Undefined variable $filter_creados_por_usuarios in /home/u303404040/domains/ciclodevida.mx/public_html/conjuntos.php on line 417
[15-Jan-2026 19:23:36 UTC] === DEBUG DATA QUALITY ===
[15-Jan-2026 19:23:36 UTC] UUID: 8c9af453-63dc-407b-8af4-8de4dd2f42c9
[15-Jan-2026 19:23:36 UTC] Total registros: 0
[15-Jan-2026 19:23:36 UTC] Datos: Array
(
)

[15-Jan-2026 19:23:36 UTC] Aviso: 'exchanges' no existe en u303404040_BASE_ACV_LCA; se omite sección opcional.
[15-Jan-2026 19:30:40 UTC] === DEBUG DATA QUALITY ===
[15-Jan-2026 19:30:40 UTC] UUID: 8c9af453-63dc-407b-8af4-8de4dd2f42c9
[15-Jan-2026 19:30:40 UTC] Total registros: 0
[15-Jan-2026 19:30:40 UTC] Datos: Array
(
)

[15-Jan-2026 19:30:40 UTC] Aviso: 'exchanges' no existe en u303404040_BASE_ACV_LCA; se omite sección opcional.
[15-Jan-2026 19:39:26 UTC] PHP Warning:  Undefined variable $filter_creados_por_usuarios in /home/u303404040/domains/ciclodevida.mx/public_html/conjuntos.php on line 417
[15-Jan-2026 19:39:29 UTC] PHP Warning:  Undefined variable $filter_creados_por_usuarios in /home/u303404040/domains/ciclodevida.mx/public_html/conjuntos.php on line 417
[16-Jan-2026 11:57:46 UTC] PHP Warning:  Undefined variable $filter_creados_por_usuarios in /home/u303404040/domains/ciclodevida.mx/public_html/conjuntos.php on line 417
[17-Jan-2026 10:01:05 UTC] PHP Warning:  Undefined variable $filter_creados_por_usuarios in /home/u303404040/domains/ciclodevida.mx/public_html/conjuntos.php on line 417
[18-Jan-2026 15:05:37 UTC] === DEBUG DATA QUALITY ===
[18-Jan-2026 15:05:37 UTC] UUID: 38b5ba7e-63cf-4760-846b-176e75328ccb
[18-Jan-2026 15:05:37 UTC] Total registros: 0
[18-Jan-2026 15:05:37 UTC] Datos: Array
(
)

[18-Jan-2026 15:05:37 UTC] Aviso: 'exchanges' no existe en u303404040_BASE_ACV_LCA; se omite sección opcional.
[20-Jan-2026 19:52:20 UTC] PHP Warning:  Undefined variable $filter_creados_por_usuarios in /home/u303404040/domains/ciclodevida.mx/public_html/conjuntos.php on line 417
[20-Jan-2026 19:52:22 UTC] PHP Warning:  Undefined variable $filter_creados_por_usuarios in /home/u303404040/domains/ciclodevida.mx/public_html/conjuntos.php on line 417
[20-Jan-2026 19:52:30 UTC] PHP Warning:  Undefined variable $filter_creados_por_usuarios in /home/u303404040/domains/ciclodevida.mx/public_html/conjuntos.php on line 417
[20-Jan-2026 19:59:14 UTC] PHP Warning:  Undefined variable $filter_creados_por_usuarios in /home/u303404040/domains/ciclodevida.mx/public_html/conjuntos.php on line 417
[23-Jan-2026 02:47:49 UTC] === DEBUG DATA QUALITY ===
[23-Jan-2026 02:47:49 UTC] UUID: 7dff4b94-bb53-47f2-8b20-46f3ee3bc21e
[23-Jan-2026 02:47:49 UTC] Total registros: 0
[23-Jan-2026 02:47:49 UTC] Datos: Array
(
)

[23-Jan-2026 02:47:49 UTC] Aviso: 'exchanges' no existe en u303404040_BASE_ACV_LCA; se omite sección opcional.
[25-Jan-2026 23:30:41 UTC] === DEBUG DATA QUALITY ===
[25-Jan-2026 23:30:41 UTC] UUID: 1c6bb309-d073-4602-a026-b7d7ac68bedc
[25-Jan-2026 23:30:41 UTC] Total registros: 0
[25-Jan-2026 23:30:41 UTC] Datos: Array
(
)

[25-Jan-2026 23:30:41 UTC] Aviso: 'exchanges' no existe en u303404040_BASE_ACV_LCA; se omite sección opcional.
[26-Jan-2026 18:37:45 UTC] PHP Warning:  Undefined variable $filter_creados_por_usuarios in /home/u303404040/domains/ciclodevida.mx/public_html/conjuntos.php on line 417
[28-Jan-2026 15:41:38 UTC] === DEBUG DATA QUALITY ===
[28-Jan-2026 15:41:38 UTC] UUID: 8d35f22a-e41f-479a-be66-d3f7aa64da45
[28-Jan-2026 15:41:38 UTC] Total registros: 0
[28-Jan-2026 15:41:38 UTC] Datos: Array
(
)

[28-Jan-2026 15:41:38 UTC] Aviso: 'exchanges' no existe en u303404040_BASE_ACV_LCA; se omite sección opcional.
[28-Jan-2026 16:20:11 UTC] PHP Warning:  Undefined variable $filter_creados_por_usuarios in /home/u303404040/domains/ciclodevida.mx/public_html/conjuntos.php on line 417
[28-Jan-2026 23:00:31 UTC] PHP Warning:  Undefined variable $filter_creados_por_usuarios in /home/u303404040/domains/ciclodevida.mx/public_html/conjuntos.php on line 417
[29-Jan-2026 07:42:38 UTC] PHP Warning:  Undefined variable $filter_creados_por_usuarios in /home/u303404040/domains/ciclodevida.mx/public_html/conjuntos.php on line 417
[29-Jan-2026 13:56:10 UTC] PHP Warning:  Undefined variable $filter_creados_por_usuarios in /home/u303404040/domains/ciclodevida.mx/public_html/conjuntos.php on line 417
[30-Jan-2026 12:30:56 UTC] PHP Warning:  Undefined variable $filter_creados_por_usuarios in /home/u303404040/domains/ciclodevida.mx/public_html/conjuntos.php on line 417
[30-Jan-2026 12:30:56 UTC] PHP Warning:  Undefined variable $filter_creados_por_usuarios in /home/u303404040/domains/ciclodevida.mx/public_html/conjuntos.php on line 417
[30-Jan-2026 19:08:37 UTC] PHP Warning:  Undefined variable $filter_creados_por_usuarios in /home/u303404040/domains/ciclodevida.mx/public_html/conjuntos.php on line 417
[02-Feb-2026 00:02:17 UTC] PHP Warning:  Undefined variable $filter_creados_por_usuarios in /home/u303404040/domains/ciclodevida.mx/public_html/conjuntos.php on line 417
[02-Feb-2026 00:02:20 UTC] PHP Warning:  Undefined variable $filter_creados_por_usuarios in /home/u303404040/domains/ciclodevida.mx/public_html/conjuntos.php on line 417
[02-Feb-2026 00:03:11 UTC] PHP Warning:  Undefined variable $filter_creados_por_usuarios in /home/u303404040/domains/ciclodevida.mx/public_html/conjuntos.php on line 417
[02-Feb-2026 00:03:15 UTC] PHP Warning:  Undefined variable $filter_creados_por_usuarios in /home/u303404040/domains/ciclodevida.mx/public_html/conjuntos.php on line 417
[02-Feb-2026 00:03:24 UTC] === DEBUG DATA QUALITY ===
[02-Feb-2026 00:03:24 UTC] UUID: b7c59a75-fada-4796-aa03-ece26851bd60
[02-Feb-2026 00:03:24 UTC] Total registros: 0
[02-Feb-2026 00:03:24 UTC] Datos: Array
(
)

[02-Feb-2026 00:03:24 UTC] Aviso: 'exchanges' no existe en u303404040_BASE_ACV_LCA; se omite sección opcional.
[02-Feb-2026 00:03:36 UTC] === DEBUG DATA QUALITY ===
[02-Feb-2026 00:03:36 UTC] UUID: b7c59a75-fada-4796-aa03-ece26851bd60
[02-Feb-2026 00:03:36 UTC] Total registros: 0
[02-Feb-2026 00:03:36 UTC] Datos: Array
(
)

[02-Feb-2026 00:03:36 UTC] Aviso: 'exchanges' no existe en u303404040_BASE_ACV_LCA; se omite sección opcional.
[03-Feb-2026 13:22:09 UTC] PHP Warning:  Undefined variable $filter_creados_por_usuarios in /home/u303404040/domains/ciclodevida.mx/public_html/conjuntos.php on line 417
[03-Feb-2026 23:35:26 UTC] PHP Warning:  Undefined variable $filter_creados_por_usuarios in /home/u303404040/domains/ciclodevida.mx/public_html/conjuntos.php on line 417
[03-Feb-2026 23:35:40 UTC] PHP Warning:  Undefined variable $filter_creados_por_usuarios in /home/u303404040/domains/ciclodevida.mx/public_html/conjuntos.php on line 417
[03-Feb-2026 23:35:43 UTC] PHP Warning:  Undefined variable $filter_creados_por_usuarios in /home/u303404040/domains/ciclodevida.mx/public_html/conjuntos.php on line 417
[07-Feb-2026 01:40:27 UTC] PHP Warning:  Undefined variable $filter_creados_por_usuarios in /home/u303404040/domains/ciclodevida.mx/public_html/conjuntos.php on line 417
[07-Feb-2026 01:40:27 UTC] PHP Warning:  Undefined variable $filter_creados_por_usuarios in /home/u303404040/domains/ciclodevida.mx/public_html/conjuntos.php on line 417
[07-Feb-2026 21:05:20 UTC] PHP Warning:  Undefined variable $filter_creados_por_usuarios in /home/u303404040/domains/ciclodevida.mx/public_html/conjuntos.php on line 417
[09-Feb-2026 19:14:58 UTC] PHP Warning:  Undefined variable $filter_creados_por_usuarios in /home/u303404040/domains/ciclodevida.mx/public_html/conjuntos.php on line 417
[10-Feb-2026 16:36:31 UTC] PHP Warning:  Undefined variable $filter_creados_por_usuarios in /home/u303404040/domains/ciclodevida.mx/public_html/conjuntos.php on line 417
[10-Feb-2026 16:36:51 UTC] === DEBUG DATA QUALITY ===
[10-Feb-2026 16:36:51 UTC] UUID: d91a8124-8ddc-4a87-b593-596ccbe5889d
[10-Feb-2026 16:36:51 UTC] Total registros: 0
[10-Feb-2026 16:36:51 UTC] Datos: Array
(
)

[10-Feb-2026 16:36:51 UTC] Aviso: 'exchanges' no existe en u303404040_BASE_ACV_LCA; se omite sección opcional.
[10-Feb-2026 16:40:05 UTC] PHP Warning:  Undefined variable $filter_creados_por_usuarios in /home/u303404040/domains/ciclodevida.mx/public_html/conjuntos.php on line 417
[10-Feb-2026 16:40:06 UTC] PHP Warning:  Undefined variable $filter_creados_por_usuarios in /home/u303404040/domains/ciclodevida.mx/public_html/conjuntos.php on line 417
[10-Feb-2026 18:15:21 UTC] PHP Warning:  Undefined variable $filter_creados_por_usuarios in /home/u303404040/domains/ciclodevida.mx/public_html/conjuntos.php on line 417
[10-Feb-2026 18:16:19 UTC] PHP Warning:  Undefined variable $filter_creados_por_usuarios in /home/u303404040/domains/ciclodevida.mx/public_html/conjuntos.php on line 417
[10-Feb-2026 18:17:00 UTC] PHP Warning:  Undefined variable $filter_creados_por_usuarios in /home/u303404040/domains/ciclodevida.mx/public_html/conjuntos.php on line 417
[10-Feb-2026 20:32:25 UTC] PHP Warning:  Undefined variable $filter_creados_por_usuarios in /home/u303404040/domains/ciclodevida.mx/public_html/conjuntos.php on line 417
[10-Feb-2026 20:34:08 UTC] PHP Warning:  Undefined variable $filter_creados_por_usuarios in /home/u303404040/domains/ciclodevida.mx/public_html/conjuntos.php on line 417
[10-Feb-2026 20:35:33 UTC] PHP Warning:  Undefined variable $filter_creados_por_usuarios in /home/u303404040/domains/ciclodevida.mx/public_html/conjuntos.php on line 417
[10-Feb-2026 20:48:48 UTC] PHP Warning:  Undefined variable $filter_creados_por_usuarios in /home/u303404040/domains/ciclodevida.mx/public_html/conjuntos.php on line 417
[11-Feb-2026 14:33:34 UTC] PHP Warning:  Undefined variable $filter_creados_por_usuarios in /home/u303404040/domains/ciclodevida.mx/public_html/conjuntos.php on line 417
[12-Feb-2026 03:39:28 UTC] PHP Warning:  Undefined variable $filter_creados_por_usuarios in /home/u303404040/domains/ciclodevida.mx/public_html/conjuntos.php on line 417
[12-Feb-2026 16:10:54 UTC] PHP Warning:  Undefined variable $filter_creados_por_usuarios in /home/u303404040/domains/ciclodevida.mx/public_html/conjuntos.php on line 417
[12-Feb-2026 16:49:37 UTC] PHP Warning:  Undefined variable $filter_creados_por_usuarios in /home/u303404040/domains/ciclodevida.mx/public_html/conjuntos.php on line 417
[13-Feb-2026 21:15:52 UTC] PHP Warning:  Undefined variable $filter_creados_por_usuarios in /home/u303404040/domains/ciclodevida.mx/public_html/conjuntos.php on line 417
[14-Feb-2026 13:12:43 UTC] === DEBUG DATA QUALITY ===
[14-Feb-2026 13:12:43 UTC] UUID: 0bcf6df2-0c8d-4898-92f9-ec928c51c0a0
[14-Feb-2026 13:12:43 UTC] Total registros: 0
[14-Feb-2026 13:12:43 UTC] Datos: Array
(
)

[14-Feb-2026 13:12:43 UTC] Aviso: 'exchanges' no existe en u303404040_BASE_ACV_LCA; se omite sección opcional.
[15-Feb-2026 00:19:00 UTC] PHP Warning:  Undefined variable $filter_creados_por_usuarios in /home/u303404040/domains/ciclodevida.mx/public_html/conjuntos.php on line 417
[15-Feb-2026 12:35:17 UTC] === DEBUG DATA QUALITY ===
[15-Feb-2026 12:35:17 UTC] UUID: 38b5ba7e-63cf-4760-846b-176e75328ccb
[15-Feb-2026 12:35:17 UTC] Total registros: 0
[15-Feb-2026 12:35:17 UTC] Datos: Array
(
)

[15-Feb-2026 12:35:18 UTC] Aviso: 'exchanges' no existe en u303404040_BASE_ACV_LCA; se omite sección opcional.
[15-Feb-2026 18:18:23 UTC] PHP Warning:  Undefined variable $filter_creados_por_usuarios in /home/u303404040/domains/ciclodevida.mx/public_html/conjuntos.php on line 417
[16-Feb-2026 01:28:45 UTC] PHP Warning:  Undefined variable $filter_creados_por_usuarios in /home/u303404040/domains/ciclodevida.mx/public_html/conjuntos.php on line 417
[16-Feb-2026 02:06:11 UTC] PHP Warning:  Undefined variable $filter_creados_por_usuarios in /home/u303404040/domains/ciclodevida.mx/public_html/conjuntos.php on line 417
[16-Feb-2026 02:19:11 UTC] PHP Warning:  Undefined variable $filter_creados_por_usuarios in /home/u303404040/domains/ciclodevida.mx/public_html/conjuntos.php on line 417
[16-Feb-2026 02:19:14 UTC] === DEBUG DATA QUALITY ===
[16-Feb-2026 02:19:14 UTC] UUID: d91a8124-8ddc-4a87-b593-596ccbe5889d
[16-Feb-2026 02:19:14 UTC] Total registros: 0
[16-Feb-2026 02:19:14 UTC] Datos: Array
(
)

[16-Feb-2026 02:19:14 UTC] Aviso: 'exchanges' no existe en u303404040_BASE_ACV_LCA; se omite sección opcional.
[16-Feb-2026 02:21:50 UTC] PHP Warning:  Undefined variable $filter_creados_por_usuarios in /home/u303404040/domains/ciclodevida.mx/public_html/conjuntos.php on line 417
[16-Feb-2026 02:26:03 UTC] PHP Warning:  Undefined variable $filter_creados_por_usuarios in /home/u303404040/domains/ciclodevida.mx/public_html/conjuntos.php on line 417
[16-Feb-2026 11:38:58 UTC] PHP Warning:  Undefined variable $filter_creados_por_usuarios in /home/u303404040/domains/ciclodevida.mx/public_html/conjuntos.php on line 417
[16-Feb-2026 13:19:21 UTC] PHP Warning:  Undefined variable $filter_creados_por_usuarios in /home/u303404040/domains/ciclodevida.mx/public_html/conjuntos.php on line 417
[16-Feb-2026 13:22:33 UTC] PHP Warning:  Undefined variable $filter_creados_por_usuarios in /home/u303404040/domains/ciclodevida.mx/public_html/conjuntos.php on line 417
[16-Feb-2026 16:34:21 UTC] PHP Warning:  Undefined variable $filter_creados_por_usuarios in /home/u303404040/domains/ciclodevida.mx/public_html/conjuntos.php on line 417
[16-Feb-2026 19:03:31 UTC] PHP Warning:  Undefined variable $filter_creados_por_usuarios in /home/u303404040/domains/ciclodevida.mx/public_html/conjuntos.php on line 417
[17-Feb-2026 01:56:05 UTC] PHP Warning:  Undefined variable $filter_creados_por_usuarios in /home/u303404040/domains/ciclodevida.mx/public_html/conjuntos.php on line 417
[18-Feb-2026 01:40:06 UTC] PHP Warning:  Undefined variable $filter_creados_por_usuarios in /home/u303404040/domains/ciclodevida.mx/public_html/conjuntos.php on line 417
[18-Feb-2026 05:36:17 UTC] PHP Warning:  Undefined variable $filter_creados_por_usuarios in /home/u303404040/domains/ciclodevida.mx/public_html/conjuntos.php on line 417
[18-Feb-2026 05:36:17 UTC] PHP Warning:  Undefined variable $filter_creados_por_usuarios in /home/u303404040/domains/ciclodevida.mx/public_html/conjuntos.php on line 417
[18-Feb-2026 06:39:15 UTC] PHP Warning:  Undefined variable $filter_creados_por_usuarios in /home/u303404040/domains/ciclodevida.mx/public_html/conjuntos.php on line 417
[18-Feb-2026 10:04:24 UTC] PHP Warning:  Undefined variable $filter_creados_por_usuarios in /home/u303404040/domains/ciclodevida.mx/public_html/conjuntos.php on line 417
[19-Feb-2026 01:30:44 UTC] PHP Warning:  Undefined variable $filter_creados_por_usuarios in /home/u303404040/domains/ciclodevida.mx/public_html/conjuntos.php on line 417
[19-Feb-2026 16:14:39 UTC] PHP Warning:  Undefined variable $filter_creados_por_usuarios in /home/u303404040/domains/ciclodevida.mx/public_html/conjuntos.php on line 417
[20-Feb-2026 01:05:28 UTC] PHP Warning:  Undefined variable $filter_creados_por_usuarios in /home/u303404040/domains/ciclodevida.mx/public_html/conjuntos.php on line 417
[20-Feb-2026 01:44:52 UTC] PHP Warning:  Undefined variable $filter_creados_por_usuarios in /home/u303404040/domains/ciclodevida.mx/public_html/conjuntos.php on line 417
[20-Feb-2026 16:08:19 UTC] PHP Warning:  Undefined variable $filter_creados_por_usuarios in /home/u303404040/domains/ciclodevida.mx/public_html/conjuntos.php on line 417
[20-Feb-2026 16:28:06 UTC] PHP Warning:  Undefined variable $filter_creados_por_usuarios in /home/u303404040/domains/ciclodevida.mx/public_html/conjuntos.php on line 417
[20-Feb-2026 17:14:20 UTC] PHP Warning:  Undefined variable $filter_creados_por_usuarios in /home/u303404040/domains/ciclodevida.mx/public_html/conjuntos.php on line 417
[20-Feb-2026 17:14:30 UTC] PHP Warning:  Undefined variable $filter_creados_por_usuarios in /home/u303404040/domains/ciclodevida.mx/public_html/conjuntos.php on line 417
[20-Feb-2026 17:59:43 UTC] PHP Warning:  Undefined variable $filter_creados_por_usuarios in /home/u303404040/domains/ciclodevida.mx/public_html/conjuntos.php on line 417
[20-Feb-2026 23:53:03 UTC] PHP Warning:  Undefined variable $filter_creados_por_usuarios in /home/u303404040/domains/ciclodevida.mx/public_html/conjuntos.php on line 417
[21-Feb-2026 15:04:02 UTC] PHP Warning:  Undefined variable $filter_creados_por_usuarios in /home/u303404040/domains/ciclodevida.mx/public_html/conjuntos.php on line 417
[22-Feb-2026 01:11:58 UTC] === DEBUG DATA QUALITY ===
[22-Feb-2026 01:11:58 UTC] UUID: 7dff4b94-bb53-47f2-8b20-46f3ee3bc21e
[22-Feb-2026 01:11:58 UTC] Total registros: 0
[22-Feb-2026 01:11:58 UTC] Datos: Array
(
)

[22-Feb-2026 01:11:58 UTC] Aviso: 'exchanges' no existe en u303404040_BASE_ACV_LCA; se omite sección opcional.
[24-Feb-2026 14:28:59 UTC] PHP Warning:  Undefined variable $filter_creados_por_usuarios in /home/u303404040/domains/ciclodevida.mx/public_html/conjuntos.php on line 417
[24-Feb-2026 14:29:00 UTC] PHP Warning:  Undefined variable $filter_creados_por_usuarios in /home/u303404040/domains/ciclodevida.mx/public_html/conjuntos.php on line 417
[24-Feb-2026 16:43:47 UTC] PHP Warning:  Undefined variable $filter_creados_por_usuarios in /home/u303404040/domains/ciclodevida.mx/public_html/conjuntos.php on line 417
[25-Feb-2026 07:10:51 UTC] === DEBUG DATA QUALITY ===
[25-Feb-2026 07:10:51 UTC] UUID: daaa5572-56c2-46f5-84da-d72c890bf945
[25-Feb-2026 07:10:51 UTC] Total registros: 0
[25-Feb-2026 07:10:51 UTC] Datos: Array
(
)

[25-Feb-2026 07:10:51 UTC] Aviso: 'exchanges' no existe en u303404040_BASE_ACV_LCA; se omite sección opcional.
[27-Feb-2026 15:18:29 UTC] PHP Warning:  Undefined variable $filter_creados_por_usuarios in /home/u303404040/domains/ciclodevida.mx/public_html/conjuntos.php on line 417
[28-Feb-2026 19:27:39 UTC] PHP Warning:  Undefined variable $filter_creados_por_usuarios in /home/u303404040/domains/ciclodevida.mx/public_html/conjuntos.php on line 417
[28-Feb-2026 21:01:05 UTC] PHP Warning:  Undefined variable $filter_creados_por_usuarios in /home/u303404040/domains/ciclodevida.mx/public_html/conjuntos.php on line 417
[01-Mar-2026 15:01:32 UTC] PHP Warning:  Undefined variable $filter_creados_por_usuarios in /home/u303404040/domains/ciclodevida.mx/public_html/conjuntos.php on line 417
[02-Mar-2026 10:26:57 UTC] PHP Warning:  Undefined variable $filter_creados_por_usuarios in /home/u303404040/domains/ciclodevida.mx/public_html/conjuntos.php on line 417
[02-Mar-2026 14:55:26 UTC] PHP Warning:  Undefined variable $filter_creados_por_usuarios in /home/u303404040/domains/ciclodevida.mx/public_html/conjuntos.php on line 417
[03-Mar-2026 01:49:48 UTC] PHP Warning:  Undefined variable $filter_creados_por_usuarios in /home/u303404040/domains/ciclodevida.mx/public_html/conjuntos.php on line 417
[03-Mar-2026 14:53:49 UTC] PHP Warning:  Undefined variable $filter_creados_por_usuarios in /home/u303404040/domains/ciclodevida.mx/public_html/conjuntos.php on line 417
[03-Mar-2026 22:02:13 UTC] PHP Warning:  Undefined variable $filter_creados_por_usuarios in /home/u303404040/domains/ciclodevida.mx/public_html/conjuntos.php on line 417
[04-Mar-2026 02:24:04 UTC] PHP Warning:  Undefined variable $filter_creados_por_usuarios in /home/u303404040/domains/ciclodevida.mx/public_html/conjuntos.php on line 417
[04-Mar-2026 15:13:03 UTC] PHP Warning:  Undefined variable $filter_creados_por_usuarios in /home/u303404040/domains/ciclodevida.mx/public_html/conjuntos.php on line 417
[04-Mar-2026 23:16:41 UTC] === DEBUG DATA QUALITY ===
[04-Mar-2026 23:16:41 UTC] UUID: b7c59a75-fada-4796-aa03-ece26851bd60
[04-Mar-2026 23:16:41 UTC] Total registros: 0
[04-Mar-2026 23:16:41 UTC] Datos: Array
(
)

[04-Mar-2026 23:16:41 UTC] Aviso: 'exchanges' no existe en u303404040_BASE_ACV_LCA; se omite sección opcional.
[05-Mar-2026 02:17:33 UTC] PHP Warning:  Undefined variable $filter_creados_por_usuarios in /home/u303404040/domains/ciclodevida.mx/public_html/conjuntos.php on line 417
[05-Mar-2026 15:06:34 UTC] PHP Warning:  Undefined variable $filter_creados_por_usuarios in /home/u303404040/domains/ciclodevida.mx/public_html/conjuntos.php on line 417
[05-Mar-2026 15:11:43 UTC] PHP Warning:  Undefined variable $filter_creados_por_usuarios in /home/u303404040/domains/ciclodevida.mx/public_html/conjuntos.php on line 417
[06-Mar-2026 09:15:19 UTC] PHP Warning:  Undefined variable $filter_creados_por_usuarios in /home/u303404040/domains/ciclodevida.mx/public_html/conjuntos.php on line 417
[06-Mar-2026 13:30:59 UTC] PHP Warning:  Undefined variable $filter_creados_por_usuarios in /home/u303404040/domains/ciclodevida.mx/public_html/conjuntos.php on line 417
[06-Mar-2026 18:23:55 UTC] PHP Warning:  Undefined variable $filter_creados_por_usuarios in /home/u303404040/domains/ciclodevida.mx/public_html/conjuntos.php on line 417
[07-Mar-2026 06:26:17 UTC] PHP Warning:  Undefined variable $filter_creados_por_usuarios in /home/u303404040/domains/ciclodevida.mx/public_html/conjuntos.php on line 417
[07-Mar-2026 11:26:38 UTC] PHP Warning:  Undefined variable $filter_creados_por_usuarios in /home/u303404040/domains/ciclodevida.mx/public_html/conjuntos.php on line 417
[08-Mar-2026 05:59:40 UTC] PHP Warning:  Undefined variable $filter_creados_por_usuarios in /home/u303404040/domains/ciclodevida.mx/public_html/conjuntos.php on line 417
[08-Mar-2026 11:23:55 UTC] PHP Warning:  Undefined variable $filter_creados_por_usuarios in /home/u303404040/domains/ciclodevida.mx/public_html/conjuntos.php on line 417
[08-Mar-2026 13:12:42 UTC] PHP Warning:  Undefined variable $filter_creados_por_usuarios in /home/u303404040/domains/ciclodevida.mx/public_html/conjuntos.php on line 417
[09-Mar-2026 06:18:29 UTC] PHP Warning:  Undefined variable $filter_creados_por_usuarios in /home/u303404040/domains/ciclodevida.mx/public_html/conjuntos.php on line 417
[09-Mar-2026 08:43:32 UTC] PHP Warning:  Undefined variable $filter_creados_por_usuarios in /home/u303404040/domains/ciclodevida.mx/public_html/conjuntos.php on line 417
[10-Mar-2026 08:39:09 UTC] PHP Warning:  Undefined variable $filter_creados_por_usuarios in /home/u303404040/domains/ciclodevida.mx/public_html/conjuntos.php on line 417
[11-Mar-2026 01:14:41 UTC] PHP Warning:  Undefined variable $filter_creados_por_usuarios in /home/u303404040/domains/ciclodevida.mx/public_html/conjuntos.php on line 417
[11-Mar-2026 04:14:12 UTC] PHP Warning:  Undefined variable $filter_creados_por_usuarios in /home/u303404040/domains/ciclodevida.mx/public_html/conjuntos.php on line 417
[12-Mar-2026 01:32:37 UTC] PHP Warning:  Undefined variable $filter_creados_por_usuarios in /home/u303404040/domains/ciclodevida.mx/public_html/conjuntos.php on line 417
[13-Mar-2026 10:41:38 UTC] PHP Warning:  Undefined variable $filter_creados_por_usuarios in /home/u303404040/domains/ciclodevida.mx/public_html/conjuntos.php on line 417
[14-Mar-2026 00:44:01 UTC] PHP Warning:  Undefined variable $filter_creados_por_usuarios in /home/u303404040/domains/ciclodevida.mx/public_html/conjuntos.php on line 417
[14-Mar-2026 06:45:32 UTC] PHP Warning:  Undefined variable $filter_creados_por_usuarios in /home/u303404040/domains/ciclodevida.mx/public_html/conjuntos.php on line 417
[14-Mar-2026 15:01:30 UTC] PHP Warning:  Undefined variable $filter_creados_por_usuarios in /home/u303404040/domains/ciclodevida.mx/public_html/conjuntos.php on line 417
[15-Mar-2026 03:33:31 UTC] PHP Warning:  Undefined variable $filter_creados_por_usuarios in /home/u303404040/domains/ciclodevida.mx/public_html/conjuntos.php on line 417
[15-Mar-2026 19:25:42 UTC] PHP Warning:  Undefined variable $filter_creados_por_usuarios in /home/u303404040/domains/ciclodevida.mx/public_html/conjuntos.php on line 417
[15-Mar-2026 23:48:38 UTC] PHP Warning:  Undefined variable $filter_creados_por_usuarios in /home/u303404040/domains/ciclodevida.mx/public_html/conjuntos.php on line 417
[16-Mar-2026 03:21:11 UTC] === DEBUG DATA QUALITY ===
[16-Mar-2026 03:21:11 UTC] UUID: 7c8850a0-8a74-4622-99c8-88e007013a52
[16-Mar-2026 03:21:11 UTC] Total registros: 0
[16-Mar-2026 03:21:11 UTC] Datos: Array
(
)

[16-Mar-2026 03:21:11 UTC] Aviso: 'exchanges' no existe en u303404040_BASE_ACV_LCA; se omite sección opcional.
[16-Mar-2026 19:24:57 UTC] PHP Warning:  Undefined variable $filter_creados_por_usuarios in /home/u303404040/domains/ciclodevida.mx/public_html/conjuntos.php on line 417
[17-Mar-2026 04:02:06 UTC] PHP Warning:  Undefined variable $filter_creados_por_usuarios in /home/u303404040/domains/ciclodevida.mx/public_html/conjuntos.php on line 417
[17-Mar-2026 21:36:52 UTC] PHP Warning:  Undefined variable $filter_creados_por_usuarios in /home/u303404040/domains/ciclodevida.mx/public_html/conjuntos.php on line 417
[18-Mar-2026 19:29:42 UTC] PHP Warning:  Undefined variable $filter_creados_por_usuarios in /home/u303404040/domains/ciclodevida.mx/public_html/conjuntos.php on line 417
[18-Mar-2026 21:51:21 UTC] PHP Warning:  Undefined variable $filter_creados_por_usuarios in /home/u303404040/domains/ciclodevida.mx/public_html/conjuntos.php on line 417
[20-Mar-2026 18:33:19 UTC] PHP Warning:  Undefined variable $filter_creados_por_usuarios in /home/u303404040/domains/ciclodevida.mx/public_html/conjuntos.php on line 417
[22-Mar-2026 00:10:18 UTC] PHP Warning:  Undefined variable $filter_creados_por_usuarios in /home/u303404040/domains/ciclodevida.mx/public_html/conjuntos.php on line 417
[22-Mar-2026 21:52:03 UTC] PHP Warning:  Undefined variable $filter_creados_por_usuarios in /home/u303404040/domains/ciclodevida.mx/public_html/conjuntos.php on line 417
[23-Mar-2026 10:59:36 UTC] PHP Warning:  Undefined variable $filter_creados_por_usuarios in /home/u303404040/domains/ciclodevida.mx/public_html/conjuntos.php on line 417
[23-Mar-2026 22:42:45 UTC] PHP Warning:  Undefined variable $filter_creados_por_usuarios in /home/u303404040/domains/ciclodevida.mx/public_html/conjuntos.php on line 417
[24-Mar-2026 22:27:46 UTC] PHP Warning:  Undefined variable $filter_creados_por_usuarios in /home/u303404040/domains/ciclodevida.mx/public_html/conjuntos.php on line 417
[24-Mar-2026 22:28:44 UTC] PHP Warning:  Undefined variable $filter_creados_por_usuarios in /home/u303404040/domains/ciclodevida.mx/public_html/conjuntos.php on line 417
[25-Mar-2026 15:00:53 UTC] PHP Warning:  Undefined variable $filter_creados_por_usuarios in /home/u303404040/domains/ciclodevida.mx/public_html/conjuntos.php on line 417
[26-Mar-2026 12:37:05 UTC] PHP Warning:  Undefined variable $filter_creados_por_usuarios in /home/u303404040/domains/ciclodevida.mx/public_html/conjuntos.php on line 417
[26-Mar-2026 19:37:35 UTC] PHP Warning:  Undefined variable $filter_creados_por_usuarios in /home/u303404040/domains/ciclodevida.mx/public_html/conjuntos.php on line 417
[27-Mar-2026 12:50:30 UTC] PHP Warning:  Undefined variable $filter_creados_por_usuarios in /home/u303404040/domains/ciclodevida.mx/public_html/conjuntos.php on line 417
[28-Mar-2026 10:52:26 UTC] PHP Warning:  Undefined variable $filter_creados_por_usuarios in /home/u303404040/domains/ciclodevida.mx/public_html/conjuntos.php on line 417
[29-Mar-2026 12:31:56 UTC] PHP Warning:  Undefined variable $filter_creados_por_usuarios in /home/u303404040/domains/ciclodevida.mx/public_html/conjuntos.php on line 417
[30-Mar-2026 22:50:42 UTC] PHP Warning:  Undefined variable $filter_creados_por_usuarios in /home/u303404040/domains/ciclodevida.mx/public_html/conjuntos.php on line 417
[30-Mar-2026 22:56:24 UTC] PHP Warning:  Undefined variable $filter_creados_por_usuarios in /home/u303404040/domains/ciclodevida.mx/public_html/conjuntos.php on line 417
[30-Mar-2026 22:56:33 UTC] PHP Warning:  Undefined variable $filter_creados_por_usuarios in /home/u303404040/domains/ciclodevida.mx/public_html/conjuntos.php on line 417
[30-Mar-2026 22:56:56 UTC] PHP Warning:  Undefined variable $filter_creados_por_usuarios in /home/u303404040/domains/ciclodevida.mx/public_html/conjuntos.php on line 417
[30-Mar-2026 22:57:01 UTC] === DEBUG DATA QUALITY ===
[30-Mar-2026 22:57:01 UTC] UUID: d91a8124-8ddc-4a87-b593-596ccbe5889d
[30-Mar-2026 22:57:01 UTC] Total registros: 0
[30-Mar-2026 22:57:01 UTC] Datos: Array
(
)

[30-Mar-2026 22:57:01 UTC] Aviso: 'exchanges' no existe en u303404040_BASE_ACV_LCA; se omite sección opcional.
[30-Mar-2026 22:57:14 UTC] PHP Warning:  Undefined variable $filter_creados_por_usuarios in /home/u303404040/domains/ciclodevida.mx/public_html/conjuntos.php on line 417
[30-Mar-2026 22:57:23 UTC] PHP Warning:  Undefined variable $filter_creados_por_usuarios in /home/u303404040/domains/ciclodevida.mx/public_html/conjuntos.php on line 417
[30-Mar-2026 22:58:22 UTC] PHP Warning:  Undefined variable $filter_creados_por_usuarios in /home/u303404040/domains/ciclodevida.mx/public_html/conjuntos.php on line 417
[30-Mar-2026 22:58:37 UTC] === DEBUG DATA QUALITY ===
[30-Mar-2026 22:58:37 UTC] UUID: d43cb98d-9662-4aec-a193-c7d2b2f9c29b
[30-Mar-2026 22:58:37 UTC] Total registros: 0
[30-Mar-2026 22:58:37 UTC] Datos: Array
(
)

[30-Mar-2026 22:58:37 UTC] Aviso: 'exchanges' no existe en u303404040_BASE_ACV_LCA; se omite sección opcional.
[30-Mar-2026 22:58:42 UTC] === DEBUG DATA QUALITY ===
[30-Mar-2026 22:58:42 UTC] UUID: 07777d69-deb4-48c9-8cf6-e70cffeb5e33
[30-Mar-2026 22:58:42 UTC] Total registros: 0
[30-Mar-2026 22:58:42 UTC] Datos: Array
(
)

[30-Mar-2026 22:58:42 UTC] Aviso: 'exchanges' no existe en u303404040_BASE_ACV_LCA; se omite sección opcional.
[30-Mar-2026 22:58:51 UTC] === DEBUG DATA QUALITY ===
[30-Mar-2026 22:58:51 UTC] UUID: d43cb98d-9662-4aec-a193-c7d2b2f9c29b
[30-Mar-2026 22:58:51 UTC] Total registros: 0
[30-Mar-2026 22:58:51 UTC] Datos: Array
(
)

[30-Mar-2026 22:58:51 UTC] Aviso: 'exchanges' no existe en u303404040_BASE_ACV_LCA; se omite sección opcional.
[30-Mar-2026 22:58:54 UTC] === DEBUG DATA QUALITY ===
[30-Mar-2026 22:58:54 UTC] UUID: d43cb98d-9662-4aec-a193-c7d2b2f9c29b
[30-Mar-2026 22:58:54 UTC] Total registros: 0
[30-Mar-2026 22:58:54 UTC] Datos: Array
(
)

[30-Mar-2026 22:58:54 UTC] Aviso: 'exchanges' no existe en u303404040_BASE_ACV_LCA; se omite sección opcional.
[30-Mar-2026 22:59:57 UTC] PHP Warning:  Undefined variable $filter_creados_por_usuarios in /home/u303404040/domains/ciclodevida.mx/public_html/conjuntos.php on line 417
[30-Mar-2026 23:02:50 UTC] PHP Warning:  Undefined variable $filter_creados_por_usuarios in /home/u303404040/domains/ciclodevida.mx/public_html/conjuntos.php on line 417
[30-Mar-2026 23:02:56 UTC] === DEBUG DATA QUALITY ===
[30-Mar-2026 23:02:56 UTC] UUID: 8b9997d8-c2b1-3244-bdb8-7be386373db8
[30-Mar-2026 23:02:56 UTC] Total registros: 0
[30-Mar-2026 23:02:56 UTC] Datos: Array
(
)

[30-Mar-2026 23:02:56 UTC] Aviso: 'exchanges' no existe en u303404040_BASE_ACV_LCA; se omite sección opcional.
[30-Mar-2026 23:28:34 UTC] === DEBUG DATA QUALITY ===
[30-Mar-2026 23:28:34 UTC] UUID: 6c22a451-3629-3e57-8d6f-2857e238ce18
[30-Mar-2026 23:28:34 UTC] Total registros: 0
[30-Mar-2026 23:28:34 UTC] Datos: Array
(
)

[30-Mar-2026 23:28:34 UTC] Aviso: 'exchanges' no existe en u303404040_BASE_ACV_LCA; se omite sección opcional.
[31-Mar-2026 04:19:10 UTC] PHP Warning:  Undefined variable $filter_creados_por_usuarios in /home/u303404040/domains/ciclodevida.mx/public_html/conjuntos.php on line 417
[05-Apr-2026 04:01:08 UTC] PHP Warning:  Undefined variable $filter_creados_por_usuarios in /home/u303404040/domains/ciclodevida.mx/public_html/conjuntos.php on line 417
[06-Apr-2026 17:50:44 UTC] PHP Warning:  Undefined variable $filter_creados_por_usuarios in /home/u303404040/domains/ciclodevida.mx/public_html/conjuntos.php on line 417
[06-Apr-2026 22:17:03 UTC] === DEBUG DATA QUALITY ===
[06-Apr-2026 22:17:03 UTC] UUID: 0d972cb4-e78b-482a-9532-1e5aa867ce4a
[06-Apr-2026 22:17:03 UTC] Total registros: 0
[06-Apr-2026 22:17:03 UTC] Datos: Array
(
)

[06-Apr-2026 22:17:03 UTC] Aviso: 'exchanges' no existe en u303404040_BASE_ACV_LCA; se omite sección opcional.
[06-Apr-2026 23:43:02 UTC] PHP Warning:  Undefined variable $filter_creados_por_usuarios in /home/u303404040/domains/ciclodevida.mx/public_html/conjuntos.php on line 417
[06-Apr-2026 23:43:02 UTC] PHP Warning:  Undefined variable $filter_creados_por_usuarios in /home/u303404040/domains/ciclodevida.mx/public_html/conjuntos.php on line 417
[07-Apr-2026 03:58:03 UTC] PHP Warning:  Undefined variable $filter_creados_por_usuarios in /home/u303404040/domains/ciclodevida.mx/public_html/conjuntos.php on line 417
[07-Apr-2026 16:02:08 UTC] PHP Warning:  Undefined variable $filter_creados_por_usuarios in /home/u303404040/domains/ciclodevida.mx/public_html/conjuntos.php on line 417
[07-Apr-2026 16:03:43 UTC] PHP Warning:  Undefined variable $filter_creados_por_usuarios in /home/u303404040/domains/ciclodevida.mx/public_html/conjuntos.php on line 417
[07-Apr-2026 18:30:20 UTC] PHP Warning:  Undefined variable $filter_creados_por_usuarios in /home/u303404040/domains/ciclodevida.mx/public_html/conjuntos.php on line 417
[08-Apr-2026 05:19:45 UTC] PHP Warning:  Undefined variable $filter_creados_por_usuarios in /home/u303404040/domains/ciclodevida.mx/public_html/conjuntos.php on line 417
[08-Apr-2026 05:19:45 UTC] PHP Warning:  Undefined variable $filter_creados_por_usuarios in /home/u303404040/domains/ciclodevida.mx/public_html/conjuntos.php on line 417
[08-Apr-2026 16:58:54 UTC] === DEBUG DATA QUALITY ===
[08-Apr-2026 16:58:54 UTC] UUID: 37438604-4465-497b-ab86-e4b6af017fcc
[08-Apr-2026 16:58:54 UTC] Total registros: 0
[08-Apr-2026 16:58:54 UTC] Datos: Array
(
)

[08-Apr-2026 16:58:54 UTC] Aviso: 'exchanges' no existe en u303404040_BASE_ACV_LCA; se omite sección opcional.
[08-Apr-2026 18:33:41 UTC] PHP Warning:  Undefined variable $filter_creados_por_usuarios in /home/u303404040/domains/ciclodevida.mx/public_html/conjuntos.php on line 417
[08-Apr-2026 18:33:54 UTC] PHP Warning:  Undefined variable $filter_creados_por_usuarios in /home/u303404040/domains/ciclodevida.mx/public_html/conjuntos.php on line 417
[08-Apr-2026 18:34:47 UTC] === DEBUG DATA QUALITY ===
[08-Apr-2026 18:34:47 UTC] UUID: c5bd9194-40a5-4d3f-a87b-56ab45c3fc1e
[08-Apr-2026 18:34:47 UTC] Total registros: 0
[08-Apr-2026 18:34:47 UTC] Datos: Array
(
)

[08-Apr-2026 18:34:47 UTC] Aviso: 'exchanges' no existe en u303404040_BASE_ACV_LCA; se omite sección opcional.
[08-Apr-2026 18:34:53 UTC] === DEBUG DATA QUALITY ===
[08-Apr-2026 18:34:53 UTC] UUID: c5bd9194-40a5-4d3f-a87b-56ab45c3fc1e
[08-Apr-2026 18:34:53 UTC] Total registros: 0
[08-Apr-2026 18:34:53 UTC] Datos: Array
(
)

[08-Apr-2026 18:34:53 UTC] Aviso: 'exchanges' no existe en u303404040_BASE_ACV_LCA; se omite sección opcional.
[08-Apr-2026 18:35:00 UTC] === DEBUG DATA QUALITY ===
[08-Apr-2026 18:35:00 UTC] UUID: c5bd9194-40a5-4d3f-a87b-56ab45c3fc1e
[08-Apr-2026 18:35:00 UTC] Total registros: 0
[08-Apr-2026 18:35:00 UTC] Datos: Array
(
)

[08-Apr-2026 18:35:00 UTC] Aviso: 'exchanges' no existe en u303404040_BASE_ACV_LCA; se omite sección opcional.
[08-Apr-2026 22:10:46 UTC] PHP Warning:  Undefined variable $filter_creados_por_usuarios in /home/u303404040/domains/ciclodevida.mx/public_html/conjuntos.php on line 417
[09-Apr-2026 13:22:01 UTC] PHP Warning:  Undefined variable $filter_creados_por_usuarios in /home/u303404040/domains/ciclodevida.mx/public_html/conjuntos.php on line 417
[09-Apr-2026 17:30:46 UTC] PHP Warning:  Undefined variable $filter_creados_por_usuarios in /home/u303404040/domains/ciclodevida.mx/public_html/conjuntos.php on line 417
[09-Apr-2026 17:30:57 UTC] PHP Warning:  Undefined variable $filter_creados_por_usuarios in /home/u303404040/domains/ciclodevida.mx/public_html/conjuntos.php on line 417
[10-Apr-2026 00:32:18 UTC] PHP Warning:  Undefined variable $filter_creados_por_usuarios in /home/u303404040/domains/ciclodevida.mx/public_html/conjuntos.php on line 417
[10-Apr-2026 14:31:02 UTC] === DEBUG DATA QUALITY ===
[10-Apr-2026 14:31:02 UTC] UUID: 969e131c-4142-40e6-bcca-8e1713bf458a
[10-Apr-2026 14:31:02 UTC] Total registros: 0
[10-Apr-2026 14:31:02 UTC] Datos: Array
(
)

[10-Apr-2026 14:31:02 UTC] Aviso: 'exchanges' no existe en u303404040_BASE_ACV_LCA; se omite sección opcional.
[11-Apr-2026 09:02:09 UTC] PHP Warning:  Undefined variable $filter_creados_por_usuarios in /home/u303404040/domains/ciclodevida.mx/public_html/conjuntos.php on line 417
[11-Apr-2026 09:02:09 UTC] PHP Warning:  Undefined variable $filter_creados_por_usuarios in /home/u303404040/domains/ciclodevida.mx/public_html/conjuntos.php on line 417
[13-Apr-2026 02:29:13 UTC] PHP Warning:  Undefined variable $filter_creados_por_usuarios in /home/u303404040/domains/ciclodevida.mx/public_html/conjuntos.php on line 417
[13-Apr-2026 02:29:13 UTC] PHP Warning:  Undefined variable $filter_creados_por_usuarios in /home/u303404040/domains/ciclodevida.mx/public_html/conjuntos.php on line 417
[14-Apr-2026 20:59:17 UTC] PHP Warning:  Undefined variable $filter_creados_por_usuarios in /home/u303404040/domains/ciclodevida.mx/public_html/conjuntos.php on line 417
[15-Apr-2026 17:04:25 UTC] PHP Warning:  Undefined variable $filter_creados_por_usuarios in /home/u303404040/domains/ciclodevida.mx/public_html/conjuntos.php on line 417
[15-Apr-2026 17:11:55 UTC] PHP Warning:  Undefined variable $filter_creados_por_usuarios in /home/u303404040/domains/ciclodevida.mx/public_html/conjuntos.php on line 417
[15-Apr-2026 17:16:41 UTC] PHP Warning:  Undefined variable $filter_creados_por_usuarios in /home/u303404040/domains/ciclodevida.mx/public_html/conjuntos.php on line 417
[15-Apr-2026 17:35:57 UTC] PHP Warning:  Undefined variable $filter_creados_por_usuarios in /home/u303404040/domains/ciclodevida.mx/public_html/conjuntos.php on line 417
[15-Apr-2026 18:01:11 UTC] PHP Warning:  Undefined variable $filter_creados_por_usuarios in /home/u303404040/domains/ciclodevida.mx/public_html/conjuntos.php on line 417
[15-Apr-2026 18:01:15 UTC] === DEBUG DATA QUALITY ===
[15-Apr-2026 18:01:15 UTC] UUID: 2c91f01a-1d0e-4e6d-914d-c8c48afb2968
[15-Apr-2026 18:01:15 UTC] Total registros: 0
[15-Apr-2026 18:01:15 UTC] Datos: Array
(
)

[15-Apr-2026 18:01:15 UTC] Aviso: 'exchanges' no existe en u303404040_BASE_ACV_LCA; se omite sección opcional.
[15-Apr-2026 20:36:15 UTC] PHP Warning:  Undefined variable $filter_creados_por_usuarios in /home/u303404040/domains/ciclodevida.mx/public_html/conjuntos.php on line 417
[16-Apr-2026 00:13:20 UTC] PHP Warning:  Undefined variable $filter_creados_por_usuarios in /home/u303404040/domains/ciclodevida.mx/public_html/conjuntos.php on line 417
[16-Apr-2026 17:18:45 UTC] PHP Warning:  Undefined variable $filter_creados_por_usuarios in /home/u303404040/domains/ciclodevida.mx/public_html/conjuntos.php on line 417
[20-Apr-2026 04:14:26 UTC] === DEBUG DATA QUALITY ===
[20-Apr-2026 04:14:26 UTC] UUID: 25cd080d-4b12-4a71-a801-6d310ce4ef24
[20-Apr-2026 04:14:26 UTC] Total registros: 0
[20-Apr-2026 04:14:26 UTC] Datos: Array
(
)

[20-Apr-2026 04:14:26 UTC] Aviso: 'exchanges' no existe en u303404040_BASE_ACV_LCA; se omite sección opcional.
[20-Apr-2026 07:46:29 UTC] PHP Warning:  Undefined variable $filter_creados_por_usuarios in /home/u303404040/domains/ciclodevida.mx/public_html/conjuntos.php on line 417
[20-Apr-2026 14:00:42 UTC] === DEBUG DATA QUALITY ===
[20-Apr-2026 14:00:42 UTC] UUID: 1939bc35-a5e9-4224-a210-2bef0b6cc87e
[20-Apr-2026 14:00:42 UTC] Total registros: 0
[20-Apr-2026 14:00:42 UTC] Datos: Array
(
)

[20-Apr-2026 14:00:42 UTC] Aviso: 'exchanges' no existe en u303404040_BASE_ACV_LCA; se omite sección opcional.
[20-Apr-2026 17:40:24 UTC] === DEBUG DATA QUALITY ===
[20-Apr-2026 17:40:24 UTC] UUID: 1f6785d9-75ea-4dba-b45b-13792f1f41c2
[20-Apr-2026 17:40:24 UTC] Total registros: 0
[20-Apr-2026 17:40:24 UTC] Datos: Array
(
)

[20-Apr-2026 17:40:24 UTC] Aviso: 'exchanges' no existe en u303404040_BASE_ACV_LCA; se omite sección opcional.
[21-Apr-2026 05:52:31 UTC] === DEBUG DATA QUALITY ===
[21-Apr-2026 05:52:31 UTC] UUID: 7c8850a0-8a74-4622-99c8-88e007013a52
[21-Apr-2026 05:52:31 UTC] Total registros: 0
[21-Apr-2026 05:52:31 UTC] Datos: Array
(
)

[21-Apr-2026 05:52:31 UTC] Aviso: 'exchanges' no existe en u303404040_BASE_ACV_LCA; se omite sección opcional.
[21-Apr-2026 13:23:05 UTC] PHP Warning:  Undefined variable $filter_creados_por_usuarios in /home/u303404040/domains/ciclodevida.mx/public_html/conjuntos.php on line 417
[21-Apr-2026 13:37:17 UTC] PHP Warning:  Undefined variable $filter_creados_por_usuarios in /home/u303404040/domains/ciclodevida.mx/public_html/conjuntos.php on line 417
[21-Apr-2026 16:50:03 UTC] PHP Warning:  Undefined variable $filter_creados_por_usuarios in /home/u303404040/domains/ciclodevida.mx/public_html/conjuntos.php on line 417
[22-Apr-2026 11:52:55 UTC] PHP Warning:  Undefined variable $filter_creados_por_usuarios in /home/u303404040/domains/ciclodevida.mx/public_html/conjuntos.php on line 417
[22-Apr-2026 13:34:07 UTC] PHP Warning:  Undefined variable $filter_creados_por_usuarios in /home/u303404040/domains/ciclodevida.mx/public_html/conjuntos.php on line 417
[22-Apr-2026 13:34:20 UTC] PHP Warning:  Undefined variable $filter_creados_por_usuarios in /home/u303404040/domains/ciclodevida.mx/public_html/conjuntos.php on line 417
[22-Apr-2026 13:34:28 UTC] === DEBUG DATA QUALITY ===
[22-Apr-2026 13:34:28 UTC] UUID: d91a8124-8ddc-4a87-b593-596ccbe5889d
[22-Apr-2026 13:34:28 UTC] Total registros: 0
[22-Apr-2026 13:34:28 UTC] Datos: Array
(
)

[22-Apr-2026 13:34:28 UTC] Aviso: 'exchanges' no existe en u303404040_BASE_ACV_LCA; se omite sección opcional.
[22-Apr-2026 13:34:29 UTC] === DEBUG DATA QUALITY ===
[22-Apr-2026 13:34:29 UTC] UUID: d91a8124-8ddc-4a87-b593-596ccbe5889d
[22-Apr-2026 13:34:29 UTC] Total registros: 0
[22-Apr-2026 13:34:29 UTC] Datos: Array
(
)

[22-Apr-2026 13:34:29 UTC] Aviso: 'exchanges' no existe en u303404040_BASE_ACV_LCA; se omite sección opcional.
[22-Apr-2026 13:34:29 UTC] === DEBUG DATA QUALITY ===
[22-Apr-2026 13:34:29 UTC] UUID: d91a8124-8ddc-4a87-b593-596ccbe5889d
[22-Apr-2026 13:34:29 UTC] Total registros: 0
[22-Apr-2026 13:34:29 UTC] Datos: Array
(
)

[22-Apr-2026 13:34:29 UTC] Aviso: 'exchanges' no existe en u303404040_BASE_ACV_LCA; se omite sección opcional.
[22-Apr-2026 13:34:30 UTC] === DEBUG DATA QUALITY ===
[22-Apr-2026 13:34:30 UTC] UUID: d91a8124-8ddc-4a87-b593-596ccbe5889d
[22-Apr-2026 13:34:30 UTC] Total registros: 0
[22-Apr-2026 13:34:30 UTC] Datos: Array
(
)

[22-Apr-2026 13:34:30 UTC] Aviso: 'exchanges' no existe en u303404040_BASE_ACV_LCA; se omite sección opcional.
[22-Apr-2026 16:56:23 UTC] PHP Warning:  Undefined variable $filter_creados_por_usuarios in /home/u303404040/domains/ciclodevida.mx/public_html/conjuntos.php on line 417
[22-Apr-2026 18:25:19 UTC] PHP Warning:  Undefined variable $filter_creados_por_usuarios in /home/u303404040/domains/ciclodevida.mx/public_html/conjuntos.php on line 417
[22-Apr-2026 18:25:41 UTC] PHP Warning:  Undefined variable $filter_creados_por_usuarios in /home/u303404040/domains/ciclodevida.mx/public_html/conjuntos.php on line 417
[22-Apr-2026 18:34:16 UTC] Registro fallido: Duplicate entry 'beatriz.espinosa@correo.buap.mx' for key 'uq_users_email'
[22-Apr-2026 18:35:08 UTC] Registro fallido: Duplicate entry 'beatriz.espinosa@correo.buap.mx' for key 'uq_users_email'
[23-Apr-2026 08:38:27 UTC] PHP Warning:  Undefined variable $filter_creados_por_usuarios in /home/u303404040/domains/ciclodevida.mx/public_html/conjuntos.php on line 417
[23-Apr-2026 08:38:37 UTC] PHP Warning:  Undefined variable $filter_creados_por_usuarios in /home/u303404040/domains/ciclodevida.mx/public_html/conjuntos.php on line 417
[23-Apr-2026 08:38:49 UTC] PHP Warning:  Undefined variable $filter_creados_por_usuarios in /home/u303404040/domains/ciclodevida.mx/public_html/conjuntos.php on line 417
[23-Apr-2026 08:39:12 UTC] PHP Warning:  Undefined variable $filter_creados_por_usuarios in /home/u303404040/domains/ciclodevida.mx/public_html/conjuntos.php on line 417
[23-Apr-2026 08:39:18 UTC] PHP Warning:  Undefined variable $filter_creados_por_usuarios in /home/u303404040/domains/ciclodevida.mx/public_html/conjuntos.php on line 417
[23-Apr-2026 08:43:31 UTC] PHP Warning:  Undefined variable $filter_creados_por_usuarios in /home/u303404040/domains/ciclodevida.mx/public_html/conjuntos.php on line 417
[23-Apr-2026 08:44:16 UTC] PHP Warning:  Undefined variable $filter_creados_por_usuarios in /home/u303404040/domains/ciclodevida.mx/public_html/conjuntos.php on line 417
[23-Apr-2026 08:46:31 UTC] PHP Warning:  Undefined variable $filter_creados_por_usuarios in /home/u303404040/domains/ciclodevida.mx/public_html/conjuntos.php on line 417
[23-Apr-2026 08:47:47 UTC] PHP Warning:  Undefined variable $filter_creados_por_usuarios in /home/u303404040/domains/ciclodevida.mx/public_html/conjuntos.php on line 417
[23-Apr-2026 08:55:39 UTC] PHP Warning:  Undefined variable $filter_creados_por_usuarios in /home/u303404040/domains/ciclodevida.mx/public_html/conjuntos.php on line 417
[23-Apr-2026 10:46:57 UTC] PHP Warning:  Undefined variable $filter_creados_por_usuarios in /home/u303404040/domains/ciclodevida.mx/public_html/conjuntos.php on line 417
[23-Apr-2026 10:46:58 UTC] PHP Warning:  Undefined variable $filter_creados_por_usuarios in /home/u303404040/domains/ciclodevida.mx/public_html/conjuntos.php on line 417
[23-Apr-2026 10:46:59 UTC] PHP Warning:  Undefined variable $filter_creados_por_usuarios in /home/u303404040/domains/ciclodevida.mx/public_html/conjuntos.php on line 417
[23-Apr-2026 10:46:59 UTC] PHP Warning:  Undefined variable $filter_creados_por_usuarios in /home/u303404040/domains/ciclodevida.mx/public_html/conjuntos.php on line 417
[23-Apr-2026 23:48:25 UTC] === DEBUG DATA QUALITY ===
[23-Apr-2026 23:48:25 UTC] UUID: 00e1436f-8384-4fc3-836c-650f7cfa7438
[23-Apr-2026 23:48:25 UTC] Total registros: 0
[23-Apr-2026 23:48:25 UTC] Datos: Array
(
)

[23-Apr-2026 23:48:25 UTC] Aviso: 'exchanges' no existe en u303404040_BASE_ACV_LCA; se omite sección opcional.
[24-Apr-2026 22:50:27 UTC] === DEBUG DATA QUALITY ===
[24-Apr-2026 22:50:27 UTC] UUID: 38b5ba7e-63cf-4760-846b-176e75328ccb
[24-Apr-2026 22:50:27 UTC] Total registros: 0
[24-Apr-2026 22:50:27 UTC] Datos: Array
(
)

[24-Apr-2026 22:50:27 UTC] Aviso: 'exchanges' no existe en u303404040_BASE_ACV_LCA; se omite sección opcional.
[25-Apr-2026 21:58:38 UTC] PHP Warning:  Undefined variable $filter_creados_por_usuarios in /home/u303404040/domains/ciclodevida.mx/public_html/conjuntos.php on line 417
[26-Apr-2026 01:37:04 UTC] === DEBUG DATA QUALITY ===
[26-Apr-2026 01:37:04 UTC] UUID: 0ac1b754-08b2-3d60-b78b-0ef1e6ffda2e
[26-Apr-2026 01:37:04 UTC] Total registros: 0
[26-Apr-2026 01:37:04 UTC] Datos: Array
(
)

[26-Apr-2026 01:37:04 UTC] Aviso: 'exchanges' no existe en u303404040_BASE_ACV_LCA; se omite sección opcional.
[26-Apr-2026 22:07:15 UTC] PHP Warning:  Undefined variable $filter_creados_por_usuarios in /home/u303404040/domains/ciclodevida.mx/public_html/conjuntos.php on line 417
[27-Apr-2026 15:56:04 UTC] === DEBUG DATA QUALITY ===
[27-Apr-2026 15:56:04 UTC] UUID: 277b8a7d-1598-49b3-959f-22022935b023
[27-Apr-2026 15:56:04 UTC] Total registros: 0
[27-Apr-2026 15:56:04 UTC] Datos: Array
(
)

[27-Apr-2026 15:56:04 UTC] Aviso: 'exchanges' no existe en u303404040_BASE_ACV_LCA; se omite sección opcional.
[28-Apr-2026 07:28:08 UTC] PHP Warning:  Undefined variable $filter_creados_por_usuarios in /home/u303404040/domains/ciclodevida.mx/public_html/conjuntos.php on line 417
[28-Apr-2026 07:28:08 UTC] PHP Warning:  Undefined variable $filter_creados_por_usuarios in /home/u303404040/domains/ciclodevida.mx/public_html/conjuntos.php on line 417
[28-Apr-2026 21:40:14 UTC] PHP Warning:  Undefined variable $filter_creados_por_usuarios in /home/u303404040/domains/ciclodevida.mx/public_html/conjuntos.php on line 417
[29-Apr-2026 21:23:36 UTC] PHP Warning:  Undefined variable $filter_creados_por_usuarios in /home/u303404040/domains/ciclodevida.mx/public_html/conjuntos.php on line 417
[30-Apr-2026 17:17:15 UTC] === DEBUG DATA QUALITY ===
[30-Apr-2026 17:17:15 UTC] UUID: 7dff4b94-bb53-47f2-8b20-46f3ee3bc21e
[30-Apr-2026 17:17:15 UTC] Total registros: 0
[30-Apr-2026 17:17:15 UTC] Datos: Array
(
)

[30-Apr-2026 17:17:15 UTC] Aviso: 'exchanges' no existe en u303404040_BASE_ACV_LCA; se omite sección opcional.
[30-Apr-2026 23:31:52 UTC] PHP Warning:  Undefined variable $filter_creados_por_usuarios in /home/u303404040/domains/ciclodevida.mx/public_html/conjuntos.php on line 417
[01-May-2026 21:03:59 UTC] PHP Warning:  Undefined variable $filter_creados_por_usuarios in /home/u303404040/domains/ciclodevida.mx/public_html/conjuntos.php on line 417
[02-May-2026 12:53:32 UTC] === DEBUG DATA QUALITY ===
[02-May-2026 12:53:32 UTC] UUID: da8ef20c-bb0a-4151-92ec-df00fd464d61
[02-May-2026 12:53:32 UTC] Total registros: 0
[02-May-2026 12:53:32 UTC] Datos: Array
(
)

[02-May-2026 12:53:32 UTC] Aviso: 'exchanges' no existe en u303404040_BASE_ACV_LCA; se omite sección opcional.
[02-May-2026 16:31:12 UTC] PHP Warning:  Undefined variable $filter_creados_por_usuarios in /home/u303404040/domains/ciclodevida.mx/public_html/conjuntos.php on line 417
[03-May-2026 05:12:48 UTC] === DEBUG DATA QUALITY ===
[03-May-2026 05:12:48 UTC] UUID: 1dfe3d95-0c90-49a4-83f0-84177498f5b3
[03-May-2026 05:12:48 UTC] Total registros: 0
[03-May-2026 05:12:48 UTC] Datos: Array
(
)

[03-May-2026 05:12:48 UTC] Aviso: 'exchanges' no existe en u303404040_BASE_ACV_LCA; se omite sección opcional.
[03-May-2026 15:37:20 UTC] PHP Warning:  Undefined variable $filter_creados_por_usuarios in /home/u303404040/domains/ciclodevida.mx/public_html/conjuntos.php on line 417
[03-May-2026 19:45:43 UTC] === DEBUG DATA QUALITY ===
[03-May-2026 19:45:43 UTC] UUID: 24081291-bfea-4118-8b0e-f1f26f007d19
[03-May-2026 19:45:43 UTC] Total registros: 0
[03-May-2026 19:45:43 UTC] Datos: Array
(
)

[03-May-2026 19:45:43 UTC] Aviso: 'exchanges' no existe en u303404040_BASE_ACV_LCA; se omite sección opcional.
[04-May-2026 15:43:15 UTC] PHP Warning:  Undefined variable $filter_creados_por_usuarios in /home/u303404040/domains/ciclodevida.mx/public_html/conjuntos.php on line 417
[04-May-2026 21:29:23 UTC] === DEBUG DATA QUALITY ===
[04-May-2026 21:29:23 UTC] UUID: 2316d88c-bbe6-4235-9179-a970342cf7eb
[04-May-2026 21:29:23 UTC] Total registros: 0
[04-May-2026 21:29:23 UTC] Datos: Array
(
)

[04-May-2026 21:29:23 UTC] Aviso: 'exchanges' no existe en u303404040_BASE_ACV_LCA; se omite sección opcional.
[06-May-2026 08:12:21 UTC] === DEBUG DATA QUALITY ===
[06-May-2026 08:12:21 UTC] UUID: 86a0849a-96b0-4009-b782-61a965fac010
[06-May-2026 08:12:21 UTC] Total registros: 0
[06-May-2026 08:12:21 UTC] Datos: Array
(
)

[06-May-2026 08:12:21 UTC] Aviso: 'exchanges' no existe en u303404040_BASE_ACV_LCA; se omite sección opcional.
[06-May-2026 11:16:09 UTC] PHP Warning:  Undefined variable $filter_creados_por_usuarios in /home/u303404040/domains/ciclodevida.mx/public_html/conjuntos.php on line 417
[06-May-2026 18:50:08 UTC] PHP Warning:  Undefined variable $filter_creados_por_usuarios in /home/u303404040/domains/ciclodevida.mx/public_html/conjuntos.php on line 417
[06-May-2026 18:50:26 UTC] PHP Warning:  Undefined variable $filter_creados_por_usuarios in /home/u303404040/domains/ciclodevida.mx/public_html/conjuntos.php on line 417
[06-May-2026 20:37:39 UTC] PHP Warning:  Undefined variable $filter_creados_por_usuarios in /home/u303404040/domains/ciclodevida.mx/public_html/conjuntos.php on line 417
[06-May-2026 20:41:37 UTC] PHP Warning:  Undefined variable $filter_creados_por_usuarios in /home/u303404040/domains/ciclodevida.mx/public_html/conjuntos.php on line 417
[06-May-2026 20:41:45 UTC] PHP Warning:  Undefined variable $filter_creados_por_usuarios in /home/u303404040/domains/ciclodevida.mx/public_html/conjuntos.php on line 417
[06-May-2026 20:41:58 UTC] PHP Warning:  Undefined variable $filter_creados_por_usuarios in /home/u303404040/domains/ciclodevida.mx/public_html/conjuntos.php on line 417
[06-May-2026 20:42:44 UTC] === DEBUG DATA QUALITY ===
[06-May-2026 20:42:44 UTC] UUID: 6a130217-485d-4c65-a947-a9653fc1dd14
[06-May-2026 20:42:44 UTC] Total registros: 0
[06-May-2026 20:42:44 UTC] Datos: Array
(
)

[06-May-2026 20:42:44 UTC] Aviso: 'exchanges' no existe en u303404040_BASE_ACV_LCA; se omite sección opcional.
[06-May-2026 20:44:34 UTC] PHP Warning:  Undefined variable $filter_creados_por_usuarios in /home/u303404040/domains/ciclodevida.mx/public_html/conjuntos.php on line 417
[06-May-2026 20:44:58 UTC] PHP Warning:  Undefined variable $filter_creados_por_usuarios in /home/u303404040/domains/ciclodevida.mx/public_html/conjuntos.php on line 417
[06-May-2026 20:44:58 UTC] PHP Warning:  Undefined variable $filter_creados_por_usuarios in /home/u303404040/domains/ciclodevida.mx/public_html/conjuntos.php on line 417
[06-May-2026 20:45:17 UTC] PHP Warning:  Undefined variable $filter_creados_por_usuarios in /home/u303404040/domains/ciclodevida.mx/public_html/conjuntos.php on line 417
[06-May-2026 20:45:17 UTC] PHP Warning:  Undefined variable $filter_creados_por_usuarios in /home/u303404040/domains/ciclodevida.mx/public_html/conjuntos.php on line 417
[06-May-2026 20:45:29 UTC] PHP Warning:  Undefined variable $filter_creados_por_usuarios in /home/u303404040/domains/ciclodevida.mx/public_html/conjuntos.php on line 417
[06-May-2026 20:45:29 UTC] PHP Warning:  Undefined variable $filter_creados_por_usuarios in /home/u303404040/domains/ciclodevida.mx/public_html/conjuntos.php on line 417
[06-May-2026 20:45:45 UTC] PHP Warning:  Undefined variable $filter_creados_por_usuarios in /home/u303404040/domains/ciclodevida.mx/public_html/conjuntos.php on line 417
[06-May-2026 20:45:45 UTC] PHP Warning:  Undefined variable $filter_creados_por_usuarios in /home/u303404040/domains/ciclodevida.mx/public_html/conjuntos.php on line 417
[06-May-2026 20:45:56 UTC] === DEBUG DATA QUALITY ===
[06-May-2026 20:45:56 UTC] UUID: 2bcb11a8-8593-4372-99ea-be820088cf84
[06-May-2026 20:45:56 UTC] Total registros: 0
[06-May-2026 20:45:56 UTC] Datos: Array
(
)

[06-May-2026 20:45:56 UTC] Aviso: 'exchanges' no existe en u303404040_BASE_ACV_LCA; se omite sección opcional.
[06-May-2026 20:57:51 UTC] PHP Warning:  Undefined variable $filter_creados_por_usuarios in /home/u303404040/domains/ciclodevida.mx/public_html/conjuntos.php on line 417
[06-May-2026 20:57:51 UTC] PHP Warning:  Undefined variable $filter_creados_por_usuarios in /home/u303404040/domains/ciclodevida.mx/public_html/conjuntos.php on line 417
[06-May-2026 20:58:07 UTC] PHP Warning:  Undefined variable $filter_creados_por_usuarios in /home/u303404040/domains/ciclodevida.mx/public_html/conjuntos.php on line 417
[06-May-2026 20:58:07 UTC] PHP Warning:  Undefined variable $filter_creados_por_usuarios in /home/u303404040/domains/ciclodevida.mx/public_html/conjuntos.php on line 417
[06-May-2026 20:59:19 UTC] === DEBUG DATA QUALITY ===
[06-May-2026 20:59:19 UTC] UUID: e8ea6303-d77c-40d2-9818-4cab27af6871
[06-May-2026 20:59:19 UTC] Total registros: 0
[06-May-2026 20:59:19 UTC] Datos: Array
(
)

[06-May-2026 20:59:19 UTC] Aviso: 'exchanges' no existe en u303404040_BASE_ACV_LCA; se omite sección opcional.
[06-May-2026 20:59:50 UTC] PHP Warning:  Undefined variable $filter_creados_por_usuarios in /home/u303404040/domains/ciclodevida.mx/public_html/conjuntos.php on line 417
[06-May-2026 20:59:50 UTC] PHP Warning:  Undefined variable $filter_creados_por_usuarios in /home/u303404040/domains/ciclodevida.mx/public_html/conjuntos.php on line 417
[06-May-2026 21:00:58 UTC] PHP Warning:  Undefined variable $filter_creados_por_usuarios in /home/u303404040/domains/ciclodevida.mx/public_html/conjuntos.php on line 417
[06-May-2026 21:03:15 UTC] === DEBUG DATA QUALITY ===
[06-May-2026 21:03:15 UTC] UUID: 26026929-cc84-4b7a-a2eb-f24fce2de6bc
[06-May-2026 21:03:15 UTC] Total registros: 0
[06-May-2026 21:03:15 UTC] Datos: Array
(
)

[06-May-2026 21:03:15 UTC] Aviso: 'exchanges' no existe en u303404040_BASE_ACV_LCA; se omite sección opcional.
[06-May-2026 21:03:57 UTC] PHP Warning:  Undefined variable $filter_creados_por_usuarios in /home/u303404040/domains/ciclodevida.mx/public_html/conjuntos.php on line 417
[06-May-2026 21:03:57 UTC] PHP Warning:  Undefined variable $filter_creados_por_usuarios in /home/u303404040/domains/ciclodevida.mx/public_html/conjuntos.php on line 417
[06-May-2026 21:04:15 UTC] PHP Warning:  Undefined variable $filter_creados_por_usuarios in /home/u303404040/domains/ciclodevida.mx/public_html/conjuntos.php on line 417
[06-May-2026 21:04:15 UTC] PHP Warning:  Undefined variable $filter_creados_por_usuarios in /home/u303404040/domains/ciclodevida.mx/public_html/conjuntos.php on line 417
[06-May-2026 21:04:32 UTC] PHP Warning:  Undefined variable $filter_creados_por_usuarios in /home/u303404040/domains/ciclodevida.mx/public_html/conjuntos.php on line 417
[06-May-2026 21:04:32 UTC] PHP Warning:  Undefined variable $filter_creados_por_usuarios in /home/u303404040/domains/ciclodevida.mx/public_html/conjuntos.php on line 417
[06-May-2026 21:04:53 UTC] === DEBUG DATA QUALITY ===
[06-May-2026 21:04:53 UTC] UUID: d7cc190b-f94e-31bc-869d-1ff00265dbe1
[06-May-2026 21:04:53 UTC] Total registros: 0
[06-May-2026 21:04:53 UTC] Datos: Array
(
)

[06-May-2026 21:04:53 UTC] Aviso: 'exchanges' no existe en u303404040_BASE_ACV_LCA; se omite sección opcional.
[06-May-2026 21:05:16 UTC] === DEBUG DATA QUALITY ===
[06-May-2026 21:05:16 UTC] UUID: d7cc190b-f94e-31bc-869d-1ff00265dbe1
[06-May-2026 21:05:16 UTC] Total registros: 0
[06-May-2026 21:05:16 UTC] Datos: Array
(
)

[06-May-2026 21:05:16 UTC] Aviso: 'exchanges' no existe en u303404040_BASE_ACV_LCA; se omite sección opcional.
[06-May-2026 21:05:47 UTC] PHP Warning:  Undefined variable $filter_creados_por_usuarios in /home/u303404040/domains/ciclodevida.mx/public_html/conjuntos.php on line 417
[06-May-2026 21:05:54 UTC] PHP Warning:  Undefined variable $filter_creados_por_usuarios in /home/u303404040/domains/ciclodevida.mx/public_html/conjuntos.php on line 417
[06-May-2026 21:05:54 UTC] PHP Warning:  Undefined variable $filter_creados_por_usuarios in /home/u303404040/domains/ciclodevida.mx/public_html/conjuntos.php on line 417
[06-May-2026 21:06:00 UTC] PHP Warning:  Undefined variable $filter_creados_por_usuarios in /home/u303404040/domains/ciclodevida.mx/public_html/conjuntos.php on line 417
[06-May-2026 21:06:00 UTC] PHP Warning:  Undefined variable $filter_creados_por_usuarios in /home/u303404040/domains/ciclodevida.mx/public_html/conjuntos.php on line 417
[06-May-2026 21:06:11 UTC] === DEBUG DATA QUALITY ===
[06-May-2026 21:06:11 UTC] UUID: 9485a9de-9962-4d53-a2c4-4715d94e36be
[06-May-2026 21:06:11 UTC] Total registros: 0
[06-May-2026 21:06:11 UTC] Datos: Array
(
)

[06-May-2026 21:06:11 UTC] Aviso: 'exchanges' no existe en u303404040_BASE_ACV_LCA; se omite sección opcional.
[06-May-2026 21:06:20 UTC] === DEBUG DATA QUALITY ===
[06-May-2026 21:06:20 UTC] UUID: 9485a9de-9962-4d53-a2c4-4715d94e36be
[06-May-2026 21:06:20 UTC] Total registros: 0
[06-May-2026 21:06:20 UTC] Datos: Array
(
)

[06-May-2026 21:06:20 UTC] Aviso: 'exchanges' no existe en u303404040_BASE_ACV_LCA; se omite sección opcional.
[06-May-2026 21:06:38 UTC] PHP Warning:  Undefined variable $filter_creados_por_usuarios in /home/u303404040/domains/ciclodevida.mx/public_html/conjuntos.php on line 417
[06-May-2026 21:06:38 UTC] PHP Warning:  Undefined variable $filter_creados_por_usuarios in /home/u303404040/domains/ciclodevida.mx/public_html/conjuntos.php on line 417
[06-May-2026 21:06:53 UTC] === DEBUG DATA QUALITY ===
[06-May-2026 21:06:53 UTC] UUID: 07777d69-deb4-48c9-8cf6-e70cffeb5e33
[06-May-2026 21:06:53 UTC] Total registros: 0
[06-May-2026 21:06:53 UTC] Datos: Array
(
)

[06-May-2026 21:06:53 UTC] Aviso: 'exchanges' no existe en u303404040_BASE_ACV_LCA; se omite sección opcional.
[06-May-2026 21:07:04 UTC] PHP Warning:  Undefined variable $filter_creados_por_usuarios in /home/u303404040/domains/ciclodevida.mx/public_html/conjuntos.php on line 417
[06-May-2026 21:07:04 UTC] PHP Warning:  Undefined variable $filter_creados_por_usuarios in /home/u303404040/domains/ciclodevida.mx/public_html/conjuntos.php on line 417
[06-May-2026 21:07:09 UTC] === DEBUG DATA QUALITY ===
[06-May-2026 21:07:09 UTC] UUID: 969e131c-4142-40e6-bcca-8e1713bf458a
[06-May-2026 21:07:09 UTC] Total registros: 0
[06-May-2026 21:07:09 UTC] Datos: Array
(
)

[06-May-2026 21:07:09 UTC] Aviso: 'exchanges' no existe en u303404040_BASE_ACV_LCA; se omite sección opcional.
[06-May-2026 21:07:39 UTC] PHP Warning:  Undefined variable $filter_creados_por_usuarios in /home/u303404040/domains/ciclodevida.mx/public_html/conjuntos.php on line 417
[06-May-2026 21:07:39 UTC] PHP Warning:  Undefined variable $filter_creados_por_usuarios in /home/u303404040/domains/ciclodevida.mx/public_html/conjuntos.php on line 417
[06-May-2026 21:07:53 UTC] === DEBUG DATA QUALITY ===
[06-May-2026 21:07:53 UTC] UUID: eb3147a3-0913-49fc-8d1f-2848b3f1e474
[06-May-2026 21:07:53 UTC] Total registros: 0
[06-May-2026 21:07:53 UTC] Datos: Array
(
)

[06-May-2026 21:07:53 UTC] Aviso: 'exchanges' no existe en u303404040_BASE_ACV_LCA; se omite sección opcional.
[06-May-2026 21:08:27 UTC] PHP Warning:  Undefined variable $filter_creados_por_usuarios in /home/u303404040/domains/ciclodevida.mx/public_html/conjuntos.php on line 417
[06-May-2026 21:08:27 UTC] PHP Warning:  Undefined variable $filter_creados_por_usuarios in /home/u303404040/domains/ciclodevida.mx/public_html/conjuntos.php on line 417
[06-May-2026 21:08:45 UTC] === DEBUG DATA QUALITY ===
[06-May-2026 21:08:45 UTC] UUID: bd701788-e81f-4978-9e29-d96d4d29c48c
[06-May-2026 21:08:45 UTC] Total registros: 0
[06-May-2026 21:08:45 UTC] Datos: Array
(
)

[06-May-2026 21:08:45 UTC] Aviso: 'exchanges' no existe en u303404040_BASE_ACV_LCA; se omite sección opcional.
[06-May-2026 21:09:09 UTC] PHP Warning:  Undefined variable $filter_creados_por_usuarios in /home/u303404040/domains/ciclodevida.mx/public_html/conjuntos.php on line 417
[06-May-2026 21:09:09 UTC] PHP Warning:  Undefined variable $filter_creados_por_usuarios in /home/u303404040/domains/ciclodevida.mx/public_html/conjuntos.php on line 417
[06-May-2026 21:09:20 UTC] PHP Warning:  Undefined variable $filter_creados_por_usuarios in /home/u303404040/domains/ciclodevida.mx/public_html/conjuntos.php on line 417
[06-May-2026 21:09:20 UTC] PHP Warning:  Undefined variable $filter_creados_por_usuarios in /home/u303404040/domains/ciclodevida.mx/public_html/conjuntos.php on line 417
[06-May-2026 21:09:32 UTC] === DEBUG DATA QUALITY ===
[06-May-2026 21:09:32 UTC] UUID: 7be5617f-33cd-4a4c-9d4c-5a9a5cdaa09f
[06-May-2026 21:09:32 UTC] Total registros: 0
[06-May-2026 21:09:32 UTC] Datos: Array
(
)

[06-May-2026 21:09:32 UTC] Aviso: 'exchanges' no existe en u303404040_BASE_ACV_LCA; se omite sección opcional.
[06-May-2026 21:10:00 UTC] === DEBUG DATA QUALITY ===
[06-May-2026 21:10:00 UTC] UUID: be9f2873-0e58-314e-aa46-6722deda22f1
[06-May-2026 21:10:00 UTC] Total registros: 0
[06-May-2026 21:10:00 UTC] Datos: Array
(
)

[06-May-2026 21:10:00 UTC] Aviso: 'exchanges' no existe en u303404040_BASE_ACV_LCA; se omite sección opcional.
[06-May-2026 21:10:41 UTC] PHP Warning:  Undefined variable $filter_creados_por_usuarios in /home/u303404040/domains/ciclodevida.mx/public_html/conjuntos.php on line 417
[06-May-2026 21:10:41 UTC] PHP Warning:  Undefined variable $filter_creados_por_usuarios in /home/u303404040/domains/ciclodevida.mx/public_html/conjuntos.php on line 417
[06-May-2026 21:10:57 UTC] === DEBUG DATA QUALITY ===
[06-May-2026 21:10:57 UTC] UUID: 8fdea55d-fcd6-4c87-976c-af961beabdba
[06-May-2026 21:10:57 UTC] Total registros: 0
[06-May-2026 21:10:57 UTC] Datos: Array
(
)

[06-May-2026 21:10:57 UTC] Aviso: 'exchanges' no existe en u303404040_BASE_ACV_LCA; se omite sección opcional.
[06-May-2026 21:11:18 UTC] PHP Warning:  Undefined variable $filter_creados_por_usuarios in /home/u303404040/domains/ciclodevida.mx/public_html/conjuntos.php on line 417
[06-May-2026 21:11:18 UTC] PHP Warning:  Undefined variable $filter_creados_por_usuarios in /home/u303404040/domains/ciclodevida.mx/public_html/conjuntos.php on line 417
[06-May-2026 21:11:25 UTC] === DEBUG DATA QUALITY ===
[06-May-2026 21:11:25 UTC] UUID: 8360fe2a-2ab3-4544-bb04-40cac4ade457
[06-May-2026 21:11:25 UTC] Total registros: 0
[06-May-2026 21:11:25 UTC] Datos: Array
(
)

[06-May-2026 21:11:25 UTC] Aviso: 'exchanges' no existe en u303404040_BASE_ACV_LCA; se omite sección opcional.
[06-May-2026 21:11:44 UTC] PHP Warning:  Undefined variable $filter_creados_por_usuarios in /home/u303404040/domains/ciclodevida.mx/public_html/conjuntos.php on line 417
[07-May-2026 02:34:47 UTC] === DEBUG DATA QUALITY ===
[07-May-2026 02:34:47 UTC] UUID: 9966694d-0c43-42f7-9b3b-b1f238a2f4ef
[07-May-2026 02:34:47 UTC] Total registros: 0
[07-May-2026 02:34:47 UTC] Datos: Array
(
)

[07-May-2026 02:34:47 UTC] Aviso: 'exchanges' no existe en u303404040_BASE_ACV_LCA; se omite sección opcional.
[07-May-2026 02:34:56 UTC] PHP Warning:  Undefined variable $filter_creados_por_usuarios in /home/u303404040/domains/ciclodevida.mx/public_html/conjuntos.php on line 417
[07-May-2026 02:34:56 UTC] PHP Warning:  Undefined variable $filter_creados_por_usuarios in /home/u303404040/domains/ciclodevida.mx/public_html/conjuntos.php on line 417
[07-May-2026 02:35:01 UTC] === DEBUG DATA QUALITY ===
[07-May-2026 02:35:01 UTC] UUID: 7458f530-b2eb-46b8-949b-bf6c9587ea71
[07-May-2026 02:35:01 UTC] Total registros: 0
[07-May-2026 02:35:01 UTC] Datos: Array
(
)

[07-May-2026 02:35:01 UTC] Aviso: 'exchanges' no existe en u303404040_BASE_ACV_LCA; se omite sección opcional.
[07-May-2026 02:35:12 UTC] === DEBUG DATA QUALITY ===
[07-May-2026 02:35:12 UTC] UUID: f34c36da-9eda-4bfe-a214-ca1f0a10f82c
[07-May-2026 02:35:12 UTC] Total registros: 0
[07-May-2026 02:35:12 UTC] Datos: Array
(
)

[07-May-2026 02:35:12 UTC] Aviso: 'exchanges' no existe en u303404040_BASE_ACV_LCA; se omite sección opcional.
[07-May-2026 02:35:25 UTC] PHP Warning:  Undefined variable $filter_creados_por_usuarios in /home/u303404040/domains/ciclodevida.mx/public_html/conjuntos.php on line 417
[07-May-2026 02:35:25 UTC] PHP Warning:  Undefined variable $filter_creados_por_usuarios in /home/u303404040/domains/ciclodevida.mx/public_html/conjuntos.php on line 417
[07-May-2026 02:36:00 UTC] === DEBUG DATA QUALITY ===
[07-May-2026 02:36:00 UTC] UUID: e6cad24e-b2d2-4736-a3f9-f102ee688543
[07-May-2026 02:36:00 UTC] Total registros: 0
[07-May-2026 02:36:00 UTC] Datos: Array
(
)

[07-May-2026 02:36:00 UTC] Aviso: 'exchanges' no existe en u303404040_BASE_ACV_LCA; se omite sección opcional.
[07-May-2026 02:36:06 UTC] PHP Warning:  Undefined variable $filter_creados_por_usuarios in /home/u303404040/domains/ciclodevida.mx/public_html/conjuntos.php on line 417
[07-May-2026 02:36:06 UTC] PHP Warning:  Undefined variable $filter_creados_por_usuarios in /home/u303404040/domains/ciclodevida.mx/public_html/conjuntos.php on line 417
[07-May-2026 02:37:20 UTC] PHP Warning:  Undefined variable $filter_creados_por_usuarios in /home/u303404040/domains/ciclodevida.mx/public_html/conjuntos.php on line 417
[07-May-2026 02:37:20 UTC] PHP Warning:  Undefined variable $filter_creados_por_usuarios in /home/u303404040/domains/ciclodevida.mx/public_html/conjuntos.php on line 417
[07-May-2026 02:37:26 UTC] === DEBUG DATA QUALITY ===
[07-May-2026 02:37:26 UTC] UUID: 2641962a-1ff0-4253-8cc2-c49f51758ba2
[07-May-2026 02:37:26 UTC] Total registros: 0
[07-May-2026 02:37:26 UTC] Datos: Array
(
)

[07-May-2026 02:37:26 UTC] Aviso: 'exchanges' no existe en u303404040_BASE_ACV_LCA; se omite sección opcional.
[07-May-2026 02:37:45 UTC] === DEBUG DATA QUALITY ===
[07-May-2026 02:37:45 UTC] UUID: 2641962a-1ff0-4253-8cc2-c49f51758ba2
[07-May-2026 02:37:45 UTC] Total registros: 0
[07-May-2026 02:37:45 UTC] Datos: Array
(
)

[07-May-2026 02:37:45 UTC] Aviso: 'exchanges' no existe en u303404040_BASE_ACV_LCA; se omite sección opcional.
[07-May-2026 02:37:57 UTC] === DEBUG DATA QUALITY ===
[07-May-2026 02:37:57 UTC] UUID: f1ee34e9-45af-4af2-9256-6b8684f4d932
[07-May-2026 02:37:57 UTC] Total registros: 0
[07-May-2026 02:37:57 UTC] Datos: Array
(
)

[07-May-2026 02:37:57 UTC] Aviso: 'exchanges' no existe en u303404040_BASE_ACV_LCA; se omite sección opcional.
[07-May-2026 02:38:10 UTC] === DEBUG DATA QUALITY ===
[07-May-2026 02:38:10 UTC] UUID: f1ee34e9-45af-4af2-9256-6b8684f4d932
[07-May-2026 02:38:10 UTC] Total registros: 0
[07-May-2026 02:38:10 UTC] Datos: Array
(
)

[07-May-2026 02:38:10 UTC] Aviso: 'exchanges' no existe en u303404040_BASE_ACV_LCA; se omite sección opcional.
[07-May-2026 02:38:18 UTC] === DEBUG DATA QUALITY ===
[07-May-2026 02:38:18 UTC] UUID: fc3bbefd-13e0-40b1-a97e-6f405ae46ff2
[07-May-2026 02:38:18 UTC] Total registros: 0
[07-May-2026 02:38:18 UTC] Datos: Array
(
)

[07-May-2026 02:38:18 UTC] Aviso: 'exchanges' no existe en u303404040_BASE_ACV_LCA; se omite sección opcional.
[07-May-2026 02:38:29 UTC] === DEBUG DATA QUALITY ===
[07-May-2026 02:38:29 UTC] UUID: f1ee34e9-45af-4af2-9256-6b8684f4d932
[07-May-2026 02:38:29 UTC] Total registros: 0
[07-May-2026 02:38:29 UTC] Datos: Array
(
)

[07-May-2026 02:38:29 UTC] Aviso: 'exchanges' no existe en u303404040_BASE_ACV_LCA; se omite sección opcional.
[07-May-2026 02:38:35 UTC] === DEBUG DATA QUALITY ===
[07-May-2026 02:38:35 UTC] UUID: f4e7caef-865f-4868-8734-f7a0598b9430
[07-May-2026 02:38:35 UTC] Total registros: 0
[07-May-2026 02:38:35 UTC] Datos: Array
(
)

[07-May-2026 02:38:35 UTC] Aviso: 'exchanges' no existe en u303404040_BASE_ACV_LCA; se omite sección opcional.
[07-May-2026 02:38:56 UTC] === DEBUG DATA QUALITY ===
[07-May-2026 02:38:56 UTC] UUID: 8893049e-d45e-40c8-92ab-4ee1bad0ee17
[07-May-2026 02:38:56 UTC] Total registros: 0
[07-May-2026 02:38:56 UTC] Datos: Array
(
)

[07-May-2026 02:38:56 UTC] Aviso: 'exchanges' no existe en u303404040_BASE_ACV_LCA; se omite sección opcional.
[07-May-2026 02:39:09 UTC] === DEBUG DATA QUALITY ===
[07-May-2026 02:39:09 UTC] UUID: 2641962a-1ff0-4253-8cc2-c49f51758ba2
[07-May-2026 02:39:09 UTC] Total registros: 0
[07-May-2026 02:39:09 UTC] Datos: Array
(
)

[07-May-2026 02:39:09 UTC] Aviso: 'exchanges' no existe en u303404040_BASE_ACV_LCA; se omite sección opcional.
[07-May-2026 02:42:41 UTC] PHP Warning:  Undefined variable $filter_creados_por_usuarios in /home/u303404040/domains/ciclodevida.mx/public_html/conjuntos.php on line 417
[07-May-2026 02:42:41 UTC] PHP Warning:  Undefined variable $filter_creados_por_usuarios in /home/u303404040/domains/ciclodevida.mx/public_html/conjuntos.php on line 417
[07-May-2026 02:42:58 UTC] === DEBUG DATA QUALITY ===
[07-May-2026 02:42:58 UTC] UUID: 2bcb11a8-8593-4372-99ea-be820088cf84
[07-May-2026 02:42:58 UTC] Total registros: 0
[07-May-2026 02:42:58 UTC] Datos: Array
(
)

[07-May-2026 02:42:58 UTC] Aviso: 'exchanges' no existe en u303404040_BASE_ACV_LCA; se omite sección opcional.
[07-May-2026 02:43:37 UTC] === DEBUG DATA QUALITY ===
[07-May-2026 02:43:37 UTC] UUID: bd701788-e81f-4978-9e29-d96d4d29c48c
[07-May-2026 02:43:37 UTC] Total registros: 0
[07-May-2026 02:43:37 UTC] Datos: Array
(
)

[07-May-2026 02:43:37 UTC] Aviso: 'exchanges' no existe en u303404040_BASE_ACV_LCA; se omite sección opcional.
[07-May-2026 02:43:46 UTC] === DEBUG DATA QUALITY ===
[07-May-2026 02:43:46 UTC] UUID: 2bcb11a8-8593-4372-99ea-be820088cf84
[07-May-2026 02:43:46 UTC] Total registros: 0
[07-May-2026 02:43:46 UTC] Datos: Array
(
)

[07-May-2026 02:43:46 UTC] Aviso: 'exchanges' no existe en u303404040_BASE_ACV_LCA; se omite sección opcional.
[07-May-2026 04:05:16 UTC] PHP Warning:  Undefined variable $filter_creados_por_usuarios in /home/u303404040/domains/ciclodevida.mx/public_html/conjuntos.php on line 417
[07-May-2026 04:05:16 UTC] PHP Warning:  Undefined variable $filter_creados_por_usuarios in /home/u303404040/domains/ciclodevida.mx/public_html/conjuntos.php on line 417
[07-May-2026 04:05:20 UTC] === DEBUG DATA QUALITY ===
[07-May-2026 04:05:20 UTC] UUID: 2641962a-1ff0-4253-8cc2-c49f51758ba2
[07-May-2026 04:05:20 UTC] Total registros: 0
[07-May-2026 04:05:20 UTC] Datos: Array
(
)

[07-May-2026 04:05:20 UTC] Aviso: 'exchanges' no existe en u303404040_BASE_ACV_LCA; se omite sección opcional.
[07-May-2026 04:05:31 UTC] === DEBUG DATA QUALITY ===
[07-May-2026 04:05:31 UTC] UUID: fc3bbefd-13e0-40b1-a97e-6f405ae46ff2
[07-May-2026 04:05:31 UTC] Total registros: 0
[07-May-2026 04:05:31 UTC] Datos: Array
(
)

[07-May-2026 04:05:31 UTC] Aviso: 'exchanges' no existe en u303404040_BASE_ACV_LCA; se omite sección opcional.
[07-May-2026 04:05:58 UTC] === DEBUG DATA QUALITY ===
[07-May-2026 04:05:58 UTC] UUID: 7be5617f-33cd-4a4c-9d4c-5a9a5cdaa09f
[07-May-2026 04:05:58 UTC] Total registros: 0
[07-May-2026 04:05:58 UTC] Datos: Array
(
)

[07-May-2026 04:05:58 UTC] Aviso: 'exchanges' no existe en u303404040_BASE_ACV_LCA; se omite sección opcional.
[07-May-2026 04:06:28 UTC] === DEBUG DATA QUALITY ===
[07-May-2026 04:06:28 UTC] UUID: e37a13ea-f177-41c8-8a4a-7d3500ed5c82
[07-May-2026 04:06:28 UTC] Total registros: 0
[07-May-2026 04:06:28 UTC] Datos: Array
(
)

[07-May-2026 04:06:28 UTC] Aviso: 'exchanges' no existe en u303404040_BASE_ACV_LCA; se omite sección opcional.
[07-May-2026 04:06:35 UTC] === DEBUG DATA QUALITY ===
[07-May-2026 04:06:35 UTC] UUID: e37a13ea-f177-41c8-8a4a-7d3500ed5c82
[07-May-2026 04:06:35 UTC] Total registros: 0
[07-May-2026 04:06:35 UTC] Datos: Array
(
)

[07-May-2026 04:06:35 UTC] Aviso: 'exchanges' no existe en u303404040_BASE_ACV_LCA; se omite sección opcional.
[07-May-2026 04:06:43 UTC] PHP Warning:  Undefined variable $filter_creados_por_usuarios in /home/u303404040/domains/ciclodevida.mx/public_html/conjuntos.php on line 417
[07-May-2026 04:06:43 UTC] PHP Warning:  Undefined variable $filter_creados_por_usuarios in /home/u303404040/domains/ciclodevida.mx/public_html/conjuntos.php on line 417
[07-May-2026 04:06:56 UTC] PHP Warning:  Undefined variable $filter_creados_por_usuarios in /home/u303404040/domains/ciclodevida.mx/public_html/conjuntos.php on line 417
[07-May-2026 04:06:56 UTC] PHP Warning:  Undefined variable $filter_creados_por_usuarios in /home/u303404040/domains/ciclodevida.mx/public_html/conjuntos.php on line 417
[07-May-2026 04:07:05 UTC] PHP Warning:  Undefined variable $filter_creados_por_usuarios in /home/u303404040/domains/ciclodevida.mx/public_html/conjuntos.php on line 417
[07-May-2026 04:07:50 UTC] === DEBUG DATA QUALITY ===
[07-May-2026 04:07:50 UTC] UUID: 7444dabb-556d-4d1e-abba-8f4b40297e47
[07-May-2026 04:07:50 UTC] Total registros: 0
[07-May-2026 04:07:50 UTC] Datos: Array
(
)

[07-May-2026 04:07:50 UTC] Aviso: 'exchanges' no existe en u303404040_BASE_ACV_LCA; se omite sección opcional.
[07-May-2026 04:07:57 UTC] PHP Warning:  Undefined variable $filter_creados_por_usuarios in /home/u303404040/domains/ciclodevida.mx/public_html/conjuntos.php on line 417
[07-May-2026 04:08:02 UTC] === DEBUG DATA QUALITY ===
[07-May-2026 04:08:02 UTC] UUID: 132cb839-429e-306d-a583-bdab8c51d209
[07-May-2026 04:08:02 UTC] Total registros: 0
[07-May-2026 04:08:02 UTC] Datos: Array
(
)

[07-May-2026 04:08:02 UTC] Aviso: 'exchanges' no existe en u303404040_BASE_ACV_LCA; se omite sección opcional.
[07-May-2026 04:08:14 UTC] === DEBUG DATA QUALITY ===
[07-May-2026 04:08:14 UTC] UUID: 9966694d-0c43-42f7-9b3b-b1f238a2f4ef
[07-May-2026 04:08:14 UTC] Total registros: 0
[07-May-2026 04:08:14 UTC] Datos: Array
(
)

[07-May-2026 04:08:14 UTC] Aviso: 'exchanges' no existe en u303404040_BASE_ACV_LCA; se omite sección opcional.
[07-May-2026 04:08:21 UTC] === DEBUG DATA QUALITY ===
[07-May-2026 04:08:21 UTC] UUID: 7be5617f-33cd-4a4c-9d4c-5a9a5cdaa09f
[07-May-2026 04:08:21 UTC] Total registros: 0
[07-May-2026 04:08:21 UTC] Datos: Array
(
)

[07-May-2026 04:08:21 UTC] Aviso: 'exchanges' no existe en u303404040_BASE_ACV_LCA; se omite sección opcional.
[07-May-2026 04:08:42 UTC] === DEBUG DATA QUALITY ===
[07-May-2026 04:08:42 UTC] UUID: 9966694d-0c43-42f7-9b3b-b1f238a2f4ef
[07-May-2026 04:08:42 UTC] Total registros: 0
[07-May-2026 04:08:42 UTC] Datos: Array
(
)

[07-May-2026 04:08:42 UTC] Aviso: 'exchanges' no existe en u303404040_BASE_ACV_LCA; se omite sección opcional.
[07-May-2026 04:08:50 UTC] === DEBUG DATA QUALITY ===
[07-May-2026 04:08:50 UTC] UUID: 9966694d-0c43-42f7-9b3b-b1f238a2f4ef
[07-May-2026 04:08:50 UTC] Total registros: 0
[07-May-2026 04:08:50 UTC] Datos: Array
(
)

[07-May-2026 04:08:50 UTC] Aviso: 'exchanges' no existe en u303404040_BASE_ACV_LCA; se omite sección opcional.
[07-May-2026 04:10:05 UTC] PHP Warning:  Undefined variable $filter_creados_por_usuarios in /home/u303404040/domains/ciclodevida.mx/public_html/conjuntos.php on line 417
[07-May-2026 04:10:05 UTC] PHP Warning:  Undefined variable $filter_creados_por_usuarios in /home/u303404040/domains/ciclodevida.mx/public_html/conjuntos.php on line 417
[07-May-2026 04:10:36 UTC] PHP Warning:  Undefined variable $filter_creados_por_usuarios in /home/u303404040/domains/ciclodevida.mx/public_html/conjuntos.php on line 417
[07-May-2026 04:10:36 UTC] PHP Warning:  Undefined variable $filter_creados_por_usuarios in /home/u303404040/domains/ciclodevida.mx/public_html/conjuntos.php on line 417
[07-May-2026 04:11:02 UTC] === DEBUG DATA QUALITY ===
[07-May-2026 04:11:02 UTC] UUID: 8b9997d8-c2b1-3244-bdb8-7be386373db8
[07-May-2026 04:11:02 UTC] Total registros: 0
[07-May-2026 04:11:02 UTC] Datos: Array
(
)

[07-May-2026 04:11:03 UTC] Aviso: 'exchanges' no existe en u303404040_BASE_ACV_LCA; se omite sección opcional.
[07-May-2026 04:11:10 UTC] === DEBUG DATA QUALITY ===
[07-May-2026 04:11:10 UTC] UUID: 8b9997d8-c2b1-3244-bdb8-7be386373db8
[07-May-2026 04:11:10 UTC] Total registros: 0
[07-May-2026 04:11:10 UTC] Datos: Array
(
)

[07-May-2026 04:11:10 UTC] Aviso: 'exchanges' no existe en u303404040_BASE_ACV_LCA; se omite sección opcional.
[07-May-2026 04:11:25 UTC] === DEBUG DATA QUALITY ===
[07-May-2026 04:11:25 UTC] UUID: 8b9997d8-c2b1-3244-bdb8-7be386373db8
[07-May-2026 04:11:25 UTC] Total registros: 0
[07-May-2026 04:11:25 UTC] Datos: Array
(
)

[07-May-2026 04:11:25 UTC] Aviso: 'exchanges' no existe en u303404040_BASE_ACV_LCA; se omite sección opcional.
[07-May-2026 04:12:05 UTC] PHP Warning:  Undefined variable $filter_creados_por_usuarios in /home/u303404040/domains/ciclodevida.mx/public_html/conjuntos.php on line 417
[07-May-2026 04:12:05 UTC] PHP Warning:  Undefined variable $filter_creados_por_usuarios in /home/u303404040/domains/ciclodevida.mx/public_html/conjuntos.php on line 417
[07-May-2026 04:12:40 UTC] PHP Warning:  Undefined variable $filter_creados_por_usuarios in /home/u303404040/domains/ciclodevida.mx/public_html/conjuntos.php on line 417
[07-May-2026 04:12:40 UTC] PHP Warning:  Undefined variable $filter_creados_por_usuarios in /home/u303404040/domains/ciclodevida.mx/public_html/conjuntos.php on line 417
[07-May-2026 04:13:05 UTC] === DEBUG DATA QUALITY ===
[07-May-2026 04:13:05 UTC] UUID: d7cc190b-f94e-31bc-869d-1ff00265dbe1
[07-May-2026 04:13:05 UTC] Total registros: 0
[07-May-2026 04:13:05 UTC] Datos: Array
(
)

[07-May-2026 04:13:05 UTC] Aviso: 'exchanges' no existe en u303404040_BASE_ACV_LCA; se omite sección opcional.
[07-May-2026 04:13:48 UTC] === DEBUG DATA QUALITY ===
[07-May-2026 04:13:48 UTC] UUID: 37438604-4465-497b-ab86-e4b6af017fcc
[07-May-2026 04:13:48 UTC] Total registros: 0
[07-May-2026 04:13:48 UTC] Datos: Array
(
)

[07-May-2026 04:13:48 UTC] Aviso: 'exchanges' no existe en u303404040_BASE_ACV_LCA; se omite sección opcional.
[07-May-2026 04:14:17 UTC] === DEBUG DATA QUALITY ===
[07-May-2026 04:14:17 UTC] UUID: 07777d69-deb4-48c9-8cf6-e70cffeb5e33
[07-May-2026 04:14:17 UTC] Total registros: 0
[07-May-2026 04:14:17 UTC] Datos: Array
(
)

[07-May-2026 04:14:17 UTC] Aviso: 'exchanges' no existe en u303404040_BASE_ACV_LCA; se omite sección opcional.
[07-May-2026 04:14:52 UTC] PHP Warning:  Undefined variable $filter_creados_por_usuarios in /home/u303404040/domains/ciclodevida.mx/public_html/conjuntos.php on line 417
[07-May-2026 04:14:52 UTC] PHP Warning:  Undefined variable $filter_creados_por_usuarios in /home/u303404040/domains/ciclodevida.mx/public_html/conjuntos.php on line 417
[07-May-2026 04:14:57 UTC] === DEBUG DATA QUALITY ===
[07-May-2026 04:14:57 UTC] UUID: 07777d69-deb4-48c9-8cf6-e70cffeb5e33
[07-May-2026 04:14:57 UTC] Total registros: 0
[07-May-2026 04:14:57 UTC] Datos: Array
(
)

[07-May-2026 04:14:57 UTC] Aviso: 'exchanges' no existe en u303404040_BASE_ACV_LCA; se omite sección opcional.
[07-May-2026 04:15:13 UTC] PHP Warning:  Undefined variable $filter_creados_por_usuarios in /home/u303404040/domains/ciclodevida.mx/public_html/conjuntos.php on line 417
[07-May-2026 04:15:13 UTC] PHP Warning:  Undefined variable $filter_creados_por_usuarios in /home/u303404040/domains/ciclodevida.mx/public_html/conjuntos.php on line 417
[07-May-2026 04:16:45 UTC] === DEBUG DATA QUALITY ===
[07-May-2026 04:16:45 UTC] UUID: c5ed7375-3441-4d02-a0c9-1c755e0823ff
[07-May-2026 04:16:45 UTC] Total registros: 0
[07-May-2026 04:16:45 UTC] Datos: Array
(
)

[07-May-2026 04:16:45 UTC] Aviso: 'exchanges' no existe en u303404040_BASE_ACV_LCA; se omite sección opcional.
[07-May-2026 04:17:01 UTC] === DEBUG DATA QUALITY ===
[07-May-2026 04:17:01 UTC] UUID: 73939ab0-9c98-4246-be26-03fa24e9fe5a
[07-May-2026 04:17:01 UTC] Total registros: 0
[07-May-2026 04:17:01 UTC] Datos: Array
(
)

[07-May-2026 04:17:01 UTC] Aviso: 'exchanges' no existe en u303404040_BASE_ACV_LCA; se omite sección opcional.
[07-May-2026 04:17:07 UTC] === DEBUG DATA QUALITY ===
[07-May-2026 04:17:07 UTC] UUID: fc3bbefd-13e0-40b1-a97e-6f405ae46ff2
[07-May-2026 04:17:07 UTC] Total registros: 0
[07-May-2026 04:17:07 UTC] Datos: Array
(
)

[07-May-2026 04:17:07 UTC] Aviso: 'exchanges' no existe en u303404040_BASE_ACV_LCA; se omite sección opcional.
[07-May-2026 04:17:25 UTC] PHP Warning:  Undefined variable $filter_creados_por_usuarios in /home/u303404040/domains/ciclodevida.mx/public_html/conjuntos.php on line 417
[07-May-2026 04:17:25 UTC] PHP Warning:  Undefined variable $filter_creados_por_usuarios in /home/u303404040/domains/ciclodevida.mx/public_html/conjuntos.php on line 417
[07-May-2026 04:17:45 UTC] === DEBUG DATA QUALITY ===
[07-May-2026 04:17:45 UTC] UUID: 5304b2ea-b086-4aec-83fd-d5d70a1b236b
[07-May-2026 04:17:45 UTC] Total registros: 0
[07-May-2026 04:17:45 UTC] Datos: Array
(
)

[07-May-2026 04:17:45 UTC] Aviso: 'exchanges' no existe en u303404040_BASE_ACV_LCA; se omite sección opcional.
[07-May-2026 04:18:29 UTC] PHP Warning:  Undefined variable $filter_creados_por_usuarios in /home/u303404040/domains/ciclodevida.mx/public_html/conjuntos.php on line 417
[07-May-2026 04:18:29 UTC] PHP Warning:  Undefined variable $filter_creados_por_usuarios in /home/u303404040/domains/ciclodevida.mx/public_html/conjuntos.php on line 417
[07-May-2026 04:18:42 UTC] === DEBUG DATA QUALITY ===
[07-May-2026 04:18:42 UTC] UUID: eb3147a3-0913-49fc-8d1f-2848b3f1e474
[07-May-2026 04:18:42 UTC] Total registros: 0
[07-May-2026 04:18:42 UTC] Datos: Array
(
)

[07-May-2026 04:18:42 UTC] Aviso: 'exchanges' no existe en u303404040_BASE_ACV_LCA; se omite sección opcional.
[07-May-2026 04:18:48 UTC] === DEBUG DATA QUALITY ===
[07-May-2026 04:18:48 UTC] UUID: adf308f9-3208-453b-a216-9844c54a4a36
[07-May-2026 04:18:48 UTC] Total registros: 0
[07-May-2026 04:18:48 UTC] Datos: Array
(
)

[07-May-2026 04:18:48 UTC] Aviso: 'exchanges' no existe en u303404040_BASE_ACV_LCA; se omite sección opcional.
[07-May-2026 04:19:17 UTC] PHP Warning:  Undefined variable $filter_creados_por_usuarios in /home/u303404040/domains/ciclodevida.mx/public_html/conjuntos.php on line 417
[07-May-2026 04:19:17 UTC] PHP Warning:  Undefined variable $filter_creados_por_usuarios in /home/u303404040/domains/ciclodevida.mx/public_html/conjuntos.php on line 417
[07-May-2026 04:20:15 UTC] === DEBUG DATA QUALITY ===
[07-May-2026 04:20:15 UTC] UUID: a12ed0ff-037b-4b6c-aeaa-23e5633627a3
[07-May-2026 04:20:15 UTC] Total registros: 0
[07-May-2026 04:20:15 UTC] Datos: Array
(
)

[07-May-2026 04:20:15 UTC] Aviso: 'exchanges' no existe en u303404040_BASE_ACV_LCA; se omite sección opcional.
[07-May-2026 04:20:27 UTC] === DEBUG DATA QUALITY ===
[07-May-2026 04:20:27 UTC] UUID: 2641962a-1ff0-4253-8cc2-c49f51758ba2
[07-May-2026 04:20:27 UTC] Total registros: 0
[07-May-2026 04:20:27 UTC] Datos: Array
(
)

[07-May-2026 04:20:27 UTC] Aviso: 'exchanges' no existe en u303404040_BASE_ACV_LCA; se omite sección opcional.
[07-May-2026 04:20:31 UTC] === DEBUG DATA QUALITY ===
[07-May-2026 04:20:31 UTC] UUID: 7caceef8-4a97-3de3-97fb-53241bdc8448
[07-May-2026 04:20:31 UTC] Total registros: 0
[07-May-2026 04:20:31 UTC] Datos: Array
(
)

[07-May-2026 04:20:31 UTC] Aviso: 'exchanges' no existe en u303404040_BASE_ACV_LCA; se omite sección opcional.
[07-May-2026 04:20:38 UTC] === DEBUG DATA QUALITY ===
[07-May-2026 04:20:38 UTC] UUID: bd701788-e81f-4978-9e29-d96d4d29c48c
[07-May-2026 04:20:38 UTC] Total registros: 0
[07-May-2026 04:20:38 UTC] Datos: Array
(
)

[07-May-2026 04:20:38 UTC] Aviso: 'exchanges' no existe en u303404040_BASE_ACV_LCA; se omite sección opcional.
[07-May-2026 04:20:44 UTC] === DEBUG DATA QUALITY ===
[07-May-2026 04:20:44 UTC] UUID: bd701788-e81f-4978-9e29-d96d4d29c48c
[07-May-2026 04:20:44 UTC] Total registros: 0
[07-May-2026 04:20:44 UTC] Datos: Array
(
)

[07-May-2026 04:20:44 UTC] Aviso: 'exchanges' no existe en u303404040_BASE_ACV_LCA; se omite sección opcional.
[07-May-2026 04:20:51 UTC] === DEBUG DATA QUALITY ===
[07-May-2026 04:20:51 UTC] UUID: 2bcb11a8-8593-4372-99ea-be820088cf84
[07-May-2026 04:20:51 UTC] Total registros: 0
[07-May-2026 04:20:51 UTC] Datos: Array
(
)

[07-May-2026 04:20:51 UTC] Aviso: 'exchanges' no existe en u303404040_BASE_ACV_LCA; se omite sección opcional.
[07-May-2026 04:21:53 UTC] === DEBUG DATA QUALITY ===
[07-May-2026 04:21:53 UTC] UUID: 2bcb11a8-8593-4372-99ea-be820088cf84
[07-May-2026 04:21:53 UTC] Total registros: 0
[07-May-2026 04:21:53 UTC] Datos: Array
(
)

[07-May-2026 04:21:53 UTC] Aviso: 'exchanges' no existe en u303404040_BASE_ACV_LCA; se omite sección opcional.
[07-May-2026 04:22:24 UTC] === DEBUG DATA QUALITY ===
[07-May-2026 04:22:24 UTC] UUID: f1ee34e9-45af-4af2-9256-6b8684f4d932
[07-May-2026 04:22:24 UTC] Total registros: 0
[07-May-2026 04:22:24 UTC] Datos: Array
(
)

[07-May-2026 04:22:24 UTC] Aviso: 'exchanges' no existe en u303404040_BASE_ACV_LCA; se omite sección opcional.
[07-May-2026 04:22:45 UTC] === DEBUG DATA QUALITY ===
[07-May-2026 04:22:45 UTC] UUID: fc3bbefd-13e0-40b1-a97e-6f405ae46ff2
[07-May-2026 04:22:45 UTC] Total registros: 0
[07-May-2026 04:22:45 UTC] Datos: Array
(
)

[07-May-2026 04:22:45 UTC] Aviso: 'exchanges' no existe en u303404040_BASE_ACV_LCA; se omite sección opcional.
[07-May-2026 04:26:17 UTC] === DEBUG DATA QUALITY ===
[07-May-2026 04:26:17 UTC] UUID: 2641962a-1ff0-4253-8cc2-c49f51758ba2
[07-May-2026 04:26:17 UTC] Total registros: 0
[07-May-2026 04:26:17 UTC] Datos: Array
(
)

[07-May-2026 04:26:17 UTC] Aviso: 'exchanges' no existe en u303404040_BASE_ACV_LCA; se omite sección opcional.
[07-May-2026 04:34:26 UTC] === DEBUG DATA QUALITY ===
[07-May-2026 04:34:26 UTC] UUID: 37438604-4465-497b-ab86-e4b6af017fcc
[07-May-2026 04:34:26 UTC] Total registros: 0
[07-May-2026 04:34:26 UTC] Datos: Array
(
)

[07-May-2026 04:34:26 UTC] Aviso: 'exchanges' no existe en u303404040_BASE_ACV_LCA; se omite sección opcional.
[07-May-2026 04:34:52 UTC] === DEBUG DATA QUALITY ===
[07-May-2026 04:34:52 UTC] UUID: fc3bbefd-13e0-40b1-a97e-6f405ae46ff2
[07-May-2026 04:34:52 UTC] Total registros: 0
[07-May-2026 04:34:52 UTC] Datos: Array
(
)

[07-May-2026 04:34:52 UTC] Aviso: 'exchanges' no existe en u303404040_BASE_ACV_LCA; se omite sección opcional.
[07-May-2026 04:35:06 UTC] PHP Warning:  Undefined variable $filter_creados_por_usuarios in /home/u303404040/domains/ciclodevida.mx/public_html/conjuntos.php on line 417
[07-May-2026 04:35:06 UTC] PHP Warning:  Undefined variable $filter_creados_por_usuarios in /home/u303404040/domains/ciclodevida.mx/public_html/conjuntos.php on line 417
[07-May-2026 04:41:33 UTC] PHP Warning:  Undefined variable $filter_creados_por_usuarios in /home/u303404040/domains/ciclodevida.mx/public_html/conjuntos.php on line 417
[07-May-2026 04:41:33 UTC] PHP Warning:  Undefined variable $filter_creados_por_usuarios in /home/u303404040/domains/ciclodevida.mx/public_html/conjuntos.php on line 417
[07-May-2026 04:42:16 UTC] === DEBUG DATA QUALITY ===
[07-May-2026 04:42:16 UTC] UUID: 6a130217-485d-4c65-a947-a9653fc1dd14
[07-May-2026 04:42:16 UTC] Total registros: 0
[07-May-2026 04:42:16 UTC] Datos: Array
(
)

[07-May-2026 04:42:16 UTC] Aviso: 'exchanges' no existe en u303404040_BASE_ACV_LCA; se omite sección opcional.
[07-May-2026 04:42:51 UTC] PHP Warning:  Undefined variable $filter_creados_por_usuarios in /home/u303404040/domains/ciclodevida.mx/public_html/conjuntos.php on line 417
[07-May-2026 04:42:51 UTC] PHP Warning:  Undefined variable $filter_creados_por_usuarios in /home/u303404040/domains/ciclodevida.mx/public_html/conjuntos.php on line 417
[07-May-2026 04:42:56 UTC] === DEBUG DATA QUALITY ===
[07-May-2026 04:42:56 UTC] UUID: 6a130217-485d-4c65-a947-a9653fc1dd14
[07-May-2026 04:42:56 UTC] Total registros: 0
[07-May-2026 04:42:56 UTC] Datos: Array
(
)

[07-May-2026 04:42:56 UTC] Aviso: 'exchanges' no existe en u303404040_BASE_ACV_LCA; se omite sección opcional.
[07-May-2026 04:43:20 UTC] PHP Warning:  Undefined variable $filter_creados_por_usuarios in /home/u303404040/domains/ciclodevida.mx/public_html/conjuntos.php on line 417
[07-May-2026 04:43:20 UTC] PHP Warning:  Undefined variable $filter_creados_por_usuarios in /home/u303404040/domains/ciclodevida.mx/public_html/conjuntos.php on line 417
[07-May-2026 04:43:26 UTC] === DEBUG DATA QUALITY ===
[07-May-2026 04:43:26 UTC] UUID: 2641962a-1ff0-4253-8cc2-c49f51758ba2
[07-May-2026 04:43:26 UTC] Total registros: 0
[07-May-2026 04:43:26 UTC] Datos: Array
(
)

[07-May-2026 04:43:26 UTC] Aviso: 'exchanges' no existe en u303404040_BASE_ACV_LCA; se omite sección opcional.
[07-May-2026 04:43:35 UTC] === DEBUG DATA QUALITY ===
[07-May-2026 04:43:35 UTC] UUID: 7be5617f-33cd-4a4c-9d4c-5a9a5cdaa09f
[07-May-2026 04:43:35 UTC] Total registros: 0
[07-May-2026 04:43:35 UTC] Datos: Array
(
)

[07-May-2026 04:43:35 UTC] Aviso: 'exchanges' no existe en u303404040_BASE_ACV_LCA; se omite sección opcional.
[07-May-2026 04:45:15 UTC] PHP Warning:  Undefined variable $filter_creados_por_usuarios in /home/u303404040/domains/ciclodevida.mx/public_html/conjuntos.php on line 417
[07-May-2026 04:45:15 UTC] PHP Warning:  Undefined variable $filter_creados_por_usuarios in /home/u303404040/domains/ciclodevida.mx/public_html/conjuntos.php on line 417
[07-May-2026 04:45:37 UTC] PHP Warning:  Undefined variable $filter_creados_por_usuarios in /home/u303404040/domains/ciclodevida.mx/public_html/conjuntos.php on line 417
[07-May-2026 04:45:37 UTC] PHP Warning:  Undefined variable $filter_creados_por_usuarios in /home/u303404040/domains/ciclodevida.mx/public_html/conjuntos.php on line 417
[07-May-2026 04:45:44 UTC] === DEBUG DATA QUALITY ===
[07-May-2026 04:45:44 UTC] UUID: 7be5617f-33cd-4a4c-9d4c-5a9a5cdaa09f
[07-May-2026 04:45:44 UTC] Total registros: 0
[07-May-2026 04:45:44 UTC] Datos: Array
(
)

[07-May-2026 04:45:44 UTC] Aviso: 'exchanges' no existe en u303404040_BASE_ACV_LCA; se omite sección opcional.
[07-May-2026 04:46:10 UTC] === DEBUG DATA QUALITY ===
[07-May-2026 04:46:10 UTC] UUID: 9dde7b82-7b3f-45fa-b782-0fd50cf73f2c
[07-May-2026 04:46:10 UTC] Total registros: 0
[07-May-2026 04:46:10 UTC] Datos: Array
(
)

[07-May-2026 04:46:10 UTC] Aviso: 'exchanges' no existe en u303404040_BASE_ACV_LCA; se omite sección opcional.
[07-May-2026 04:46:16 UTC] PHP Warning:  Undefined variable $filter_creados_por_usuarios in /home/u303404040/domains/ciclodevida.mx/public_html/conjuntos.php on line 417
[07-May-2026 04:46:16 UTC] PHP Warning:  Undefined variable $filter_creados_por_usuarios in /home/u303404040/domains/ciclodevida.mx/public_html/conjuntos.php on line 417
[07-May-2026 04:46:46 UTC] === DEBUG DATA QUALITY ===
[07-May-2026 04:46:46 UTC] UUID: c63256e0-cee6-43a3-b9f4-7dfd9fc2ea32
[07-May-2026 04:46:46 UTC] Total registros: 0
[07-May-2026 04:46:46 UTC] Datos: Array
(
)

[07-May-2026 04:46:46 UTC] Aviso: 'exchanges' no existe en u303404040_BASE_ACV_LCA; se omite sección opcional.
[07-May-2026 04:47:21 UTC] PHP Warning:  Undefined variable $filter_creados_por_usuarios in /home/u303404040/domains/ciclodevida.mx/public_html/conjuntos.php on line 417
[07-May-2026 04:47:21 UTC] PHP Warning:  Undefined variable $filter_creados_por_usuarios in /home/u303404040/domains/ciclodevida.mx/public_html/conjuntos.php on line 417
[07-May-2026 04:47:32 UTC] === DEBUG DATA QUALITY ===
[07-May-2026 04:47:32 UTC] UUID: cca3268d-cf34-4fe6-b42b-e56a8fe23f5a
[07-May-2026 04:47:32 UTC] Total registros: 0
[07-May-2026 04:47:32 UTC] Datos: Array
(
)

[07-May-2026 04:47:32 UTC] Aviso: 'exchanges' no existe en u303404040_BASE_ACV_LCA; se omite sección opcional.
[07-May-2026 04:48:41 UTC] === DEBUG DATA QUALITY ===
[07-May-2026 04:48:41 UTC] UUID: 8fdea55d-fcd6-4c87-976c-af961beabdba
[07-May-2026 04:48:41 UTC] Total registros: 0
[07-May-2026 04:48:41 UTC] Datos: Array
(
)

[07-May-2026 04:48:41 UTC] Aviso: 'exchanges' no existe en u303404040_BASE_ACV_LCA; se omite sección opcional.
[07-May-2026 04:48:50 UTC] === DEBUG DATA QUALITY ===
[07-May-2026 04:48:50 UTC] UUID: 8fdea55d-fcd6-4c87-976c-af961beabdba
[07-May-2026 04:48:50 UTC] Total registros: 0
[07-May-2026 04:48:50 UTC] Datos: Array
(
)

[07-May-2026 04:48:50 UTC] Aviso: 'exchanges' no existe en u303404040_BASE_ACV_LCA; se omite sección opcional.
[07-May-2026 04:49:03 UTC] === DEBUG DATA QUALITY ===
[07-May-2026 04:49:03 UTC] UUID: c63256e0-cee6-43a3-b9f4-7dfd9fc2ea32
[07-May-2026 04:49:03 UTC] Total registros: 0
[07-May-2026 04:49:03 UTC] Datos: Array
(
)

[07-May-2026 04:49:03 UTC] Aviso: 'exchanges' no existe en u303404040_BASE_ACV_LCA; se omite sección opcional.
[07-May-2026 04:49:08 UTC] === DEBUG DATA QUALITY ===
[07-May-2026 04:49:08 UTC] UUID: c63256e0-cee6-43a3-b9f4-7dfd9fc2ea32
[07-May-2026 04:49:08 UTC] Total registros: 0
[07-May-2026 04:49:08 UTC] Datos: Array
(
)

[07-May-2026 04:49:08 UTC] Aviso: 'exchanges' no existe en u303404040_BASE_ACV_LCA; se omite sección opcional.
[07-May-2026 04:49:14 UTC] === DEBUG DATA QUALITY ===
[07-May-2026 04:49:14 UTC] UUID: cca3268d-cf34-4fe6-b42b-e56a8fe23f5a
[07-May-2026 04:49:14 UTC] Total registros: 0
[07-May-2026 04:49:14 UTC] Datos: Array
(
)

[07-May-2026 04:49:14 UTC] Aviso: 'exchanges' no existe en u303404040_BASE_ACV_LCA; se omite sección opcional.
[07-May-2026 04:49:18 UTC] === DEBUG DATA QUALITY ===
[07-May-2026 04:49:18 UTC] UUID: cca3268d-cf34-4fe6-b42b-e56a8fe23f5a
[07-May-2026 04:49:18 UTC] Total registros: 0
[07-May-2026 04:49:18 UTC] Datos: Array
(
)

[07-May-2026 04:49:18 UTC] Aviso: 'exchanges' no existe en u303404040_BASE_ACV_LCA; se omite sección opcional.
[07-May-2026 04:49:22 UTC] === DEBUG DATA QUALITY ===
[07-May-2026 04:49:22 UTC] UUID: 53aeceb5-a226-43cc-8d89-9ea03fb90109
[07-May-2026 04:49:22 UTC] Total registros: 0
[07-May-2026 04:49:22 UTC] Datos: Array
(
)

[07-May-2026 04:49:22 UTC] Aviso: 'exchanges' no existe en u303404040_BASE_ACV_LCA; se omite sección opcional.
[07-May-2026 04:49:29 UTC] === DEBUG DATA QUALITY ===
[07-May-2026 04:49:29 UTC] UUID: 53aeceb5-a226-43cc-8d89-9ea03fb90109
[07-May-2026 04:49:29 UTC] Total registros: 0
[07-May-2026 04:49:29 UTC] Datos: Array
(
)

[07-May-2026 04:49:29 UTC] Aviso: 'exchanges' no existe en u303404040_BASE_ACV_LCA; se omite sección opcional.
[07-May-2026 04:49:59 UTC] === DEBUG DATA QUALITY ===
[07-May-2026 04:49:59 UTC] UUID: 1dfe3d95-0c90-49a4-83f0-84177498f5b3
[07-May-2026 04:49:59 UTC] Total registros: 0
[07-May-2026 04:49:59 UTC] Datos: Array
(
)

[07-May-2026 04:49:59 UTC] Aviso: 'exchanges' no existe en u303404040_BASE_ACV_LCA; se omite sección opcional.
[07-May-2026 04:50:17 UTC] PHP Warning:  Undefined variable $filter_creados_por_usuarios in /home/u303404040/domains/ciclodevida.mx/public_html/conjuntos.php on line 417
[07-May-2026 04:50:17 UTC] PHP Warning:  Undefined variable $filter_creados_por_usuarios in /home/u303404040/domains/ciclodevida.mx/public_html/conjuntos.php on line 417
[07-May-2026 04:50:25 UTC] PHP Warning:  Undefined variable $filter_creados_por_usuarios in /home/u303404040/domains/ciclodevida.mx/public_html/conjuntos.php on line 417
[07-May-2026 04:50:37 UTC] === DEBUG DATA QUALITY ===
[07-May-2026 04:50:37 UTC] UUID: 9966694d-0c43-42f7-9b3b-b1f238a2f4ef
[07-May-2026 04:50:37 UTC] Total registros: 0
[07-May-2026 04:50:37 UTC] Datos: Array
(
)

[07-May-2026 04:50:37 UTC] Aviso: 'exchanges' no existe en u303404040_BASE_ACV_LCA; se omite sección opcional.
[07-May-2026 04:50:45 UTC] === DEBUG DATA QUALITY ===
[07-May-2026 04:50:45 UTC] UUID: 9966694d-0c43-42f7-9b3b-b1f238a2f4ef
[07-May-2026 04:50:45 UTC] Total registros: 0
[07-May-2026 04:50:45 UTC] Datos: Array
(
)

[07-May-2026 04:50:45 UTC] Aviso: 'exchanges' no existe en u303404040_BASE_ACV_LCA; se omite sección opcional.
[07-May-2026 04:55:48 UTC] PHP Warning:  Undefined variable $filter_creados_por_usuarios in /home/u303404040/domains/ciclodevida.mx/public_html/conjuntos.php on line 417
[07-May-2026 04:55:48 UTC] PHP Warning:  Undefined variable $filter_creados_por_usuarios in /home/u303404040/domains/ciclodevida.mx/public_html/conjuntos.php on line 417
[07-May-2026 04:55:56 UTC] PHP Warning:  Undefined variable $filter_creados_por_usuarios in /home/u303404040/domains/ciclodevida.mx/public_html/conjuntos.php on line 417
[07-May-2026 04:55:56 UTC] PHP Warning:  Undefined variable $filter_creados_por_usuarios in /home/u303404040/domains/ciclodevida.mx/public_html/conjuntos.php on line 417
[07-May-2026 04:56:17 UTC] PHP Warning:  Undefined variable $filter_creados_por_usuarios in /home/u303404040/domains/ciclodevida.mx/public_html/conjuntos.php on line 417
[07-May-2026 04:56:21 UTC] === DEBUG DATA QUALITY ===
[07-May-2026 04:56:21 UTC] UUID: 7be5617f-33cd-4a4c-9d4c-5a9a5cdaa09f
[07-May-2026 04:56:21 UTC] Total registros: 0
[07-May-2026 04:56:21 UTC] Datos: Array
(
)

[07-May-2026 04:56:21 UTC] Aviso: 'exchanges' no existe en u303404040_BASE_ACV_LCA; se omite sección opcional.
[07-May-2026 04:56:48 UTC] === DEBUG DATA QUALITY ===
[07-May-2026 04:56:48 UTC] UUID: d91a8124-8ddc-4a87-b593-596ccbe5889d
[07-May-2026 04:56:48 UTC] Total registros: 0
[07-May-2026 04:56:48 UTC] Datos: Array
(
)

[07-May-2026 04:56:48 UTC] Aviso: 'exchanges' no existe en u303404040_BASE_ACV_LCA; se omite sección opcional.
[07-May-2026 04:57:02 UTC] === DEBUG DATA QUALITY ===
[07-May-2026 04:57:02 UTC] UUID: 7444dabb-556d-4d1e-abba-8f4b40297e47
[07-May-2026 04:57:02 UTC] Total registros: 0
[07-May-2026 04:57:02 UTC] Datos: Array
(
)

[07-May-2026 04:57:02 UTC] Aviso: 'exchanges' no existe en u303404040_BASE_ACV_LCA; se omite sección opcional.
[07-May-2026 04:57:15 UTC] PHP Warning:  Undefined variable $filter_creados_por_usuarios in /home/u303404040/domains/ciclodevida.mx/public_html/conjuntos.php on line 417
[07-May-2026 04:57:15 UTC] PHP Warning:  Undefined variable $filter_creados_por_usuarios in /home/u303404040/domains/ciclodevida.mx/public_html/conjuntos.php on line 417
[07-May-2026 04:57:21 UTC] === DEBUG DATA QUALITY ===
[07-May-2026 04:57:21 UTC] UUID: e8ea6303-d77c-40d2-9818-4cab27af6871
[07-May-2026 04:57:21 UTC] Total registros: 0
[07-May-2026 04:57:21 UTC] Datos: Array
(
)

[07-May-2026 04:57:21 UTC] Aviso: 'exchanges' no existe en u303404040_BASE_ACV_LCA; se omite sección opcional.
[07-May-2026 04:57:39 UTC] PHP Warning:  Undefined variable $filter_creados_por_usuarios in /home/u303404040/domains/ciclodevida.mx/public_html/conjuntos.php on line 417
[07-May-2026 04:57:39 UTC] PHP Warning:  Undefined variable $filter_creados_por_usuarios in /home/u303404040/domains/ciclodevida.mx/public_html/conjuntos.php on line 417
[07-May-2026 04:58:20 UTC] PHP Warning:  Undefined variable $filter_creados_por_usuarios in /home/u303404040/domains/ciclodevida.mx/public_html/conjuntos.php on line 417
[07-May-2026 04:58:20 UTC] PHP Warning:  Undefined variable $filter_creados_por_usuarios in /home/u303404040/domains/ciclodevida.mx/public_html/conjuntos.php on line 417
[07-May-2026 04:58:34 UTC] === DEBUG DATA QUALITY ===
[07-May-2026 04:58:34 UTC] UUID: 5304b2ea-b086-4aec-83fd-d5d70a1b236b
[07-May-2026 04:58:34 UTC] Total registros: 0
[07-May-2026 04:58:34 UTC] Datos: Array
(
)

[07-May-2026 04:58:34 UTC] Aviso: 'exchanges' no existe en u303404040_BASE_ACV_LCA; se omite sección opcional.
[07-May-2026 04:58:46 UTC] PHP Warning:  Undefined variable $filter_creados_por_usuarios in /home/u303404040/domains/ciclodevida.mx/public_html/conjuntos.php on line 417
[07-May-2026 04:58:46 UTC] PHP Warning:  Undefined variable $filter_creados_por_usuarios in /home/u303404040/domains/ciclodevida.mx/public_html/conjuntos.php on line 417
[07-May-2026 04:58:53 UTC] === DEBUG DATA QUALITY ===
[07-May-2026 04:58:53 UTC] UUID: 7be5ff58-4ccf-473b-99da-02ad6174074f
[07-May-2026 04:58:53 UTC] Total registros: 0
[07-May-2026 04:58:53 UTC] Datos: Array
(
)

[07-May-2026 04:58:53 UTC] Aviso: 'exchanges' no existe en u303404040_BASE_ACV_LCA; se omite sección opcional.
[07-May-2026 04:59:01 UTC] === DEBUG DATA QUALITY ===
[07-May-2026 04:59:01 UTC] UUID: 7be5617f-33cd-4a4c-9d4c-5a9a5cdaa09f
[07-May-2026 04:59:01 UTC] Total registros: 0
[07-May-2026 04:59:01 UTC] Datos: Array
(
)

[07-May-2026 04:59:01 UTC] Aviso: 'exchanges' no existe en u303404040_BASE_ACV_LCA; se omite sección opcional.
[07-May-2026 04:59:29 UTC] PHP Warning:  Undefined variable $filter_creados_por_usuarios in /home/u303404040/domains/ciclodevida.mx/public_html/conjuntos.php on line 417
[07-May-2026 04:59:29 UTC] PHP Warning:  Undefined variable $filter_creados_por_usuarios in /home/u303404040/domains/ciclodevida.mx/public_html/conjuntos.php on line 417
[07-May-2026 04:59:43 UTC] === DEBUG DATA QUALITY ===
[07-May-2026 04:59:43 UTC] UUID: bd701788-e81f-4978-9e29-d96d4d29c48c
[07-May-2026 04:59:43 UTC] Total registros: 0
[07-May-2026 04:59:43 UTC] Datos: Array
(
)

[07-May-2026 04:59:43 UTC] Aviso: 'exchanges' no existe en u303404040_BASE_ACV_LCA; se omite sección opcional.
[07-May-2026 05:09:22 UTC] === DEBUG DATA QUALITY ===
[07-May-2026 05:09:22 UTC] UUID: c63256e0-cee6-43a3-b9f4-7dfd9fc2ea32
[07-May-2026 05:09:22 UTC] Total registros: 0
[07-May-2026 05:09:22 UTC] Datos: Array
(
)

[07-May-2026 05:09:22 UTC] Aviso: 'exchanges' no existe en u303404040_BASE_ACV_LCA; se omite sección opcional.
[07-May-2026 05:10:15 UTC] PHP Warning:  Undefined variable $filter_creados_por_usuarios in /home/u303404040/domains/ciclodevida.mx/public_html/conjuntos.php on line 417
[07-May-2026 05:10:15 UTC] PHP Warning:  Undefined variable $filter_creados_por_usuarios in /home/u303404040/domains/ciclodevida.mx/public_html/conjuntos.php on line 417
[07-May-2026 05:10:22 UTC] PHP Warning:  Undefined variable $filter_creados_por_usuarios in /home/u303404040/domains/ciclodevida.mx/public_html/conjuntos.php on line 417
[07-May-2026 05:10:22 UTC] PHP Warning:  Undefined variable $filter_creados_por_usuarios in /home/u303404040/domains/ciclodevida.mx/public_html/conjuntos.php on line 417
[07-May-2026 05:10:38 UTC] === DEBUG DATA QUALITY ===
[07-May-2026 05:10:38 UTC] UUID: 8fdea55d-fcd6-4c87-976c-af961beabdba
[07-May-2026 05:10:38 UTC] Total registros: 0
[07-May-2026 05:10:38 UTC] Datos: Array
(
)

[07-May-2026 05:10:38 UTC] Aviso: 'exchanges' no existe en u303404040_BASE_ACV_LCA; se omite sección opcional.
[07-May-2026 05:13:09 UTC] === DEBUG DATA QUALITY ===
[07-May-2026 05:13:09 UTC] UUID: 8fdea55d-fcd6-4c87-976c-af961beabdba
[07-May-2026 05:13:09 UTC] Total registros: 0
[07-May-2026 05:13:09 UTC] Datos: Array
(
)

[07-May-2026 05:13:09 UTC] Aviso: 'exchanges' no existe en u303404040_BASE_ACV_LCA; se omite sección opcional.
[07-May-2026 05:46:17 UTC] === DEBUG DATA QUALITY ===
[07-May-2026 05:46:17 UTC] UUID: 7caceef8-4a97-3de3-97fb-53241bdc8448
[07-May-2026 05:46:17 UTC] Total registros: 0
[07-May-2026 05:46:17 UTC] Datos: Array
(
)

[07-May-2026 05:46:17 UTC] Aviso: 'exchanges' no existe en u303404040_BASE_ACV_LCA; se omite sección opcional.
[07-May-2026 05:46:52 UTC] PHP Warning:  Undefined variable $filter_creados_por_usuarios in /home/u303404040/domains/ciclodevida.mx/public_html/conjuntos.php on line 417
[07-May-2026 05:46:52 UTC] PHP Warning:  Undefined variable $filter_creados_por_usuarios in /home/u303404040/domains/ciclodevida.mx/public_html/conjuntos.php on line 417
[07-May-2026 05:47:36 UTC] PHP Warning:  Undefined variable $filter_creados_por_usuarios in /home/u303404040/domains/ciclodevida.mx/public_html/conjuntos.php on line 417
[07-May-2026 05:47:36 UTC] PHP Warning:  Undefined variable $filter_creados_por_usuarios in /home/u303404040/domains/ciclodevida.mx/public_html/conjuntos.php on line 417
[07-May-2026 09:46:13 UTC] === DEBUG DATA QUALITY ===
[07-May-2026 09:46:13 UTC] UUID: daaa5572-56c2-46f5-84da-d72c890bf945
[07-May-2026 09:46:13 UTC] Total registros: 0
[07-May-2026 09:46:13 UTC] Datos: Array
(
)

[07-May-2026 09:46:13 UTC] Aviso: 'exchanges' no existe en u303404040_BASE_ACV_LCA; se omite sección opcional.
[07-May-2026 11:10:19 UTC] PHP Warning:  Undefined variable $filter_creados_por_usuarios in /home/u303404040/domains/ciclodevida.mx/public_html/conjuntos.php on line 417
[07-May-2026 14:47:29 UTC] === DEBUG DATA QUALITY ===
[07-May-2026 14:47:29 UTC] UUID: 2bcb11a8-8593-4372-99ea-be820088cf84
[07-May-2026 14:47:29 UTC] Total registros: 0
[07-May-2026 14:47:29 UTC] Datos: Array
(
)

[07-May-2026 14:47:29 UTC] Aviso: 'exchanges' no existe en u303404040_BASE_ACV_LCA; se omite sección opcional.
[07-May-2026 14:48:16 UTC] PHP Warning:  Undefined variable $filter_creados_por_usuarios in /home/u303404040/domains/ciclodevida.mx/public_html/conjuntos.php on line 417
[07-May-2026 14:48:16 UTC] PHP Warning:  Undefined variable $filter_creados_por_usuarios in /home/u303404040/domains/ciclodevida.mx/public_html/conjuntos.php on line 417
[07-May-2026 14:48:27 UTC] === DEBUG DATA QUALITY ===
[07-May-2026 14:48:27 UTC] UUID: 7be5617f-33cd-4a4c-9d4c-5a9a5cdaa09f
[07-May-2026 14:48:27 UTC] Total registros: 0
[07-May-2026 14:48:27 UTC] Datos: Array
(
)

[07-May-2026 14:48:27 UTC] Aviso: 'exchanges' no existe en u303404040_BASE_ACV_LCA; se omite sección opcional.
[07-May-2026 14:48:57 UTC] === DEBUG DATA QUALITY ===
[07-May-2026 14:48:57 UTC] UUID: c63256e0-cee6-43a3-b9f4-7dfd9fc2ea32
[07-May-2026 14:48:57 UTC] Total registros: 0
[07-May-2026 14:48:57 UTC] Datos: Array
(
)

[07-May-2026 14:48:57 UTC] Aviso: 'exchanges' no existe en u303404040_BASE_ACV_LCA; se omite sección opcional.
[07-May-2026 14:49:52 UTC] === DEBUG DATA QUALITY ===
[07-May-2026 14:49:52 UTC] UUID: 8fdea55d-fcd6-4c87-976c-af961beabdba
[07-May-2026 14:49:52 UTC] Total registros: 0
[07-May-2026 14:49:52 UTC] Datos: Array
(
)

[07-May-2026 14:49:52 UTC] Aviso: 'exchanges' no existe en u303404040_BASE_ACV_LCA; se omite sección opcional.
[08-May-2026 02:22:37 UTC] PHP Warning:  Undefined variable $filter_creados_por_usuarios in /home/u303404040/domains/ciclodevida.mx/public_html/conjuntos.php on line 417
[08-May-2026 12:43:15 UTC] PHP Warning:  Undefined variable $filter_creados_por_usuarios in /home/u303404040/domains/ciclodevida.mx/public_html/conjuntos.php on line 417
[08-May-2026 15:25:05 UTC] === DEBUG DATA QUALITY ===
[08-May-2026 15:25:05 UTC] UUID: 2bcb11a8-8593-4372-99ea-be820088cf84
[08-May-2026 15:25:05 UTC] Total registros: 0
[08-May-2026 15:25:05 UTC] Datos: Array
(
)

[08-May-2026 15:25:05 UTC] Aviso: 'exchanges' no existe en u303404040_BASE_ACV_LCA; se omite sección opcional.
[08-May-2026 15:26:38 UTC] === DEBUG DATA QUALITY ===
[08-May-2026 15:26:38 UTC] UUID: 7be5617f-33cd-4a4c-9d4c-5a9a5cdaa09f
[08-May-2026 15:26:38 UTC] Total registros: 0
[08-May-2026 15:26:38 UTC] Datos: Array
(
)

[08-May-2026 15:26:38 UTC] Aviso: 'exchanges' no existe en u303404040_BASE_ACV_LCA; se omite sección opcional.
[08-May-2026 15:28:17 UTC] === DEBUG DATA QUALITY ===
[08-May-2026 15:28:17 UTC] UUID: c63256e0-cee6-43a3-b9f4-7dfd9fc2ea32
[08-May-2026 15:28:17 UTC] Total registros: 0
[08-May-2026 15:28:17 UTC] Datos: Array
(
)

[08-May-2026 15:28:17 UTC] Aviso: 'exchanges' no existe en u303404040_BASE_ACV_LCA; se omite sección opcional.
[08-May-2026 15:29:32 UTC] === DEBUG DATA QUALITY ===
[08-May-2026 15:29:32 UTC] UUID: 8fdea55d-fcd6-4c87-976c-af961beabdba
[08-May-2026 15:29:32 UTC] Total registros: 0
[08-May-2026 15:29:32 UTC] Datos: Array
(
)

[08-May-2026 15:29:32 UTC] Aviso: 'exchanges' no existe en u303404040_BASE_ACV_LCA; se omite sección opcional.
[09-May-2026 04:40:41 UTC] PHP Warning:  Undefined variable $filter_creados_por_usuarios in /home/u303404040/domains/ciclodevida.mx/public_html/conjuntos.php on line 417
[09-May-2026 09:44:29 UTC] PHP Warning:  Undefined variable $filter_creados_por_usuarios in /home/u303404040/domains/ciclodevida.mx/public_html/conjuntos.php on line 417
[09-May-2026 11:29:32 UTC] PHP Warning:  Undefined variable $filter_creados_por_usuarios in /home/u303404040/domains/ciclodevida.mx/public_html/conjuntos.php on line 417
[09-May-2026 14:07:07 UTC] PHP Warning:  Undefined variable $filter_creados_por_usuarios in /home/u303404040/domains/ciclodevida.mx/public_html/conjuntos.php on line 417
[09-May-2026 23:21:31 UTC] === DEBUG DATA QUALITY ===
[09-May-2026 23:21:31 UTC] UUID: 09cd67d1-1ba3-4559-b76a-2b40a9778b24
[09-May-2026 23:21:31 UTC] Total registros: 0
[09-May-2026 23:21:31 UTC] Datos: Array
(
)

[09-May-2026 23:21:31 UTC] Aviso: 'exchanges' no existe en u303404040_BASE_ACV_LCA; se omite sección opcional.
[10-May-2026 00:46:29 UTC] PHP Warning:  Undefined variable $filter_creados_por_usuarios in /home/u303404040/domains/ciclodevida.mx/public_html/conjuntos.php on line 417
[10-May-2026 11:24:01 UTC] PHP Warning:  Undefined variable $filter_creados_por_usuarios in /home/u303404040/domains/ciclodevida.mx/public_html/conjuntos.php on line 417
[10-May-2026 13:59:14 UTC] === DEBUG DATA QUALITY ===
[10-May-2026 13:59:14 UTC] UUID: 8d35f22a-e41f-479a-be66-d3f7aa64da45
[10-May-2026 13:59:14 UTC] Total registros: 0
[10-May-2026 13:59:14 UTC] Datos: Array
(
)

[10-May-2026 13:59:14 UTC] Aviso: 'exchanges' no existe en u303404040_BASE_ACV_LCA; se omite sección opcional.
[11-May-2026 01:44:55 UTC] PHP Warning:  Undefined variable $filter_creados_por_usuarios in /home/u303404040/domains/ciclodevida.mx/public_html/conjuntos.php on line 417
[11-May-2026 01:44:56 UTC] PHP Warning:  Undefined variable $filter_creados_por_usuarios in /home/u303404040/domains/ciclodevida.mx/public_html/conjuntos.php on line 417
[14-May-2026 00:41:19 UTC] === DEBUG DATA QUALITY ===
[14-May-2026 00:41:19 UTC] UUID: 37438604-4465-497b-ab86-e4b6af017fcc
[14-May-2026 00:41:19 UTC] Total registros: 0
[14-May-2026 00:41:19 UTC] Datos: Array
(
)

[14-May-2026 00:41:19 UTC] Aviso: 'exchanges' no existe en u303404040_BASE_ACV_LCA; se omite sección opcional.
[15-May-2026 23:26:38 UTC] === DEBUG DATA QUALITY ===
[15-May-2026 23:26:38 UTC] UUID: f6240253-007e-48f6-9615-ff86477c3a67
[15-May-2026 23:26:38 UTC] Total registros: 0
[15-May-2026 23:26:38 UTC] Datos: Array
(
)

[15-May-2026 23:26:38 UTC] Aviso: 'exchanges' no existe en u303404040_BASE_ACV_LCA; se omite sección opcional.
[17-May-2026 00:11:48 UTC] === DEBUG DATA QUALITY ===
[17-May-2026 00:11:48 UTC] UUID: 6c667ca1-e180-4e01-a13a-f10d0821cacd
[17-May-2026 00:11:48 UTC] Total registros: 0
[17-May-2026 00:11:48 UTC] Datos: Array
(
)

[17-May-2026 00:11:48 UTC] Aviso: 'exchanges' no existe en u303404040_BASE_ACV_LCA; se omite sección opcional.
[17-May-2026 03:34:53 UTC] === DEBUG DATA QUALITY ===
[17-May-2026 03:34:53 UTC] UUID: 969e131c-4142-40e6-bcca-8e1713bf458a
[17-May-2026 03:34:53 UTC] Total registros: 0
[17-May-2026 03:34:53 UTC] Datos: Array
(
)

[17-May-2026 03:34:53 UTC] Aviso: 'exchanges' no existe en u303404040_BASE_ACV_LCA; se omite sección opcional.
[17-May-2026 05:51:44 UTC] === DEBUG DATA QUALITY ===
[17-May-2026 05:51:44 UTC] UUID: 36c1644f-3c60-4a84-ac27-2d38e5b9fcc5
[17-May-2026 05:51:44 UTC] Total registros: 0
[17-May-2026 05:51:44 UTC] Datos: Array
(
)

[17-May-2026 05:51:44 UTC] Aviso: 'exchanges' no existe en u303404040_BASE_ACV_LCA; se omite sección opcional.
[18-May-2026 07:59:36 UTC] PHP Warning:  Undefined variable $filter_creados_por_usuarios in /home/u303404040/domains/ciclodevida.mx/public_html/conjuntos.php on line 417
[18-May-2026 07:59:36 UTC] PHP Warning:  Undefined variable $filter_creados_por_usuarios in /home/u303404040/domains/ciclodevida.mx/public_html/conjuntos.php on line 417
[19-May-2026 01:58:07 UTC] === DEBUG DATA QUALITY ===
[19-May-2026 01:58:07 UTC] UUID: d528dbef-a8b2-43b2-84b5-dfd58973fa62
[19-May-2026 01:58:07 UTC] Total registros: 0
[19-May-2026 01:58:07 UTC] Datos: Array
(
)

[19-May-2026 01:58:07 UTC] Aviso: 'exchanges' no existe en u303404040_BASE_ACV_LCA; se omite sección opcional.
[20-May-2026 16:31:12 UTC] PHP Warning:  Undefined variable $filter_creados_por_usuarios in /home/u303404040/domains/ciclodevida.mx/public_html/conjuntos.php on line 417
[20-May-2026 21:01:36 UTC] PHP Warning:  Undefined variable $filter_creados_por_usuarios in /home/u303404040/domains/ciclodevida.mx/public_html/conjuntos.php on line 417
[21-May-2026 16:14:51 UTC] PHP Warning:  Undefined variable $filter_creados_por_usuarios in /home/u303404040/domains/ciclodevida.mx/public_html/conjuntos.php on line 417
[21-May-2026 16:14:55 UTC] PHP Warning:  Undefined variable $filter_creados_por_usuarios in /home/u303404040/domains/ciclodevida.mx/public_html/conjuntos.php on line 417
[21-May-2026 16:15:58 UTC] PHP Warning:  Undefined variable $filter_creados_por_usuarios in /home/u303404040/domains/ciclodevida.mx/public_html/conjuntos.php on line 417
[21-May-2026 16:17:44 UTC] PHP Warning:  Undefined variable $filter_creados_por_usuarios in /home/u303404040/domains/ciclodevida.mx/public_html/conjuntos.php on line 417
[21-May-2026 16:17:46 UTC] === DEBUG DATA QUALITY ===
[21-May-2026 16:17:46 UTC] UUID: d91a8124-8ddc-4a87-b593-596ccbe5889d
[21-May-2026 16:17:46 UTC] Total registros: 0
[21-May-2026 16:17:46 UTC] Datos: Array
(
)

[21-May-2026 16:17:46 UTC] Aviso: 'exchanges' no existe en u303404040_BASE_ACV_LCA; se omite sección opcional.
[21-May-2026 16:18:05 UTC] === DEBUG DATA QUALITY ===
[21-May-2026 16:18:05 UTC] UUID: 5cb2e1cc-519f-44e2-9da3-90c6e8c7a1b7
[21-May-2026 16:18:05 UTC] Total registros: 0
[21-May-2026 16:18:05 UTC] Datos: Array
(
)

[21-May-2026 16:18:05 UTC] Aviso: 'exchanges' no existe en u303404040_BASE_ACV_LCA; se omite sección opcional.
[21-May-2026 16:19:17 UTC] PHP Warning:  Undefined variable $filter_creados_por_usuarios in /home/u303404040/domains/ciclodevida.mx/public_html/conjuntos.php on line 417
[21-May-2026 16:19:27 UTC] === DEBUG DATA QUALITY ===
[21-May-2026 16:19:27 UTC] UUID: 9485a9de-9962-4d53-a2c4-4715d94e36be
[21-May-2026 16:19:27 UTC] Total registros: 0
[21-May-2026 16:19:27 UTC] Datos: Array
(
)

[21-May-2026 16:19:27 UTC] Aviso: 'exchanges' no existe en u303404040_BASE_ACV_LCA; se omite sección opcional.
[22-May-2026 01:07:25 UTC] === DEBUG DATA QUALITY ===
[22-May-2026 01:07:25 UTC] UUID: a6a81197-c1be-4a43-85a6-2b34c12a239e
[22-May-2026 01:07:25 UTC] Total registros: 0
[22-May-2026 01:07:25 UTC] Datos: Array
(
)

[22-May-2026 01:07:25 UTC] Aviso: 'exchanges' no existe en u303404040_BASE_ACV_LCA; se omite sección opcional.
[22-May-2026 04:09:06 UTC] === DEBUG DATA QUALITY ===
[22-May-2026 04:09:06 UTC] UUID: bb07804e-4c6f-4c7b-b7fa-33c6ac222127
[22-May-2026 04:09:06 UTC] Total registros: 0
[22-May-2026 04:09:06 UTC] Datos: Array
(
)

[22-May-2026 04:09:07 UTC] Aviso: 'exchanges' no existe en u303404040_BASE_ACV_LCA; se omite sección opcional.
[22-May-2026 15:54:02 UTC] PHP Warning:  Undefined variable $filter_creados_por_usuarios in /home/u303404040/domains/ciclodevida.mx/public_html/conjuntos.php on line 417
[22-May-2026 15:54:28 UTC] PHP Warning:  Undefined variable $filter_creados_por_usuarios in /home/u303404040/domains/ciclodevida.mx/public_html/conjuntos.php on line 417
[22-May-2026 22:07:32 UTC] PHP Warning:  Undefined variable $filter_creados_por_usuarios in /home/u303404040/domains/ciclodevida.mx/public_html/conjuntos.php on line 417
[23-May-2026 09:41:14 UTC] PHP Warning:  Undefined variable $filter_creados_por_usuarios in /home/u303404040/domains/ciclodevida.mx/public_html/conjuntos.php on line 417
[24-May-2026 06:23:41 UTC] PHP Warning:  Undefined variable $filter_creados_por_usuarios in /home/u303404040/domains/ciclodevida.mx/public_html/conjuntos.php on line 417
[25-May-2026 14:14:24 UTC] PHP Warning:  Undefined variable $filter_creados_por_usuarios in /home/u303404040/domains/ciclodevida.mx/public_html/conjuntos.php on line 417
[25-May-2026 17:47:54 UTC] PHP Warning:  Undefined variable $filter_creados_por_usuarios in /home/u303404040/domains/ciclodevida.mx/public_html/conjuntos.php on line 417
[25-May-2026 17:48:31 UTC] PHP Warning:  Undefined variable $filter_creados_por_usuarios in /home/u303404040/domains/ciclodevida.mx/public_html/conjuntos.php on line 417
[25-May-2026 17:49:12 UTC] PHP Warning:  Undefined variable $filter_creados_por_usuarios in /home/u303404040/domains/ciclodevida.mx/public_html/conjuntos.php on line 417
[25-May-2026 17:49:23 UTC] PHP Warning:  Undefined variable $filter_creados_por_usuarios in /home/u303404040/domains/ciclodevida.mx/public_html/conjuntos.php on line 417
[25-May-2026 17:50:30 UTC] PHP Warning:  Undefined variable $filter_creados_por_usuarios in /home/u303404040/domains/ciclodevida.mx/public_html/conjuntos.php on line 417
[25-May-2026 17:51:12 UTC] PHP Warning:  Undefined variable $filter_creados_por_usuarios in /home/u303404040/domains/ciclodevida.mx/public_html/conjuntos.php on line 417
[25-May-2026 17:51:26 UTC] PHP Warning:  Undefined variable $filter_creados_por_usuarios in /home/u303404040/domains/ciclodevida.mx/public_html/conjuntos.php on line 417
[25-May-2026 17:51:29 UTC] PHP Warning:  Undefined variable $filter_creados_por_usuarios in /home/u303404040/domains/ciclodevida.mx/public_html/conjuntos.php on line 417
[25-May-2026 17:51:59 UTC] PHP Warning:  Undefined variable $filter_creados_por_usuarios in /home/u303404040/domains/ciclodevida.mx/public_html/conjuntos.php on line 417
[25-May-2026 17:52:17 UTC] PHP Warning:  Undefined variable $filter_creados_por_usuarios in /home/u303404040/domains/ciclodevida.mx/public_html/conjuntos.php on line 417
[25-May-2026 17:52:35 UTC] PHP Warning:  Undefined variable $filter_creados_por_usuarios in /home/u303404040/domains/ciclodevida.mx/public_html/conjuntos.php on line 417
[25-May-2026 17:52:35 UTC] PHP Warning:  Undefined variable $filter_creados_por_usuarios in /home/u303404040/domains/ciclodevida.mx/public_html/conjuntos.php on line 417
[25-May-2026 17:52:48 UTC] PHP Warning:  Undefined variable $filter_creados_por_usuarios in /home/u303404040/domains/ciclodevida.mx/public_html/conjuntos.php on line 417
[25-May-2026 17:52:48 UTC] PHP Warning:  Undefined variable $filter_creados_por_usuarios in /home/u303404040/domains/ciclodevida.mx/public_html/conjuntos.php on line 417
[25-May-2026 17:53:00 UTC] PHP Warning:  Undefined variable $filter_creados_por_usuarios in /home/u303404040/domains/ciclodevida.mx/public_html/conjuntos.php on line 417
[25-May-2026 17:53:14 UTC] PHP Warning:  Undefined variable $filter_creados_por_usuarios in /home/u303404040/domains/ciclodevida.mx/public_html/conjuntos.php on line 417
[25-May-2026 17:53:16 UTC] PHP Warning:  Undefined variable $filter_creados_por_usuarios in /home/u303404040/domains/ciclodevida.mx/public_html/conjuntos.php on line 417
[25-May-2026 17:53:36 UTC] PHP Warning:  Undefined variable $filter_creados_por_usuarios in /home/u303404040/domains/ciclodevida.mx/public_html/conjuntos.php on line 417
[25-May-2026 17:53:36 UTC] PHP Warning:  Undefined variable $filter_creados_por_usuarios in /home/u303404040/domains/ciclodevida.mx/public_html/conjuntos.php on line 417
[25-May-2026 17:53:50 UTC] PHP Warning:  Undefined variable $filter_creados_por_usuarios in /home/u303404040/domains/ciclodevida.mx/public_html/conjuntos.php on line 417
[25-May-2026 17:53:50 UTC] PHP Warning:  Undefined variable $filter_creados_por_usuarios in /home/u303404040/domains/ciclodevida.mx/public_html/conjuntos.php on line 417
[25-May-2026 17:54:00 UTC] PHP Warning:  Undefined variable $filter_creados_por_usuarios in /home/u303404040/domains/ciclodevida.mx/public_html/conjuntos.php on line 417
[25-May-2026 17:56:16 UTC] PHP Warning:  Undefined variable $filter_creados_por_usuarios in /home/u303404040/domains/ciclodevida.mx/public_html/conjuntos.php on line 417
[25-May-2026 17:56:28 UTC] PHP Warning:  Undefined variable $filter_creados_por_usuarios in /home/u303404040/domains/ciclodevida.mx/public_html/conjuntos.php on line 417
[25-May-2026 17:57:35 UTC] PHP Warning:  Undefined variable $filter_creados_por_usuarios in /home/u303404040/domains/ciclodevida.mx/public_html/conjuntos.php on line 417
[25-May-2026 17:57:44 UTC] PHP Warning:  Undefined variable $filter_creados_por_usuarios in /home/u303404040/domains/ciclodevida.mx/public_html/conjuntos.php on line 417
[26-May-2026 00:55:21 UTC] === DEBUG DATA QUALITY ===
[26-May-2026 00:55:21 UTC] UUID: 2bcb11a8-8593-4372-99ea-be820088cf84
[26-May-2026 00:55:21 UTC] Total registros: 0
[26-May-2026 00:55:21 UTC] Datos: Array
(
)

[26-May-2026 00:55:21 UTC] Aviso: 'exchanges' no existe en u303404040_BASE_ACV_LCA; se omite sección opcional.
[26-May-2026 00:55:27 UTC] PHP Warning:  Undefined variable $filter_creados_por_usuarios in /home/u303404040/domains/ciclodevida.mx/public_html/conjuntos.php on line 417
[26-May-2026 00:55:39 UTC] === DEBUG DATA QUALITY ===
[26-May-2026 00:55:39 UTC] UUID: 2bcb11a8-8593-4372-99ea-be820088cf84
[26-May-2026 00:55:39 UTC] Total registros: 0
[26-May-2026 00:55:39 UTC] Datos: Array
(
)

[26-May-2026 00:55:39 UTC] Aviso: 'exchanges' no existe en u303404040_BASE_ACV_LCA; se omite sección opcional.
[26-May-2026 01:03:54 UTC] === DEBUG DATA QUALITY ===
[26-May-2026 01:03:54 UTC] UUID: 7be5617f-33cd-4a4c-9d4c-5a9a5cdaa09f
[26-May-2026 01:03:54 UTC] Total registros: 0
[26-May-2026 01:03:54 UTC] Datos: Array
(
)

[26-May-2026 01:03:54 UTC] Aviso: 'exchanges' no existe en u303404040_BASE_ACV_LCA; se omite sección opcional.
[26-May-2026 01:04:59 UTC] === DEBUG DATA QUALITY ===
[26-May-2026 01:04:59 UTC] UUID: c63256e0-cee6-43a3-b9f4-7dfd9fc2ea32
[26-May-2026 01:04:59 UTC] Total registros: 0
[26-May-2026 01:04:59 UTC] Datos: Array
(
)

[26-May-2026 01:05:00 UTC] Aviso: 'exchanges' no existe en u303404040_BASE_ACV_LCA; se omite sección opcional.
[26-May-2026 01:05:25 UTC] === DEBUG DATA QUALITY ===
[26-May-2026 01:05:25 UTC] UUID: 8fdea55d-fcd6-4c87-976c-af961beabdba
[26-May-2026 01:05:25 UTC] Total registros: 0
[26-May-2026 01:05:25 UTC] Datos: Array
(
)

[26-May-2026 01:05:25 UTC] Aviso: 'exchanges' no existe en u303404040_BASE_ACV_LCA; se omite sección opcional.
[26-May-2026 01:25:34 UTC] === DEBUG DATA QUALITY ===
[26-May-2026 01:25:34 UTC] UUID: c63256e0-cee6-43a3-b9f4-7dfd9fc2ea32
[26-May-2026 01:25:34 UTC] Total registros: 0
[26-May-2026 01:25:34 UTC] Datos: Array
(
)

[26-May-2026 01:25:34 UTC] Aviso: 'exchanges' no existe en u303404040_BASE_ACV_LCA; se omite sección opcional.
[26-May-2026 01:25:37 UTC] === DEBUG DATA QUALITY ===
[26-May-2026 01:25:37 UTC] UUID: 8fdea55d-fcd6-4c87-976c-af961beabdba
[26-May-2026 01:25:37 UTC] Total registros: 0
[26-May-2026 01:25:37 UTC] Datos: Array
(
)

[26-May-2026 01:25:37 UTC] Aviso: 'exchanges' no existe en u303404040_BASE_ACV_LCA; se omite sección opcional.
[26-May-2026 01:25:40 UTC] === DEBUG DATA QUALITY ===
[26-May-2026 01:25:40 UTC] UUID: 7caceef8-4a97-3de3-97fb-53241bdc8448
[26-May-2026 01:25:40 UTC] Total registros: 0
[26-May-2026 01:25:40 UTC] Datos: Array
(
)

[26-May-2026 01:25:40 UTC] Aviso: 'exchanges' no existe en u303404040_BASE_ACV_LCA; se omite sección opcional.
[26-May-2026 01:25:52 UTC] PHP Warning:  Undefined variable $filter_creados_por_usuarios in /home/u303404040/domains/ciclodevida.mx/public_html/conjuntos.php on line 417
[26-May-2026 01:25:52 UTC] PHP Warning:  Undefined variable $filter_creados_por_usuarios in /home/u303404040/domains/ciclodevida.mx/public_html/conjuntos.php on line 417
[26-May-2026 01:26:33 UTC] PHP Warning:  Undefined variable $filter_creados_por_usuarios in /home/u303404040/domains/ciclodevida.mx/public_html/conjuntos.php on line 417
[26-May-2026 01:26:41 UTC] PHP Warning:  Undefined variable $filter_creados_por_usuarios in /home/u303404040/domains/ciclodevida.mx/public_html/conjuntos.php on line 417
[26-May-2026 01:26:41 UTC] PHP Warning:  Undefined variable $filter_creados_por_usuarios in /home/u303404040/domains/ciclodevida.mx/public_html/conjuntos.php on line 417
[26-May-2026 01:26:58 UTC] PHP Warning:  Undefined variable $filter_creados_por_usuarios in /home/u303404040/domains/ciclodevida.mx/public_html/conjuntos.php on line 417
[26-May-2026 01:26:58 UTC] PHP Warning:  Undefined variable $filter_creados_por_usuarios in /home/u303404040/domains/ciclodevida.mx/public_html/conjuntos.php on line 417
[26-May-2026 01:27:03 UTC] === DEBUG DATA QUALITY ===
[26-May-2026 01:27:03 UTC] UUID: 4f7b4f6a-b8bd-42a2-bd9a-10860eceacce
[26-May-2026 01:27:03 UTC] Total registros: 0
[26-May-2026 01:27:03 UTC] Datos: Array
(
)

[26-May-2026 01:27:03 UTC] Aviso: 'exchanges' no existe en u303404040_BASE_ACV_LCA; se omite sección opcional.
[26-May-2026 01:27:24 UTC] === DEBUG DATA QUALITY ===
[26-May-2026 01:27:24 UTC] UUID: d7cc190b-f94e-31bc-869d-1ff00265dbe1
[26-May-2026 01:27:24 UTC] Total registros: 0
[26-May-2026 01:27:24 UTC] Datos: Array
(
)

[26-May-2026 01:27:24 UTC] Aviso: 'exchanges' no existe en u303404040_BASE_ACV_LCA; se omite sección opcional.
[26-May-2026 01:27:31 UTC] === DEBUG DATA QUALITY ===
[26-May-2026 01:27:31 UTC] UUID: d7cc190b-f94e-31bc-869d-1ff00265dbe1
[26-May-2026 01:27:31 UTC] Total registros: 0
[26-May-2026 01:27:31 UTC] Datos: Array
(
)

[26-May-2026 01:27:31 UTC] Aviso: 'exchanges' no existe en u303404040_BASE_ACV_LCA; se omite sección opcional.
[26-May-2026 01:27:45 UTC] === DEBUG DATA QUALITY ===
[26-May-2026 01:27:45 UTC] UUID: d7cc190b-f94e-31bc-869d-1ff00265dbe1
[26-May-2026 01:27:45 UTC] Total registros: 0
[26-May-2026 01:27:45 UTC] Datos: Array
(
)

[26-May-2026 01:27:46 UTC] Aviso: 'exchanges' no existe en u303404040_BASE_ACV_LCA; se omite sección opcional.
[26-May-2026 01:27:52 UTC] === DEBUG DATA QUALITY ===
[26-May-2026 01:27:52 UTC] UUID: d7cc190b-f94e-31bc-869d-1ff00265dbe1
[26-May-2026 01:27:52 UTC] Total registros: 0
[26-May-2026 01:27:52 UTC] Datos: Array
(
)

[26-May-2026 01:27:52 UTC] Aviso: 'exchanges' no existe en u303404040_BASE_ACV_LCA; se omite sección opcional.
[26-May-2026 01:28:13 UTC] === DEBUG DATA QUALITY ===
[26-May-2026 01:28:13 UTC] UUID: 07777d69-deb4-48c9-8cf6-e70cffeb5e33
[26-May-2026 01:28:13 UTC] Total registros: 0
[26-May-2026 01:28:13 UTC] Datos: Array
(
)

[26-May-2026 01:28:13 UTC] Aviso: 'exchanges' no existe en u303404040_BASE_ACV_LCA; se omite sección opcional.
[26-May-2026 01:28:31 UTC] PHP Warning:  Undefined variable $filter_creados_por_usuarios in /home/u303404040/domains/ciclodevida.mx/public_html/conjuntos.php on line 417
[26-May-2026 01:28:31 UTC] PHP Warning:  Undefined variable $filter_creados_por_usuarios in /home/u303404040/domains/ciclodevida.mx/public_html/conjuntos.php on line 417
[26-May-2026 01:29:46 UTC] === DEBUG DATA QUALITY ===
[26-May-2026 01:29:46 UTC] UUID: c63256e0-cee6-43a3-b9f4-7dfd9fc2ea32
[26-May-2026 01:29:46 UTC] Total registros: 0
[26-May-2026 01:29:46 UTC] Datos: Array
(
)

[26-May-2026 01:29:46 UTC] Aviso: 'exchanges' no existe en u303404040_BASE_ACV_LCA; se omite sección opcional.
[26-May-2026 01:44:05 UTC] PHP Warning:  Undefined variable $filter_creados_por_usuarios in /home/u303404040/domains/ciclodevida.mx/public_html/conjuntos.php on line 417
[26-May-2026 01:44:16 UTC] === DEBUG DATA QUALITY ===
[26-May-2026 01:44:16 UTC] UUID: e8ea6303-d77c-40d2-9818-4cab27af6871
[26-May-2026 01:44:16 UTC] Total registros: 0
[26-May-2026 01:44:16 UTC] Datos: Array
(
)

[26-May-2026 01:44:16 UTC] Aviso: 'exchanges' no existe en u303404040_BASE_ACV_LCA; se omite sección opcional.
[26-May-2026 01:44:24 UTC] === DEBUG DATA QUALITY ===
[26-May-2026 01:44:24 UTC] UUID: e8ea6303-d77c-40d2-9818-4cab27af6871
[26-May-2026 01:44:24 UTC] Total registros: 0
[26-May-2026 01:44:24 UTC] Datos: Array
(
)

[26-May-2026 01:44:24 UTC] Aviso: 'exchanges' no existe en u303404040_BASE_ACV_LCA; se omite sección opcional.
[26-May-2026 01:44:36 UTC] PHP Warning:  Undefined variable $filter_creados_por_usuarios in /home/u303404040/domains/ciclodevida.mx/public_html/conjuntos.php on line 417
[26-May-2026 01:44:36 UTC] PHP Warning:  Undefined variable $filter_creados_por_usuarios in /home/u303404040/domains/ciclodevida.mx/public_html/conjuntos.php on line 417
[26-May-2026 01:45:29 UTC] PHP Warning:  Undefined variable $filter_creados_por_usuarios in /home/u303404040/domains/ciclodevida.mx/public_html/conjuntos.php on line 417
[26-May-2026 01:46:07 UTC] PHP Warning:  Undefined variable $filter_creados_por_usuarios in /home/u303404040/domains/ciclodevida.mx/public_html/conjuntos.php on line 417
[26-May-2026 01:46:41 UTC] PHP Warning:  Undefined variable $filter_creados_por_usuarios in /home/u303404040/domains/ciclodevida.mx/public_html/conjuntos.php on line 417
[26-May-2026 01:46:59 UTC] PHP Warning:  Undefined variable $filter_creados_por_usuarios in /home/u303404040/domains/ciclodevida.mx/public_html/conjuntos.php on line 417
[26-May-2026 01:46:59 UTC] PHP Warning:  Undefined variable $filter_creados_por_usuarios in /home/u303404040/domains/ciclodevida.mx/public_html/conjuntos.php on line 417
[26-May-2026 01:47:14 UTC] PHP Warning:  Undefined variable $filter_creados_por_usuarios in /home/u303404040/domains/ciclodevida.mx/public_html/conjuntos.php on line 417
[26-May-2026 01:47:14 UTC] PHP Warning:  Undefined variable $filter_creados_por_usuarios in /home/u303404040/domains/ciclodevida.mx/public_html/conjuntos.php on line 417
[26-May-2026 01:47:27 UTC] PHP Warning:  Undefined variable $filter_creados_por_usuarios in /home/u303404040/domains/ciclodevida.mx/public_html/conjuntos.php on line 417
[26-May-2026 01:47:27 UTC] PHP Warning:  Undefined variable $filter_creados_por_usuarios in /home/u303404040/domains/ciclodevida.mx/public_html/conjuntos.php on line 417
[26-May-2026 01:47:31 UTC] === DEBUG DATA QUALITY ===
[26-May-2026 01:47:31 UTC] UUID: 4f7b4f6a-b8bd-42a2-bd9a-10860eceacce
[26-May-2026 01:47:31 UTC] Total registros: 0
[26-May-2026 01:47:31 UTC] Datos: Array
(
)

[26-May-2026 01:47:31 UTC] Aviso: 'exchanges' no existe en u303404040_BASE_ACV_LCA; se omite sección opcional.
[26-May-2026 01:47:45 UTC] PHP Warning:  Undefined variable $filter_creados_por_usuarios in /home/u303404040/domains/ciclodevida.mx/public_html/conjuntos.php on line 417
[26-May-2026 01:47:45 UTC] PHP Warning:  Undefined variable $filter_creados_por_usuarios in /home/u303404040/domains/ciclodevida.mx/public_html/conjuntos.php on line 417
[26-May-2026 01:48:06 UTC] PHP Warning:  Undefined variable $filter_creados_por_usuarios in /home/u303404040/domains/ciclodevida.mx/public_html/conjuntos.php on line 417
[26-May-2026 01:48:06 UTC] PHP Warning:  Undefined variable $filter_creados_por_usuarios in /home/u303404040/domains/ciclodevida.mx/public_html/conjuntos.php on line 417
[26-May-2026 01:48:28 UTC] PHP Warning:  Undefined variable $filter_creados_por_usuarios in /home/u303404040/domains/ciclodevida.mx/public_html/conjuntos.php on line 417
[26-May-2026 01:48:28 UTC] PHP Warning:  Undefined variable $filter_creados_por_usuarios in /home/u303404040/domains/ciclodevida.mx/public_html/conjuntos.php on line 417
[26-May-2026 01:48:53 UTC] PHP Warning:  Undefined variable $filter_creados_por_usuarios in /home/u303404040/domains/ciclodevida.mx/public_html/conjuntos.php on line 417
[26-May-2026 01:48:53 UTC] PHP Warning:  Undefined variable $filter_creados_por_usuarios in /home/u303404040/domains/ciclodevida.mx/public_html/conjuntos.php on line 417
[26-May-2026 01:49:13 UTC] PHP Warning:  Undefined variable $filter_creados_por_usuarios in /home/u303404040/domains/ciclodevida.mx/public_html/conjuntos.php on line 417
[26-May-2026 01:49:13 UTC] PHP Warning:  Undefined variable $filter_creados_por_usuarios in /home/u303404040/domains/ciclodevida.mx/public_html/conjuntos.php on line 417
[26-May-2026 01:49:24 UTC] PHP Warning:  Undefined variable $filter_creados_por_usuarios in /home/u303404040/domains/ciclodevida.mx/public_html/conjuntos.php on line 417
[26-May-2026 01:49:24 UTC] PHP Warning:  Undefined variable $filter_creados_por_usuarios in /home/u303404040/domains/ciclodevida.mx/public_html/conjuntos.php on line 417
[26-May-2026 01:49:44 UTC] PHP Warning:  Undefined variable $filter_creados_por_usuarios in /home/u303404040/domains/ciclodevida.mx/public_html/conjuntos.php on line 417
[26-May-2026 01:49:44 UTC] PHP Warning:  Undefined variable $filter_creados_por_usuarios in /home/u303404040/domains/ciclodevida.mx/public_html/conjuntos.php on line 417
[26-May-2026 01:50:00 UTC] PHP Warning:  Undefined variable $filter_creados_por_usuarios in /home/u303404040/domains/ciclodevida.mx/public_html/conjuntos.php on line 417
[26-May-2026 01:50:00 UTC] PHP Warning:  Undefined variable $filter_creados_por_usuarios in /home/u303404040/domains/ciclodevida.mx/public_html/conjuntos.php on line 417
[26-May-2026 01:50:07 UTC] PHP Warning:  Undefined variable $filter_creados_por_usuarios in /home/u303404040/domains/ciclodevida.mx/public_html/conjuntos.php on line 417
[26-May-2026 01:50:20 UTC] PHP Warning:  Undefined variable $filter_creados_por_usuarios in /home/u303404040/domains/ciclodevida.mx/public_html/conjuntos.php on line 417
[26-May-2026 01:50:37 UTC] PHP Warning:  Undefined variable $filter_creados_por_usuarios in /home/u303404040/domains/ciclodevida.mx/public_html/conjuntos.php on line 417
[26-May-2026 02:06:04 UTC] PHP Warning:  Undefined variable $filter_creados_por_usuarios in /home/u303404040/domains/ciclodevida.mx/public_html/conjuntos.php on line 417
[26-May-2026 03:31:32 UTC] === DEBUG DATA QUALITY ===
[26-May-2026 03:31:32 UTC] UUID: 7caceef8-4a97-3de3-97fb-53241bdc8448
[26-May-2026 03:31:32 UTC] Total registros: 0
[26-May-2026 03:31:32 UTC] Datos: Array
(
)

[26-May-2026 03:31:32 UTC] Aviso: 'exchanges' no existe en u303404040_BASE_ACV_LCA; se omite sección opcional.
[26-May-2026 03:31:34 UTC] PHP Warning:  Undefined variable $filter_creados_por_usuarios in /home/u303404040/domains/ciclodevida.mx/public_html/conjuntos.php on line 417
[26-May-2026 03:31:42 UTC] PHP Warning:  Undefined variable $filter_creados_por_usuarios in /home/u303404040/domains/ciclodevida.mx/public_html/conjuntos.php on line 417
[26-May-2026 03:31:42 UTC] PHP Warning:  Undefined variable $filter_creados_por_usuarios in /home/u303404040/domains/ciclodevida.mx/public_html/conjuntos.php on line 417
[26-May-2026 03:32:11 UTC] PHP Warning:  Undefined variable $filter_creados_por_usuarios in /home/u303404040/domains/ciclodevida.mx/public_html/conjuntos.php on line 417
[26-May-2026 03:32:11 UTC] PHP Warning:  Undefined variable $filter_creados_por_usuarios in /home/u303404040/domains/ciclodevida.mx/public_html/conjuntos.php on line 417
[26-May-2026 03:54:51 UTC] PHP Warning:  Undefined variable $filter_creados_por_usuarios in /home/u303404040/domains/ciclodevida.mx/public_html/conjuntos.php on line 417
[26-May-2026 04:00:42 UTC] PHP Warning:  Undefined variable $filter_creados_por_usuarios in /home/u303404040/domains/ciclodevida.mx/public_html/conjuntos.php on line 421
[26-May-2026 04:01:14 UTC] PHP Warning:  Undefined variable $filter_creados_por_usuarios in /home/u303404040/domains/ciclodevida.mx/public_html/conjuntos.php on line 421
[26-May-2026 04:03:34 UTC] PHP Warning:  Undefined variable $filter_creados_por_usuarios in /home/u303404040/domains/ciclodevida.mx/public_html/conjuntos.php on line 430
[26-May-2026 04:03:45 UTC] PHP Warning:  Undefined variable $filter_creados_por_usuarios in /home/u303404040/domains/ciclodevida.mx/public_html/conjuntos.php on line 430
[26-May-2026 04:04:32 UTC] PHP Warning:  Undefined variable $filter_creados_por_usuarios in /home/u303404040/domains/ciclodevida.mx/public_html/conjuntos.php on line 430
[26-May-2026 04:04:35 UTC] PHP Warning:  Undefined variable $filter_creados_por_usuarios in /home/u303404040/domains/ciclodevida.mx/public_html/conjuntos.php on line 430
[26-May-2026 04:04:42 UTC] PHP Warning:  Undefined variable $filter_creados_por_usuarios in /home/u303404040/domains/ciclodevida.mx/public_html/conjuntos.php on line 430
[26-May-2026 04:04:50 UTC] PHP Warning:  Undefined variable $filter_creados_por_usuarios in /home/u303404040/domains/ciclodevida.mx/public_html/conjuntos.php on line 430
[26-May-2026 04:05:02 UTC] PHP Warning:  Undefined variable $filter_creados_por_usuarios in /home/u303404040/domains/ciclodevida.mx/public_html/conjuntos.php on line 430
[26-May-2026 04:05:05 UTC] PHP Warning:  Undefined variable $filter_creados_por_usuarios in /home/u303404040/domains/ciclodevida.mx/public_html/conjuntos.php on line 430
[26-May-2026 04:05:54 UTC] PHP Warning:  Undefined variable $filter_creados_por_usuarios in /home/u303404040/domains/ciclodevida.mx/public_html/conjuntos.php on line 430
[26-May-2026 04:08:30 UTC] PHP Warning:  Undefined variable $filter_creados_por_usuarios in /home/u303404040/domains/ciclodevida.mx/public_html/conjuntos.php on line 430
[26-May-2026 04:08:32 UTC] PHP Warning:  Undefined variable $filter_creados_por_usuarios in /home/u303404040/domains/ciclodevida.mx/public_html/conjuntos.php on line 430
[26-May-2026 04:08:50 UTC] === DEBUG DATA QUALITY ===
[26-May-2026 04:08:50 UTC] UUID: 1f6785d9-75ea-4dba-b45b-13792f1f41c2
[26-May-2026 04:08:50 UTC] Total registros: 0
[26-May-2026 04:08:50 UTC] Datos: Array
(
)

[26-May-2026 04:08:50 UTC] Aviso: 'exchanges' no existe en u303404040_BASE_ACV_LCA; se omite sección opcional.
[26-May-2026 04:08:53 UTC] PHP Warning:  Undefined variable $filter_creados_por_usuarios in /home/u303404040/domains/ciclodevida.mx/public_html/conjuntos.php on line 430
[26-May-2026 04:09:06 UTC] PHP Warning:  Undefined variable $filter_creados_por_usuarios in /home/u303404040/domains/ciclodevida.mx/public_html/conjuntos.php on line 430
[26-May-2026 04:09:24 UTC] PHP Warning:  Undefined variable $filter_creados_por_usuarios in /home/u303404040/domains/ciclodevida.mx/public_html/conjuntos.php on line 430
[26-May-2026 04:10:52 UTC] PHP Warning:  Undefined variable $filter_creados_por_usuarios in /home/u303404040/domains/ciclodevida.mx/public_html/conjuntos.php on line 435
[26-May-2026 04:10:55 UTC] PHP Warning:  Undefined variable $filter_creados_por_usuarios in /home/u303404040/domains/ciclodevida.mx/public_html/conjuntos.php on line 435
[26-May-2026 04:11:00 UTC] PHP Warning:  Undefined variable $filter_creados_por_usuarios in /home/u303404040/domains/ciclodevida.mx/public_html/conjuntos.php on line 435
[26-May-2026 04:11:06 UTC] PHP Warning:  Undefined variable $filter_creados_por_usuarios in /home/u303404040/domains/ciclodevida.mx/public_html/conjuntos.php on line 435
[26-May-2026 04:11:09 UTC] PHP Warning:  Undefined variable $filter_creados_por_usuarios in /home/u303404040/domains/ciclodevida.mx/public_html/conjuntos.php on line 435
[26-May-2026 04:11:26 UTC] PHP Warning:  Undefined variable $filter_creados_por_usuarios in /home/u303404040/domains/ciclodevida.mx/public_html/conjuntos.php on line 435
[26-May-2026 04:11:38 UTC] PHP Warning:  Undefined variable $filter_creados_por_usuarios in /home/u303404040/domains/ciclodevida.mx/public_html/conjuntos.php on line 435
[26-May-2026 04:13:11 UTC] PHP Warning:  Undefined variable $filter_creados_por_usuarios in /home/u303404040/domains/ciclodevida.mx/public_html/conjuntos.php on line 435
[26-May-2026 04:14:58 UTC] PHP Warning:  Undefined variable $filter_creados_por_usuarios in /home/u303404040/domains/ciclodevida.mx/public_html/conjuntos.php on line 435
[26-May-2026 04:15:22 UTC] === DEBUG DATA QUALITY ===
[26-May-2026 04:15:22 UTC] UUID: 09e37266-a2ed-443c-83ab-0530e71f329d
[26-May-2026 04:15:22 UTC] Total registros: 0
[26-May-2026 04:15:22 UTC] Datos: Array
(
)

[26-May-2026 04:15:22 UTC] Aviso: 'exchanges' no existe en u303404040_BASE_ACV_LCA; se omite sección opcional.
[26-May-2026 04:16:01 UTC] === DEBUG DATA QUALITY ===
[26-May-2026 04:16:01 UTC] UUID: 09e37266-a2ed-443c-83ab-0530e71f329d
[26-May-2026 04:16:01 UTC] Total registros: 0
[26-May-2026 04:16:01 UTC] Datos: Array
(
)

[26-May-2026 04:16:01 UTC] Aviso: 'exchanges' no existe en u303404040_BASE_ACV_LCA; se omite sección opcional.
[26-May-2026 04:16:04 UTC] PHP Warning:  Undefined variable $filter_creados_por_usuarios in /home/u303404040/domains/ciclodevida.mx/public_html/conjuntos.php on line 435
[26-May-2026 04:16:17 UTC] === DEBUG DATA QUALITY ===
[26-May-2026 04:16:17 UTC] UUID: 0d5092ff-bd4a-4850-951d-24a68cbdae42
[26-May-2026 04:16:17 UTC] Total registros: 0
[26-May-2026 04:16:17 UTC] Datos: Array
(
)

[26-May-2026 04:16:17 UTC] Aviso: 'exchanges' no existe en u303404040_BASE_ACV_LCA; se omite sección opcional.
[26-May-2026 04:22:16 UTC] PHP Warning:  Undefined variable $filter_creados_por_usuarios in /home/u303404040/domains/ciclodevida.mx/public_html/conjuntos.php on line 435
[26-May-2026 04:25:11 UTC] PHP Warning:  Undefined variable $filter_creados_por_usuarios in /home/u303404040/domains/ciclodevida.mx/public_html/conjuntos.php on line 435
[26-May-2026 04:31:51 UTC] PHP Warning:  Undefined variable $filter_creados_por_usuarios in /home/u303404040/domains/ciclodevida.mx/public_html/conjuntos.php on line 435
[26-May-2026 04:48:17 UTC] PHP Warning:  Undefined variable $filter_creados_por_usuarios in /home/u303404040/domains/ciclodevida.mx/public_html/conjuntos.php on line 435
[26-May-2026 05:34:13 UTC] PHP Warning:  Undefined variable $filter_creados_por_usuarios in /home/u303404040/domains/ciclodevida.mx/public_html/conjuntos.php on line 435
[26-May-2026 05:34:22 UTC] === DEBUG DATA QUALITY ===
[26-May-2026 05:34:22 UTC] UUID: 20dfafc0-bddf-4091-8a93-959333740e6f
[26-May-2026 05:34:22 UTC] Total registros: 0
[26-May-2026 05:34:22 UTC] Datos: Array
(
)

[26-May-2026 05:34:22 UTC] Aviso: 'exchanges' no existe en u303404040_BASE_ACV_LCA; se omite sección opcional.
[26-May-2026 14:31:07 UTC] PHP Warning:  Undefined variable $filter_creados_por_usuarios in /home/u303404040/domains/ciclodevida.mx/public_html/conjuntos.php on line 435
[26-May-2026 14:33:04 UTC] PHP Warning:  Undefined variable $filter_creados_por_usuarios in /home/u303404040/domains/ciclodevida.mx/public_html/conjuntos.php on line 435
[26-May-2026 14:33:38 UTC] === DEBUG DATA QUALITY ===
[26-May-2026 14:33:38 UTC] UUID: 20dfafc0-bddf-4091-8a93-959333740e6f
[26-May-2026 14:33:38 UTC] Total registros: 0
[26-May-2026 14:33:38 UTC] Datos: Array
(
)

[26-May-2026 14:33:38 UTC] Aviso: 'exchanges' no existe en u303404040_BASE_ACV_LCA; se omite sección opcional.
[26-May-2026 14:33:47 UTC] === DEBUG DATA QUALITY ===
[26-May-2026 14:33:47 UTC] UUID: d7ce19c1-fac1-32ff-ae82-d63ff5a0e3bf
[26-May-2026 14:33:47 UTC] Total registros: 0
[26-May-2026 14:33:47 UTC] Datos: Array
(
)

[26-May-2026 14:33:47 UTC] Aviso: 'exchanges' no existe en u303404040_BASE_ACV_LCA; se omite sección opcional.
[26-May-2026 16:41:34 UTC] PHP Warning:  Undefined variable $filter_creados_por_usuarios in /home/u303404040/domains/ciclodevida.mx/public_html/conjuntos.php on line 435
[26-May-2026 16:42:11 UTC] PHP Warning:  Undefined variable $filter_creados_por_usuarios in /home/u303404040/domains/ciclodevida.mx/public_html/conjuntos.php on line 435
[26-May-2026 16:42:29 UTC] PHP Warning:  Undefined variable $filter_creados_por_usuarios in /home/u303404040/domains/ciclodevida.mx/public_html/conjuntos.php on line 435
[26-May-2026 16:42:36 UTC] PHP Warning:  Undefined variable $filter_creados_por_usuarios in /home/u303404040/domains/ciclodevida.mx/public_html/conjuntos.php on line 435
[27-May-2026 00:24:05 UTC] PHP Warning:  Undefined variable $filter_creados_por_usuarios in /home/u303404040/domains/ciclodevida.mx/public_html/conjuntos.php on line 435
[27-May-2026 03:08:11 UTC] PHP Warning:  Undefined variable $filter_creados_por_usuarios in /home/u303404040/domains/ciclodevida.mx/public_html/conjuntos.php on line 435
[27-May-2026 20:37:05 UTC] PHP Warning:  Undefined variable $filter_creados_por_usuarios in /home/u303404040/domains/ciclodevida.mx/public_html/conjuntos.php on line 435
[27-May-2026 21:41:28 UTC] PHP Warning:  Undefined variable $filter_creados_por_usuarios in /home/u303404040/domains/ciclodevida.mx/public_html/conjuntos.php on line 435
[27-May-2026 21:42:08 UTC] PHP Warning:  Undefined variable $filter_creados_por_usuarios in /home/u303404040/domains/ciclodevida.mx/public_html/conjuntos.php on line 435
[27-May-2026 21:42:16 UTC] === DEBUG DATA QUALITY ===
[27-May-2026 21:42:16 UTC] UUID: e5561a0f-fe1c-4ef0-84d8-511dd210541c
[27-May-2026 21:42:16 UTC] Total registros: 0
[27-May-2026 21:42:16 UTC] Datos: Array
(
)

[27-May-2026 21:42:16 UTC] Aviso: 'exchanges' no existe en u303404040_BASE_ACV_LCA; se omite sección opcional.
[27-May-2026 21:50:02 UTC] PHP Warning:  Undefined variable $filter_creados_por_usuarios in /home/u303404040/domains/ciclodevida.mx/public_html/conjuntos.php on line 435
[27-May-2026 21:50:13 UTC] === DEBUG DATA QUALITY ===
[27-May-2026 21:50:13 UTC] UUID: 44393ddf-714e-46f8-9c9f-74f25247907f
[27-May-2026 21:50:13 UTC] Total registros: 0
[27-May-2026 21:50:13 UTC] Datos: Array
(
)

[27-May-2026 21:50:13 UTC] Aviso: 'exchanges' no existe en u303404040_BASE_ACV_LCA; se omite sección opcional.
[27-May-2026 21:51:44 UTC] PHP Warning:  Undefined variable $filter_creados_por_usuarios in /home/u303404040/domains/ciclodevida.mx/public_html/conjuntos.php on line 435
[27-May-2026 21:54:16 UTC] PHP Warning:  Undefined variable $filter_creados_por_usuarios in /home/u303404040/domains/ciclodevida.mx/public_html/conjuntos.php on line 435
[27-May-2026 22:01:14 UTC] PHP Warning:  Undefined variable $filter_creados_por_usuarios in /home/u303404040/domains/ciclodevida.mx/public_html/conjuntos.php on line 435
[29-May-2026 04:27:54 UTC] PHP Warning:  Undefined variable $filter_creados_por_usuarios in /home/u303404040/domains/ciclodevida.mx/public_html/conjuntos.php on line 435
[29-May-2026 16:49:48 UTC] PHP Warning:  Undefined variable $filter_creados_por_usuarios in /home/u303404040/domains/ciclodevida.mx/public_html/conjuntos.php on line 435
[29-May-2026 16:58:48 UTC] PHP Warning:  Undefined variable $filter_creados_por_usuarios in /home/u303404040/domains/ciclodevida.mx/public_html/conjuntos.php on line 435
[29-May-2026 17:00:31 UTC] PHP Warning:  Undefined variable $filter_creados_por_usuarios in /home/u303404040/domains/ciclodevida.mx/public_html/conjuntos.php on line 435
[29-May-2026 18:16:47 UTC] PHP Warning:  Undefined variable $filter_creados_por_usuarios in /home/u303404040/domains/ciclodevida.mx/public_html/conjuntos.php on line 435
[29-May-2026 18:45:10 UTC] PHP Warning:  Undefined variable $filter_creados_por_usuarios in /home/u303404040/domains/ciclodevida.mx/public_html/conjuntos.php on line 435
[29-May-2026 18:51:41 UTC] PHP Warning:  Undefined variable $filter_creados_por_usuarios in /home/u303404040/domains/ciclodevida.mx/public_html/conjuntos.php on line 435
[29-May-2026 18:51:44 UTC] PHP Warning:  Undefined variable $filter_creados_por_usuarios in /home/u303404040/domains/ciclodevida.mx/public_html/conjuntos.php on line 435
[29-May-2026 18:51:49 UTC] PHP Warning:  Undefined variable $filter_creados_por_usuarios in /home/u303404040/domains/ciclodevida.mx/public_html/conjuntos.php on line 435
[29-May-2026 18:52:01 UTC] === DEBUG DATA QUALITY ===
[29-May-2026 18:52:01 UTC] UUID: 20dfafc0-bddf-4091-8a93-959333740e6f
[29-May-2026 18:52:01 UTC] Total registros: 0
[29-May-2026 18:52:01 UTC] Datos: Array
(
)

[29-May-2026 18:52:01 UTC] Aviso: 'exchanges' no existe en u303404040_BASE_ACV_LCA; se omite sección opcional.
[29-May-2026 18:52:39 UTC] PHP Warning:  Undefined variable $filter_creados_por_usuarios in /home/u303404040/domains/ciclodevida.mx/public_html/conjuntos.php on line 435
[29-May-2026 18:53:27 UTC] PHP Warning:  Undefined variable $filter_creados_por_usuarios in /home/u303404040/domains/ciclodevida.mx/public_html/conjuntos.php on line 435
[30-May-2026 13:11:40 UTC] PHP Warning:  Undefined variable $filter_creados_por_usuarios in /home/u303404040/domains/ciclodevida.mx/public_html/conjuntos.php on line 435
[30-May-2026 23:16:00 UTC] PHP Warning:  Undefined variable $filter_creados_por_usuarios in /home/u303404040/domains/ciclodevida.mx/public_html/conjuntos.php on line 435
[30-May-2026 23:16:48 UTC] PHP Warning:  Undefined variable $filter_creados_por_usuarios in /home/u303404040/domains/ciclodevida.mx/public_html/conjuntos.php on line 435
[30-May-2026 23:19:04 UTC] PHP Warning:  Undefined variable $filter_creados_por_usuarios in /home/u303404040/domains/ciclodevida.mx/public_html/conjuntos.php on line 435
[30-May-2026 23:19:11 UTC] === DEBUG DATA QUALITY ===
[30-May-2026 23:19:11 UTC] UUID: 26026929-cc84-4b7a-a2eb-f24fce2de6bc
[30-May-2026 23:19:11 UTC] Total registros: 0
[30-May-2026 23:19:11 UTC] Datos: Array
(
)

[30-May-2026 23:19:11 UTC] Aviso: 'exchanges' no existe en u303404040_BASE_ACV_LCA; se omite sección opcional.
[30-May-2026 23:19:15 UTC] PHP Warning:  Undefined variable $filter_creados_por_usuarios in /home/u303404040/domains/ciclodevida.mx/public_html/conjuntos.php on line 435
[30-May-2026 23:19:42 UTC] PHP Warning:  Undefined variable $filter_creados_por_usuarios in /home/u303404040/domains/ciclodevida.mx/public_html/conjuntos.php on line 435
[30-May-2026 23:20:17 UTC] PHP Warning:  Undefined variable $filter_creados_por_usuarios in /home/u303404040/domains/ciclodevida.mx/public_html/conjuntos.php on line 435
[30-May-2026 23:20:51 UTC] === DEBUG DATA QUALITY ===
[30-May-2026 23:20:51 UTC] UUID: 434cfe1c-dcd1-3cc6-b878-138350facbc0
[30-May-2026 23:20:51 UTC] Total registros: 0
[30-May-2026 23:20:51 UTC] Datos: Array
(
)

[30-May-2026 23:20:51 UTC] Aviso: 'exchanges' no existe en u303404040_BASE_ACV_LCA; se omite sección opcional.
[30-May-2026 23:21:04 UTC] === DEBUG DATA QUALITY ===
[30-May-2026 23:21:04 UTC] UUID: 434cfe1c-dcd1-3cc6-b878-138350facbc0
[30-May-2026 23:21:04 UTC] Total registros: 0
[30-May-2026 23:21:04 UTC] Datos: Array
(
)

[30-May-2026 23:21:04 UTC] Aviso: 'exchanges' no existe en u303404040_BASE_ACV_LCA; se omite sección opcional.
[30-May-2026 23:30:38 UTC] === DEBUG DATA QUALITY ===
[30-May-2026 23:30:38 UTC] UUID: 06cce725-c411-3313-a686-bb4a00272e50
[30-May-2026 23:30:38 UTC] Total registros: 0
[30-May-2026 23:30:38 UTC] Datos: Array
(
)

[30-May-2026 23:30:38 UTC] Aviso: 'exchanges' no existe en u303404040_BASE_ACV_LCA; se omite sección opcional.
[31-May-2026 17:29:02 UTC] === DEBUG DATA QUALITY ===
[31-May-2026 17:29:02 UTC] UUID: 90654df5-e21c-4369-82b1-1e762e687779
[31-May-2026 17:29:02 UTC] Total registros: 0
[31-May-2026 17:29:02 UTC] Datos: Array
(
)

[31-May-2026 17:29:02 UTC] Aviso: 'exchanges' no existe en u303404040_BASE_ACV_LCA; se omite sección opcional.
[31-May-2026 20:17:00 UTC] === DEBUG DATA QUALITY ===
[31-May-2026 20:17:00 UTC] UUID: 620cb407-2cc2-49a9-bfc7-0f232b5f71fe
[31-May-2026 20:17:00 UTC] Total registros: 0
[31-May-2026 20:17:00 UTC] Datos: Array
(
)

[31-May-2026 20:17:00 UTC] Aviso: 'exchanges' no existe en u303404040_BASE_ACV_LCA; se omite sección opcional.
[01-Jun-2026 00:38:22 UTC] === DEBUG DATA QUALITY ===
[01-Jun-2026 00:38:22 UTC] UUID: 0ac1b754-08b2-3d60-b78b-0ef1e6ffda2e
[01-Jun-2026 00:38:22 UTC] Total registros: 0
[01-Jun-2026 00:38:22 UTC] Datos: Array
(
)

[01-Jun-2026 00:38:23 UTC] Aviso: 'exchanges' no existe en u303404040_BASE_ACV_LCA; se omite sección opcional.
[01-Jun-2026 14:28:50 UTC] PHP Warning:  Undefined variable $filter_creados_por_usuarios in /home/u303404040/domains/ciclodevida.mx/public_html/conjuntos.php on line 435
[01-Jun-2026 23:01:44 UTC] PHP Warning:  Undefined variable $filter_creados_por_usuarios in /home/u303404040/domains/ciclodevida.mx/public_html/conjuntos.php on line 435
[01-Jun-2026 23:01:52 UTC] PHP Warning:  Undefined variable $filter_creados_por_usuarios in /home/u303404040/domains/ciclodevida.mx/public_html/conjuntos.php on line 435
[01-Jun-2026 23:02:00 UTC] PHP Warning:  Undefined variable $filter_creados_por_usuarios in /home/u303404040/domains/ciclodevida.mx/public_html/conjuntos.php on line 435
[01-Jun-2026 23:02:07 UTC] PHP Warning:  Undefined variable $filter_creados_por_usuarios in /home/u303404040/domains/ciclodevida.mx/public_html/conjuntos.php on line 435
[01-Jun-2026 23:02:09 UTC] PHP Warning:  Undefined variable $filter_creados_por_usuarios in /home/u303404040/domains/ciclodevida.mx/public_html/conjuntos.php on line 435
[01-Jun-2026 23:02:12 UTC] PHP Warning:  Undefined variable $filter_creados_por_usuarios in /home/u303404040/domains/ciclodevida.mx/public_html/conjuntos.php on line 435
[01-Jun-2026 23:03:06 UTC] === DEBUG DATA QUALITY ===
[01-Jun-2026 23:03:06 UTC] UUID: 7caceef8-4a97-3de3-97fb-53241bdc8448
[01-Jun-2026 23:03:06 UTC] Total registros: 0
[01-Jun-2026 23:03:06 UTC] Datos: Array
(
)

[01-Jun-2026 23:03:06 UTC] Aviso: 'exchanges' no existe en u303404040_BASE_ACV_LCA; se omite sección opcional.
[01-Jun-2026 23:04:06 UTC] === DEBUG DATA QUALITY ===
[01-Jun-2026 23:04:06 UTC] UUID: 7caceef8-4a97-3de3-97fb-53241bdc8448
[01-Jun-2026 23:04:06 UTC] Total registros: 0
[01-Jun-2026 23:04:06 UTC] Datos: Array
(
)

[01-Jun-2026 23:04:06 UTC] Aviso: 'exchanges' no existe en u303404040_BASE_ACV_LCA; se omite sección opcional.
[01-Jun-2026 23:04:11 UTC] === DEBUG DATA QUALITY ===
[01-Jun-2026 23:04:11 UTC] UUID: 7caceef8-4a97-3de3-97fb-53241bdc8448
[01-Jun-2026 23:04:11 UTC] Total registros: 0
[01-Jun-2026 23:04:11 UTC] Datos: Array
(
)

[01-Jun-2026 23:04:11 UTC] Aviso: 'exchanges' no existe en u303404040_BASE_ACV_LCA; se omite sección opcional.
[01-Jun-2026 23:04:27 UTC] === DEBUG DATA QUALITY ===
[01-Jun-2026 23:04:27 UTC] UUID: 37438604-4465-497b-ab86-e4b6af017fcc
[01-Jun-2026 23:04:27 UTC] Total registros: 0
[01-Jun-2026 23:04:27 UTC] Datos: Array
(
)

[01-Jun-2026 23:04:27 UTC] Aviso: 'exchanges' no existe en u303404040_BASE_ACV_LCA; se omite sección opcional.
[01-Jun-2026 23:04:30 UTC] PHP Warning:  Undefined variable $filter_creados_por_usuarios in /home/u303404040/domains/ciclodevida.mx/public_html/conjuntos.php on line 435
[02-Jun-2026 01:48:22 UTC] === DEBUG DATA QUALITY ===
[02-Jun-2026 01:48:22 UTC] UUID: 9597513f-e6fc-4afa-a86a-ca61e408d8ad
[02-Jun-2026 01:48:22 UTC] Total registros: 0
[02-Jun-2026 01:48:22 UTC] Datos: Array
(
)

[02-Jun-2026 01:48:22 UTC] Aviso: 'exchanges' no existe en u303404040_BASE_ACV_LCA; se omite sección opcional.
[02-Jun-2026 10:03:36 UTC] === DEBUG DATA QUALITY ===
[02-Jun-2026 10:03:36 UTC] UUID: 9c8370b4-31f7-49e3-b53b-073a3a088fec
[02-Jun-2026 10:03:36 UTC] Total registros: 0
[02-Jun-2026 10:03:36 UTC] Datos: Array
(
)

[02-Jun-2026 10:03:36 UTC] Aviso: 'exchanges' no existe en u303404040_BASE_ACV_LCA; se omite sección opcional.
[02-Jun-2026 14:34:58 UTC] === DEBUG DATA QUALITY ===
[02-Jun-2026 14:34:58 UTC] UUID: 2a33b7c1-3de7-4ea0-8bbd-1076f87e85c0
[02-Jun-2026 14:34:58 UTC] Total registros: 0
[02-Jun-2026 14:34:58 UTC] Datos: Array
(
)

[02-Jun-2026 14:34:58 UTC] Aviso: 'exchanges' no existe en u303404040_BASE_ACV_LCA; se omite sección opcional.
[02-Jun-2026 17:06:03 UTC] === DEBUG DATA QUALITY ===
[02-Jun-2026 17:06:03 UTC] UUID: a12ed0ff-037b-4b6c-aeaa-23e5633627a3
[02-Jun-2026 17:06:03 UTC] Total registros: 0
[02-Jun-2026 17:06:03 UTC] Datos: Array
(
)

[02-Jun-2026 17:06:03 UTC] Aviso: 'exchanges' no existe en u303404040_BASE_ACV_LCA; se omite sección opcional.
[02-Jun-2026 23:48:33 UTC] PHP Warning:  Undefined variable $filter_creados_por_usuarios in /home/u303404040/domains/ciclodevida.mx/public_html/conjuntos.php on line 435
[02-Jun-2026 23:49:03 UTC] PHP Warning:  Undefined variable $filter_creados_por_usuarios in /home/u303404040/domains/ciclodevida.mx/public_html/conjuntos.php on line 435
[03-Jun-2026 00:04:19 UTC] PHP Warning:  Undefined variable $filter_creados_por_usuarios in /home/u303404040/domains/ciclodevida.mx/public_html/conjuntos.php on line 435
[03-Jun-2026 12:18:57 UTC] === DEBUG DATA QUALITY ===
[03-Jun-2026 12:18:57 UTC] UUID: 7be5ff58-4ccf-473b-99da-02ad6174074f
[03-Jun-2026 12:18:57 UTC] Total registros: 0
[03-Jun-2026 12:18:57 UTC] Datos: Array
(
)

[03-Jun-2026 12:18:57 UTC] Aviso: 'exchanges' no existe en u303404040_BASE_ACV_LCA; se omite sección opcional.
[03-Jun-2026 19:54:30 UTC] PHP Warning:  Undefined variable $filter_creados_por_usuarios in /home/u303404040/domains/ciclodevida.mx/public_html/conjuntos.php on line 435
[03-Jun-2026 19:56:18 UTC] PHP Warning:  Undefined variable $filter_creados_por_usuarios in /home/u303404040/domains/ciclodevida.mx/public_html/conjuntos.php on line 435
[04-Jun-2026 01:27:28 UTC] === DEBUG DATA QUALITY ===
[04-Jun-2026 01:27:28 UTC] UUID: 7b1d3421-fdac-4dcf-9316-00bbe4505b10
[04-Jun-2026 01:27:28 UTC] Total registros: 0
[04-Jun-2026 01:27:28 UTC] Datos: Array
(
)

[04-Jun-2026 01:27:28 UTC] Aviso: 'exchanges' no existe en u303404040_BASE_ACV_LCA; se omite sección opcional.
[04-Jun-2026 10:12:06 UTC] === DEBUG DATA QUALITY ===
[04-Jun-2026 10:12:06 UTC] UUID: 4f99f712-50b2-4d1b-a258-ecf7a8d57724
[04-Jun-2026 10:12:06 UTC] Total registros: 0
[04-Jun-2026 10:12:06 UTC] Datos: Array
(
)

[04-Jun-2026 10:12:06 UTC] Aviso: 'exchanges' no existe en u303404040_BASE_ACV_LCA; se omite sección opcional.
[04-Jun-2026 17:14:15 UTC] PHP Warning:  Undefined variable $filter_creados_por_usuarios in /home/u303404040/domains/ciclodevida.mx/public_html/conjuntos.php on line 435
[04-Jun-2026 18:04:58 UTC] PHP Warning:  Undefined variable $filter_creados_por_usuarios in /home/u303404040/domains/ciclodevida.mx/public_html/conjuntos.php on line 435
[04-Jun-2026 18:05:01 UTC] PHP Warning:  Undefined variable $filter_creados_por_usuarios in /home/u303404040/domains/ciclodevida.mx/public_html/conjuntos.php on line 435
[04-Jun-2026 18:05:03 UTC] PHP Warning:  Undefined variable $filter_creados_por_usuarios in /home/u303404040/domains/ciclodevida.mx/public_html/conjuntos.php on line 435
[05-Jun-2026 05:29:27 UTC] === DEBUG DATA QUALITY ===
[05-Jun-2026 05:29:27 UTC] UUID: 4da44ea3-ce37-41c5-8457-096445dc55af
[05-Jun-2026 05:29:27 UTC] Total registros: 0
[05-Jun-2026 05:29:27 UTC] Datos: Array
(
)

[05-Jun-2026 05:29:27 UTC] Aviso: 'exchanges' no existe en u303404040_BASE_ACV_LCA; se omite sección opcional.
[05-Jun-2026 14:34:52 UTC] PHP Warning:  Undefined variable $filter_creados_por_usuarios in /home/u303404040/domains/ciclodevida.mx/public_html/conjuntos.php on line 435
[05-Jun-2026 20:20:41 UTC] PHP Warning:  Undefined variable $filter_creados_por_usuarios in /home/u303404040/domains/ciclodevida.mx/public_html/conjuntos.php on line 435
[05-Jun-2026 20:34:10 UTC] === DEBUG DATA QUALITY ===
[05-Jun-2026 20:34:10 UTC] UUID: 5cb2e1cc-519f-44e2-9da3-90c6e8c7a1b7
[05-Jun-2026 20:34:10 UTC] Total registros: 0
[05-Jun-2026 20:34:10 UTC] Datos: Array
(
)

[05-Jun-2026 20:34:10 UTC] Aviso: 'exchanges' no existe en u303404040_BASE_ACV_LCA; se omite sección opcional.
[06-Jun-2026 09:19:36 UTC] PHP Warning:  Undefined variable $filter_creados_por_usuarios in /home/u303404040/domains/ciclodevida.mx/public_html/conjuntos.php on line 435
[07-Jun-2026 00:38:15 UTC] PHP Warning:  Undefined variable $filter_creados_por_usuarios in /home/u303404040/domains/ciclodevida.mx/public_html/conjuntos.php on line 435
[07-Jun-2026 00:38:16 UTC] PHP Warning:  Undefined variable $filter_creados_por_usuarios in /home/u303404040/domains/ciclodevida.mx/public_html/conjuntos.php on line 435
[07-Jun-2026 18:01:59 UTC] PHP Warning:  Undefined variable $filter_creados_por_usuarios in /home/u303404040/domains/ciclodevida.mx/public_html/conjuntos.php on line 435
[09-Jun-2026 00:59:14 UTC] === DEBUG DATA QUALITY ===
[09-Jun-2026 00:59:14 UTC] UUID: f1ee34e9-45af-4af2-9256-6b8684f4d932
[09-Jun-2026 00:59:14 UTC] Total registros: 0
[09-Jun-2026 00:59:14 UTC] Datos: Array
(
)

[09-Jun-2026 00:59:14 UTC] Aviso: 'exchanges' no existe en u303404040_BASE_ACV_LCA; se omite sección opcional.
[10-Jun-2026 00:31:34 UTC] PHP Warning:  Undefined variable $filter_creados_por_usuarios in /home/u303404040/domains/ciclodevida.mx/public_html/conjuntos.php on line 435
[10-Jun-2026 00:31:34 UTC] PHP Warning:  Undefined variable $filter_creados_por_usuarios in /home/u303404040/domains/ciclodevida.mx/public_html/conjuntos.php on line 435
[10-Jun-2026 00:39:08 UTC] PHP Warning:  Undefined variable $filter_creados_por_usuarios in /home/u303404040/domains/ciclodevida.mx/public_html/conjuntos.php on line 435
[10-Jun-2026 00:39:16 UTC] PHP Warning:  Undefined variable $filter_creados_por_usuarios in /home/u303404040/domains/ciclodevida.mx/public_html/conjuntos.php on line 435
[10-Jun-2026 07:10:48 UTC] PHP Warning:  Undefined variable $filter_creados_por_usuarios in /home/u303404040/domains/ciclodevida.mx/public_html/conjuntos.php on line 435
[10-Jun-2026 16:45:29 UTC] PHP Warning:  Undefined variable $filter_creados_por_usuarios in /home/u303404040/domains/ciclodevida.mx/public_html/conjuntos.php on line 435
[10-Jun-2026 16:45:33 UTC] PHP Warning:  Undefined variable $filter_creados_por_usuarios in /home/u303404040/domains/ciclodevida.mx/public_html/conjuntos.php on line 435
[10-Jun-2026 17:21:10 UTC] PHP Warning:  Undefined variable $filter_creados_por_usuarios in /home/u303404040/domains/ciclodevida.mx/public_html/conjuntos.php on line 435
[10-Jun-2026 17:44:07 UTC] PHP Warning:  Undefined variable $filter_creados_por_usuarios in /home/u303404040/domains/ciclodevida.mx/public_html/conjuntos.php on line 435
[10-Jun-2026 18:58:59 UTC] PHP Warning:  Undefined variable $filter_creados_por_usuarios in /home/u303404040/domains/ciclodevida.mx/public_html/conjuntos.php on line 435
[10-Jun-2026 18:59:12 UTC] PHP Warning:  Undefined variable $filter_creados_por_usuarios in /home/u303404040/domains/ciclodevida.mx/public_html/conjuntos.php on line 435
[10-Jun-2026 18:59:52 UTC] === DEBUG DATA QUALITY ===
[10-Jun-2026 18:59:52 UTC] UUID: 6c78e977-fa50-3787-8bde-8944d5010283
[10-Jun-2026 18:59:52 UTC] Total registros: 0
[10-Jun-2026 18:59:52 UTC] Datos: Array
(
)

[10-Jun-2026 18:59:52 UTC] Aviso: 'exchanges' no existe en u303404040_BASE_ACV_LCA; se omite sección opcional.
[10-Jun-2026 19:00:46 UTC] PHP Warning:  Undefined variable $filter_creados_por_usuarios in /home/u303404040/domains/ciclodevida.mx/public_html/conjuntos.php on line 435
[10-Jun-2026 19:11:00 UTC] PHP Warning:  Undefined variable $filter_creados_por_usuarios in /home/u303404040/domains/ciclodevida.mx/public_html/conjuntos.php on line 435
[10-Jun-2026 19:11:06 UTC] PHP Warning:  Undefined variable $filter_creados_por_usuarios in /home/u303404040/domains/ciclodevida.mx/public_html/conjuntos.php on line 435
[10-Jun-2026 19:21:33 UTC] PHP Warning:  Undefined variable $filter_creados_por_usuarios in /home/u303404040/domains/ciclodevida.mx/public_html/conjuntos.php on line 435
[10-Jun-2026 19:22:13 UTC] === DEBUG DATA QUALITY ===
[10-Jun-2026 19:22:13 UTC] UUID: 6a130217-485d-4c65-a947-a9653fc1dd14
[10-Jun-2026 19:22:13 UTC] Total registros: 0
[10-Jun-2026 19:22:13 UTC] Datos: Array
(
)

[10-Jun-2026 19:22:13 UTC] Aviso: 'exchanges' no existe en u303404040_BASE_ACV_LCA; se omite sección opcional.
[10-Jun-2026 19:22:23 UTC] === DEBUG DATA QUALITY ===
[10-Jun-2026 19:22:23 UTC] UUID: 0b34d7ff-1c00-42b3-9a42-7db5bed3da89
[10-Jun-2026 19:22:23 UTC] Total registros: 0
[10-Jun-2026 19:22:23 UTC] Datos: Array
(
)

[10-Jun-2026 19:22:23 UTC] Aviso: 'exchanges' no existe en u303404040_BASE_ACV_LCA; se omite sección opcional.
[10-Jun-2026 19:22:26 UTC] === DEBUG DATA QUALITY ===
[10-Jun-2026 19:22:26 UTC] UUID: ba3dcd1a-1f21-4f9e-9394-d56ffec053c5
[10-Jun-2026 19:22:26 UTC] Total registros: 0
[10-Jun-2026 19:22:26 UTC] Datos: Array
(
)

[10-Jun-2026 19:22:26 UTC] Aviso: 'exchanges' no existe en u303404040_BASE_ACV_LCA; se omite sección opcional.
[10-Jun-2026 19:22:45 UTC] PHP Warning:  Undefined variable $filter_creados_por_usuarios in /home/u303404040/domains/ciclodevida.mx/public_html/conjuntos.php on line 435
[10-Jun-2026 19:22:47 UTC] === DEBUG DATA QUALITY ===
[10-Jun-2026 19:22:47 UTC] UUID: d91a8124-8ddc-4a87-b593-596ccbe5889d
[10-Jun-2026 19:22:47 UTC] Total registros: 0
[10-Jun-2026 19:22:47 UTC] Datos: Array
(
)

[10-Jun-2026 19:22:47 UTC] Aviso: 'exchanges' no existe en u303404040_BASE_ACV_LCA; se omite sección opcional.
[10-Jun-2026 23:45:50 UTC] === DEBUG DATA QUALITY ===
[10-Jun-2026 23:45:50 UTC] UUID: 67edb0c0-1723-437c-b660-b05e2b15a683
[10-Jun-2026 23:45:50 UTC] Total registros: 0
[10-Jun-2026 23:45:50 UTC] Datos: Array
(
)

[10-Jun-2026 23:45:50 UTC] Aviso: 'exchanges' no existe en u303404040_BASE_ACV_LCA; se omite sección opcional.
[11-Jun-2026 11:29:50 UTC] PHP Warning:  Undefined variable $filter_creados_por_usuarios in /home/u303404040/domains/ciclodevida.mx/public_html/conjuntos.php on line 435
[12-Jun-2026 19:29:21 UTC] PHP Warning:  Undefined variable $filter_creados_por_usuarios in /home/u303404040/domains/ciclodevida.mx/public_html/conjuntos.php on line 435
[12-Jun-2026 19:30:01 UTC] PHP Warning:  Undefined variable $filter_creados_por_usuarios in /home/u303404040/domains/ciclodevida.mx/public_html/conjuntos.php on line 435
[12-Jun-2026 19:30:04 UTC] === DEBUG DATA QUALITY ===
[12-Jun-2026 19:30:04 UTC] UUID: d91a8124-8ddc-4a87-b593-596ccbe5889d
[12-Jun-2026 19:30:04 UTC] Total registros: 0
[12-Jun-2026 19:30:04 UTC] Datos: Array
(
)

[12-Jun-2026 19:30:04 UTC] Aviso: 'exchanges' no existe en u303404040_BASE_ACV_LCA; se omite sección opcional.
[12-Jun-2026 19:31:05 UTC] === DEBUG DATA QUALITY ===
[12-Jun-2026 19:31:05 UTC] UUID: d91a8124-8ddc-4a87-b593-596ccbe5889d
[12-Jun-2026 19:31:05 UTC] Total registros: 0
[12-Jun-2026 19:31:05 UTC] Datos: Array
(
)

[12-Jun-2026 19:31:05 UTC] Aviso: 'exchanges' no existe en u303404040_BASE_ACV_LCA; se omite sección opcional.
[12-Jun-2026 19:31:24 UTC] === DEBUG DATA QUALITY ===
[12-Jun-2026 19:31:24 UTC] UUID: 5cb2e1cc-519f-44e2-9da3-90c6e8c7a1b7
[12-Jun-2026 19:31:24 UTC] Total registros: 0
[12-Jun-2026 19:31:24 UTC] Datos: Array
(
)

[12-Jun-2026 19:31:24 UTC] Aviso: 'exchanges' no existe en u303404040_BASE_ACV_LCA; se omite sección opcional.
[12-Jun-2026 19:31:36 UTC] === DEBUG DATA QUALITY ===
[12-Jun-2026 19:31:36 UTC] UUID: 5cb2e1cc-519f-44e2-9da3-90c6e8c7a1b7
[12-Jun-2026 19:31:36 UTC] Total registros: 0
[12-Jun-2026 19:31:36 UTC] Datos: Array
(
)

[12-Jun-2026 19:31:36 UTC] Aviso: 'exchanges' no existe en u303404040_BASE_ACV_LCA; se omite sección opcional.
[12-Jun-2026 19:35:29 UTC] PHP Warning:  Undefined variable $filter_creados_por_usuarios in /home/u303404040/domains/ciclodevida.mx/public_html/conjuntos.php on line 435
[12-Jun-2026 19:36:29 UTC] PHP Warning:  Undefined variable $filter_creados_por_usuarios in /home/u303404040/domains/ciclodevida.mx/public_html/conjuntos.php on line 435
[12-Jun-2026 19:36:33 UTC] PHP Warning:  Undefined variable $filter_creados_por_usuarios in /home/u303404040/domains/ciclodevida.mx/public_html/conjuntos.php on line 435
[12-Jun-2026 19:37:05 UTC] PHP Warning:  Undefined variable $filter_creados_por_usuarios in /home/u303404040/domains/ciclodevida.mx/public_html/conjuntos.php on line 435
[12-Jun-2026 19:59:31 UTC] === DEBUG DATA QUALITY ===
[12-Jun-2026 19:59:31 UTC] UUID: cfc5228a-e3c7-47a5-b9fb-78d8cc48ab7d
[12-Jun-2026 19:59:31 UTC] Total registros: 0
[12-Jun-2026 19:59:31 UTC] Datos: Array
(
)

[12-Jun-2026 19:59:31 UTC] Aviso: 'exchanges' no existe en u303404040_BASE_ACV_LCA; se omite sección opcional.
[12-Jun-2026 19:59:57 UTC] === DEBUG DATA QUALITY ===
[12-Jun-2026 19:59:57 UTC] UUID: cfc5228a-e3c7-47a5-b9fb-78d8cc48ab7d
[12-Jun-2026 19:59:57 UTC] Total registros: 0
[12-Jun-2026 19:59:57 UTC] Datos: Array
(
)

[12-Jun-2026 19:59:57 UTC] Aviso: 'exchanges' no existe en u303404040_BASE_ACV_LCA; se omite sección opcional.
[12-Jun-2026 20:00:57 UTC] === DEBUG DATA QUALITY ===
[12-Jun-2026 20:00:57 UTC] UUID: 20dfafc0-bddf-4091-8a93-959333740e6f
[12-Jun-2026 20:00:57 UTC] Total registros: 0
[12-Jun-2026 20:00:57 UTC] Datos: Array
(
)

[12-Jun-2026 20:00:57 UTC] Aviso: 'exchanges' no existe en u303404040_BASE_ACV_LCA; se omite sección opcional.
[12-Jun-2026 20:01:11 UTC] === DEBUG DATA QUALITY ===
[12-Jun-2026 20:01:11 UTC] UUID: cfc5228a-e3c7-47a5-b9fb-78d8cc48ab7d
[12-Jun-2026 20:01:11 UTC] Total registros: 0
[12-Jun-2026 20:01:11 UTC] Datos: Array
(
)

[12-Jun-2026 20:01:11 UTC] Aviso: 'exchanges' no existe en u303404040_BASE_ACV_LCA; se omite sección opcional.
[12-Jun-2026 20:02:43 UTC] === DEBUG DATA QUALITY ===
[12-Jun-2026 20:02:43 UTC] UUID: cfc5228a-e3c7-47a5-b9fb-78d8cc48ab7d
[12-Jun-2026 20:02:43 UTC] Total registros: 0
[12-Jun-2026 20:02:43 UTC] Datos: Array
(
)

[12-Jun-2026 20:02:43 UTC] Aviso: 'exchanges' no existe en u303404040_BASE_ACV_LCA; se omite sección opcional.
[12-Jun-2026 20:03:03 UTC] PHP Warning:  Undefined variable $filter_creados_por_usuarios in /home/u303404040/domains/ciclodevida.mx/public_html/conjuntos.php on line 435
[12-Jun-2026 20:03:21 UTC] === DEBUG DATA QUALITY ===
[12-Jun-2026 20:03:21 UTC] UUID: 20dfafc0-bddf-4091-8a93-959333740e6f
[12-Jun-2026 20:03:21 UTC] Total registros: 0
[12-Jun-2026 20:03:21 UTC] Datos: Array
(
)

[12-Jun-2026 20:03:21 UTC] Aviso: 'exchanges' no existe en u303404040_BASE_ACV_LCA; se omite sección opcional.
[12-Jun-2026 20:03:43 UTC] === DEBUG DATA QUALITY ===
[12-Jun-2026 20:03:43 UTC] UUID: 20dfafc0-bddf-4091-8a93-959333740e6f
[12-Jun-2026 20:03:43 UTC] Total registros: 0
[12-Jun-2026 20:03:43 UTC] Datos: Array
(
)

[12-Jun-2026 20:03:43 UTC] Aviso: 'exchanges' no existe en u303404040_BASE_ACV_LCA; se omite sección opcional.
[12-Jun-2026 20:04:11 UTC] PHP Warning:  Undefined variable $filter_creados_por_usuarios in /home/u303404040/domains/ciclodevida.mx/public_html/conjuntos.php on line 435
[12-Jun-2026 22:20:57 UTC] PHP Warning:  Undefined variable $filter_creados_por_usuarios in /home/u303404040/domains/ciclodevida.mx/public_html/conjuntos.php on line 435
[13-Jun-2026 00:30:05 UTC] PHP Warning:  Undefined variable $filter_creados_por_usuarios in /home/u303404040/domains/ciclodevida.mx/public_html/conjuntos.php on line 435
[13-Jun-2026 01:23:25 UTC] === DEBUG DATA QUALITY ===
[13-Jun-2026 01:23:25 UTC] UUID: 5cb2e1cc-519f-44e2-9da3-90c6e8c7a1b7
[13-Jun-2026 01:23:25 UTC] Total registros: 0
[13-Jun-2026 01:23:25 UTC] Datos: Array
(
)

[13-Jun-2026 01:23:25 UTC] Aviso: 'exchanges' no existe en u303404040_BASE_ACV_LCA; se omite sección opcional.
[14-Jun-2026 19:29:22 UTC] === DEBUG DATA QUALITY ===
[14-Jun-2026 19:29:22 UTC] UUID: 646847fe-0f58-47c7-bcd9-ad241170b7e1
[14-Jun-2026 19:29:22 UTC] Total registros: 0
[14-Jun-2026 19:29:22 UTC] Datos: Array
(
)

[14-Jun-2026 19:29:22 UTC] Aviso: 'exchanges' no existe en u303404040_BASE_ACV_LCA; se omite sección opcional.
[14-Jun-2026 20:10:00 UTC] === DEBUG DATA QUALITY ===
[14-Jun-2026 20:10:00 UTC] UUID: f4e7caef-865f-4868-8734-f7a0598b9430
[14-Jun-2026 20:10:00 UTC] Total registros: 0
[14-Jun-2026 20:10:00 UTC] Datos: Array
(
)

[14-Jun-2026 20:10:00 UTC] Aviso: 'exchanges' no existe en u303404040_BASE_ACV_LCA; se omite sección opcional.
[14-Jun-2026 22:01:23 UTC] === DEBUG DATA QUALITY ===
[14-Jun-2026 22:01:23 UTC] UUID: 5cb2e1cc-519f-44e2-9da3-90c6e8c7a1b7
[14-Jun-2026 22:01:23 UTC] Total registros: 0
[14-Jun-2026 22:01:23 UTC] Datos: Array
(
)

[14-Jun-2026 22:01:23 UTC] Aviso: 'exchanges' no existe en u303404040_BASE_ACV_LCA; se omite sección opcional.
[14-Jun-2026 22:03:08 UTC] PHP Warning:  Undefined variable $filter_creados_por_usuarios in /home/u303404040/domains/ciclodevida.mx/public_html/conjuntos.php on line 435
[15-Jun-2026 04:32:22 UTC] === DEBUG DATA QUALITY ===
[15-Jun-2026 04:32:22 UTC] UUID: 5cb2e1cc-519f-44e2-9da3-90c6e8c7a1b7
[15-Jun-2026 04:32:22 UTC] Total registros: 0
[15-Jun-2026 04:32:22 UTC] Datos: Array
(
)

[15-Jun-2026 04:32:22 UTC] Aviso: 'exchanges' no existe en u303404040_BASE_ACV_LCA; se omite sección opcional.
[15-Jun-2026 23:48:36 UTC] === DEBUG DATA QUALITY ===
[15-Jun-2026 23:48:36 UTC] UUID: 20ae0b89-acbd-402a-bce1-9a89edcb6442
[15-Jun-2026 23:48:36 UTC] Total registros: 0
[15-Jun-2026 23:48:36 UTC] Datos: Array
(
)

[15-Jun-2026 23:48:36 UTC] Aviso: 'exchanges' no existe en u303404040_BASE_ACV_LCA; se omite sección opcional.
[16-Jun-2026 06:06:05 UTC] === DEBUG DATA QUALITY ===
[16-Jun-2026 06:06:05 UTC] UUID: 5cb2e1cc-519f-44e2-9da3-90c6e8c7a1b7
[16-Jun-2026 06:06:05 UTC] Total registros: 0
[16-Jun-2026 06:06:05 UTC] Datos: Array
(
)

[16-Jun-2026 06:06:05 UTC] Aviso: 'exchanges' no existe en u303404040_BASE_ACV_LCA; se omite sección opcional.
[16-Jun-2026 19:20:28 UTC] === DEBUG DATA QUALITY ===
[16-Jun-2026 19:20:28 UTC] UUID: 2d467db2-fc58-475d-8217-aa4d29cbcbeb
[16-Jun-2026 19:20:28 UTC] Total registros: 0
[16-Jun-2026 19:20:28 UTC] Datos: Array
(
)

[16-Jun-2026 19:20:28 UTC] Aviso: 'exchanges' no existe en u303404040_BASE_ACV_LCA; se omite sección opcional.
[17-Jun-2026 02:58:23 UTC] === DEBUG DATA QUALITY ===
[17-Jun-2026 02:58:23 UTC] UUID: 8487d63d-c14c-444d-ab1a-42c07b1b957c
[17-Jun-2026 02:58:23 UTC] Total registros: 0
[17-Jun-2026 02:58:23 UTC] Datos: Array
(
)

[17-Jun-2026 02:58:23 UTC] Aviso: 'exchanges' no existe en u303404040_BASE_ACV_LCA; se omite sección opcional.
[17-Jun-2026 15:18:34 UTC] === DEBUG DATA QUALITY ===
[17-Jun-2026 15:18:34 UTC] UUID: ba059dc5-ff2a-4215-aaf2-4a44d337c46a
[17-Jun-2026 15:18:34 UTC] Total registros: 0
[17-Jun-2026 15:18:34 UTC] Datos: Array
(
)

[17-Jun-2026 15:18:34 UTC] Aviso: 'exchanges' no existe en u303404040_BASE_ACV_LCA; se omite sección opcional.
[17-Jun-2026 19:07:46 UTC] PHP Warning:  Undefined variable $filter_creados_por_usuarios in /home/u303404040/domains/ciclodevida.mx/public_html/conjuntos.php on line 435
[17-Jun-2026 19:12:58 UTC] === DEBUG DATA QUALITY ===
[17-Jun-2026 19:12:58 UTC] UUID: 4ef7c83e-300a-4add-8602-42815e6f9e36
[17-Jun-2026 19:12:58 UTC] Total registros: 0
[17-Jun-2026 19:12:58 UTC] Datos: Array
(
)

[17-Jun-2026 19:12:58 UTC] Aviso: 'exchanges' no existe en u303404040_BASE_ACV_LCA; se omite sección opcional.
[18-Jun-2026 10:08:50 UTC] === DEBUG DATA QUALITY ===
[18-Jun-2026 10:08:50 UTC] UUID: 5f88d9c1-2ee8-4b49-aec5-d435e48b3635
[18-Jun-2026 10:08:50 UTC] Total registros: 0
[18-Jun-2026 10:08:50 UTC] Datos: Array
(
)

[18-Jun-2026 10:08:50 UTC] Aviso: 'exchanges' no existe en u303404040_BASE_ACV_LCA; se omite sección opcional.
[18-Jun-2026 16:29:28 UTC] === DEBUG DATA QUALITY ===
[18-Jun-2026 16:29:28 UTC] UUID: 7d90c295-10f6-4954-bde2-e4f362487269
[18-Jun-2026 16:29:28 UTC] Total registros: 0
[18-Jun-2026 16:29:28 UTC] Datos: Array
(
)

[18-Jun-2026 16:29:28 UTC] Aviso: 'exchanges' no existe en u303404040_BASE_ACV_LCA; se omite sección opcional.
[19-Jun-2026 17:45:01 UTC] === DEBUG DATA QUALITY ===
[19-Jun-2026 17:45:01 UTC] UUID: 7be5617f-33cd-4a4c-9d4c-5a9a5cdaa09f
[19-Jun-2026 17:45:01 UTC] Total registros: 0
[19-Jun-2026 17:45:01 UTC] Datos: Array
(
)

[19-Jun-2026 17:45:01 UTC] Aviso: 'exchanges' no existe en u303404040_BASE_ACV_LCA; se omite sección opcional.
[19-Jun-2026 23:23:53 UTC] === DEBUG DATA QUALITY ===
[19-Jun-2026 23:23:53 UTC] UUID: 456ebe52-6d3a-41c1-8c15-b6dd0cf5ffa7
[19-Jun-2026 23:23:53 UTC] Total registros: 0
[19-Jun-2026 23:23:53 UTC] Datos: Array
(
)

[19-Jun-2026 23:23:53 UTC] Aviso: 'exchanges' no existe en u303404040_BASE_ACV_LCA; se omite sección opcional.
[20-Jun-2026 08:59:35 UTC] PHP Warning:  Undefined variable $filter_creados_por_usuarios in /home/u303404040/domains/ciclodevida.mx/public_html/conjuntos.php on line 435
[20-Jun-2026 12:27:25 UTC] PHP Warning:  Undefined variable $filter_creados_por_usuarios in /home/u303404040/domains/ciclodevida.mx/public_html/conjuntos.php on line 435
[20-Jun-2026 15:41:50 UTC] PHP Warning:  Undefined variable $filter_creados_por_usuarios in /home/u303404040/domains/ciclodevida.mx/public_html/conjuntos.php on line 435
[21-Jun-2026 12:03:55 UTC] === DEBUG DATA QUALITY ===
[21-Jun-2026 12:03:55 UTC] UUID: 5286ae4d-cb2f-369a-8e54-3a7fcdd76cde
[21-Jun-2026 12:03:55 UTC] Total registros: 0
[21-Jun-2026 12:03:55 UTC] Datos: Array
(
)

[21-Jun-2026 12:03:55 UTC] Aviso: 'exchanges' no existe en u303404040_BASE_ACV_LCA; se omite sección opcional.
[22-Jun-2026 05:34:21 UTC] === DEBUG DATA QUALITY ===
[22-Jun-2026 05:34:21 UTC] UUID: f4189d64-6644-4851-949e-85b8fa123cb5
[22-Jun-2026 05:34:21 UTC] Total registros: 0
[22-Jun-2026 05:34:21 UTC] Datos: Array
(
)

[22-Jun-2026 05:34:21 UTC] Aviso: 'exchanges' no existe en u303404040_BASE_ACV_LCA; se omite sección opcional.
[23-Jun-2026 21:47:40 UTC] PHP Warning:  Undefined variable $filter_creados_por_usuarios in /home/u303404040/domains/ciclodevida.mx/public_html/conjuntos.php on line 435
[23-Jun-2026 21:48:12 UTC] PHP Warning:  Undefined variable $filter_creados_por_usuarios in /home/u303404040/domains/ciclodevida.mx/public_html/conjuntos.php on line 435
[23-Jun-2026 21:48:16 UTC] PHP Warning:  Undefined variable $filter_creados_por_usuarios in /home/u303404040/domains/ciclodevida.mx/public_html/conjuntos.php on line 435
[23-Jun-2026 21:48:19 UTC] PHP Warning:  Undefined variable $filter_creados_por_usuarios in /home/u303404040/domains/ciclodevida.mx/public_html/conjuntos.php on line 435
[23-Jun-2026 21:53:17 UTC] PHP Warning:  Undefined variable $filter_creados_por_usuarios in /home/u303404040/domains/ciclodevida.mx/public_html/conjuntos.php on line 435
[23-Jun-2026 21:57:07 UTC] PHP Warning:  Undefined variable $filter_creados_por_usuarios in /home/u303404040/domains/ciclodevida.mx/public_html/conjuntos.php on line 435
[23-Jun-2026 21:57:16 UTC] === DEBUG DATA QUALITY ===
[23-Jun-2026 21:57:16 UTC] UUID: d91a8124-8ddc-4a87-b593-596ccbe5889d
[23-Jun-2026 21:57:16 UTC] Total registros: 0
[23-Jun-2026 21:57:16 UTC] Datos: Array
(
)

[23-Jun-2026 21:57:16 UTC] Aviso: 'exchanges' no existe en u303404040_BASE_ACV_LCA; se omite sección opcional.
[23-Jun-2026 21:58:56 UTC] PHP Warning:  Undefined variable $filter_creados_por_usuarios in /home/u303404040/domains/ciclodevida.mx/public_html/conjuntos.php on line 435
[23-Jun-2026 21:59:00 UTC] PHP Warning:  Undefined variable $filter_creados_por_usuarios in /home/u303404040/domains/ciclodevida.mx/public_html/conjuntos.php on line 435
[23-Jun-2026 21:59:04 UTC] PHP Warning:  Undefined variable $filter_creados_por_usuarios in /home/u303404040/domains/ciclodevida.mx/public_html/conjuntos.php on line 435
[23-Jun-2026 22:01:18 UTC] === DEBUG DATA QUALITY ===
[23-Jun-2026 22:01:18 UTC] UUID: 53cc27f0-b462-4f89-8a7a-6b9ac6ac0d73
[23-Jun-2026 22:01:18 UTC] Total registros: 0
[23-Jun-2026 22:01:18 UTC] Datos: Array
(
)

[23-Jun-2026 22:01:18 UTC] Aviso: 'exchanges' no existe en u303404040_BASE_ACV_LCA; se omite sección opcional.
[23-Jun-2026 22:19:48 UTC] PHP Warning:  Undefined variable $filter_creados_por_usuarios in /home/u303404040/domains/ciclodevida.mx/public_html/conjuntos.php on line 435
[23-Jun-2026 23:22:26 UTC] PHP Warning:  Undefined variable $filter_creados_por_usuarios in /home/u303404040/domains/ciclodevida.mx/public_html/conjuntos.php on line 435
[24-Jun-2026 07:16:15 UTC] === DEBUG DATA QUALITY ===
[24-Jun-2026 07:16:15 UTC] UUID: 90fd599d-e36d-4358-b7e7-42876ed43240
[24-Jun-2026 07:16:15 UTC] Total registros: 0
[24-Jun-2026 07:16:15 UTC] Datos: Array
(
)

[24-Jun-2026 07:16:15 UTC] Aviso: 'exchanges' no existe en u303404040_BASE_ACV_LCA; se omite sección opcional.
[24-Jun-2026 11:15:33 UTC] PHP Warning:  Undefined variable $filter_creados_por_usuarios in /home/u303404040/domains/ciclodevida.mx/public_html/conjuntos.php on line 435
[24-Jun-2026 17:07:38 UTC] PHP Warning:  Undefined variable $filter_creados_por_usuarios in /home/u303404040/domains/ciclodevida.mx/public_html/conjuntos.php on line 435
[24-Jun-2026 17:45:06 UTC] PHP Warning:  Undefined variable $filter_creados_por_usuarios in /home/u303404040/domains/ciclodevida.mx/public_html/conjuntos.php on line 435
[24-Jun-2026 18:14:10 UTC] PHP Warning:  Undefined variable $filter_creados_por_usuarios in /home/u303404040/domains/ciclodevida.mx/public_html/conjuntos.php on line 435
[24-Jun-2026 19:40:48 UTC] PHP Warning:  Undefined variable $filter_creados_por_usuarios in /home/u303404040/domains/ciclodevida.mx/public_html/conjuntos.php on line 435
[24-Jun-2026 19:41:28 UTC] PHP Warning:  Undefined variable $filter_creados_por_usuarios in /home/u303404040/domains/ciclodevida.mx/public_html/conjuntos.php on line 435
[24-Jun-2026 19:41:47 UTC] PHP Warning:  Undefined variable $filter_creados_por_usuarios in /home/u303404040/domains/ciclodevida.mx/public_html/conjuntos.php on line 435
[24-Jun-2026 19:41:59 UTC] PHP Warning:  Undefined variable $filter_creados_por_usuarios in /home/u303404040/domains/ciclodevida.mx/public_html/conjuntos.php on line 435
[24-Jun-2026 19:43:51 UTC] PHP Warning:  Undefined variable $filter_creados_por_usuarios in /home/u303404040/domains/ciclodevida.mx/public_html/conjuntos.php on line 435
[24-Jun-2026 19:44:01 UTC] PHP Warning:  Undefined variable $filter_creados_por_usuarios in /home/u303404040/domains/ciclodevida.mx/public_html/conjuntos.php on line 435
[24-Jun-2026 19:45:18 UTC] PHP Warning:  Undefined variable $filter_creados_por_usuarios in /home/u303404040/domains/ciclodevida.mx/public_html/conjuntos.php on line 435
[24-Jun-2026 19:46:42 UTC] === DEBUG DATA QUALITY ===
[24-Jun-2026 19:46:42 UTC] UUID: 7c8850a0-8a74-4622-99c8-88e007013a52
[24-Jun-2026 19:46:42 UTC] Total registros: 0
[24-Jun-2026 19:46:42 UTC] Datos: Array
(
)

[24-Jun-2026 19:46:42 UTC] Aviso: 'exchanges' no existe en u303404040_BASE_ACV_LCA; se omite sección opcional.
[24-Jun-2026 19:46:42 UTC] === DEBUG DATA QUALITY ===
[24-Jun-2026 19:46:42 UTC] UUID: 7c8850a0-8a74-4622-99c8-88e007013a52
[24-Jun-2026 19:46:42 UTC] Total registros: 0
[24-Jun-2026 19:46:42 UTC] Datos: Array
(
)

[24-Jun-2026 19:46:42 UTC] Aviso: 'exchanges' no existe en u303404040_BASE_ACV_LCA; se omite sección opcional.
[24-Jun-2026 22:27:57 UTC] === DEBUG DATA QUALITY ===
[24-Jun-2026 22:27:57 UTC] UUID: f816fa57-dc42-4aa0-8eb2-4e8f5487ff77
[24-Jun-2026 22:27:57 UTC] Total registros: 0
[24-Jun-2026 22:27:57 UTC] Datos: Array
(
)

[24-Jun-2026 22:27:57 UTC] Aviso: 'exchanges' no existe en u303404040_BASE_ACV_LCA; se omite sección opcional.
[24-Jun-2026 22:59:49 UTC] === DEBUG DATA QUALITY ===
[24-Jun-2026 22:59:49 UTC] UUID: 9d6adb77-0604-4eda-a7e6-9c5a0ab5b003
[24-Jun-2026 22:59:49 UTC] Total registros: 0
[24-Jun-2026 22:59:49 UTC] Datos: Array
(
)

[24-Jun-2026 22:59:49 UTC] Aviso: 'exchanges' no existe en u303404040_BASE_ACV_LCA; se omite sección opcional.
[25-Jun-2026 21:39:40 UTC] PHP Warning:  Undefined variable $filter_creados_por_usuarios in /home/u303404040/domains/ciclodevida.mx/public_html/conjuntos.php on line 435
[25-Jun-2026 21:39:58 UTC] PHP Warning:  Undefined variable $filter_creados_por_usuarios in /home/u303404040/domains/ciclodevida.mx/public_html/conjuntos.php on line 435
[25-Jun-2026 21:49:14 UTC] PHP Warning:  Undefined variable $filter_creados_por_usuarios in /home/u303404040/domains/ciclodevida.mx/public_html/conjuntos.php on line 435
[25-Jun-2026 21:52:37 UTC] PHP Warning:  Undefined variable $filter_creados_por_usuarios in /home/u303404040/domains/ciclodevida.mx/public_html/conjuntos.php on line 435
[25-Jun-2026 21:53:09 UTC] === DEBUG DATA QUALITY ===
[25-Jun-2026 21:53:09 UTC] UUID: cca3268d-cf34-4fe6-b42b-e56a8fe23f5a
[25-Jun-2026 21:53:09 UTC] Total registros: 0
[25-Jun-2026 21:53:09 UTC] Datos: Array
(
)

[25-Jun-2026 21:53:09 UTC] Aviso: 'exchanges' no existe en u303404040_BASE_ACV_LCA; se omite sección opcional.
[25-Jun-2026 21:57:52 UTC] === DEBUG DATA QUALITY ===
[25-Jun-2026 21:57:52 UTC] UUID: cca3268d-cf34-4fe6-b42b-e56a8fe23f5a
[25-Jun-2026 21:57:52 UTC] Total registros: 0
[25-Jun-2026 21:57:52 UTC] Datos: Array
(
)

[25-Jun-2026 21:57:52 UTC] Aviso: 'exchanges' no existe en u303404040_BASE_ACV_LCA; se omite sección opcional.
[25-Jun-2026 21:58:01 UTC] === DEBUG DATA QUALITY ===
[25-Jun-2026 21:58:01 UTC] UUID: cca3268d-cf34-4fe6-b42b-e56a8fe23f5a
[25-Jun-2026 21:58:01 UTC] Total registros: 0
[25-Jun-2026 21:58:01 UTC] Datos: Array
(
)

[25-Jun-2026 21:58:01 UTC] Aviso: 'exchanges' no existe en u303404040_BASE_ACV_LCA; se omite sección opcional.
[25-Jun-2026 22:00:07 UTC] === DEBUG DATA QUALITY ===
[25-Jun-2026 22:00:07 UTC] UUID: 5cb2e1cc-519f-44e2-9da3-90c6e8c7a1b7
[25-Jun-2026 22:00:07 UTC] Total registros: 0
[25-Jun-2026 22:00:07 UTC] Datos: Array
(
)

[25-Jun-2026 22:00:07 UTC] Aviso: 'exchanges' no existe en u303404040_BASE_ACV_LCA; se omite sección opcional.
[25-Jun-2026 22:20:23 UTC] === DEBUG DATA QUALITY ===
[25-Jun-2026 22:20:23 UTC] UUID: 53aeceb5-a226-43cc-8d89-9ea03fb90109
[25-Jun-2026 22:20:23 UTC] Total registros: 0
[25-Jun-2026 22:20:23 UTC] Datos: Array
(
)

[25-Jun-2026 22:20:23 UTC] Aviso: 'exchanges' no existe en u303404040_BASE_ACV_LCA; se omite sección opcional.
[25-Jun-2026 23:44:01 UTC] === DEBUG DATA QUALITY ===
[25-Jun-2026 23:44:01 UTC] UUID: c63256e0-cee6-43a3-b9f4-7dfd9fc2ea32
[25-Jun-2026 23:44:01 UTC] Total registros: 0
[25-Jun-2026 23:44:01 UTC] Datos: Array
(
)

[25-Jun-2026 23:44:01 UTC] Aviso: 'exchanges' no existe en u303404040_BASE_ACV_LCA; se omite sección opcional.
[26-Jun-2026 01:33:49 UTC] === DEBUG DATA QUALITY ===
[26-Jun-2026 01:33:49 UTC] UUID: c5bd9194-40a5-4d3f-a87b-56ab45c3fc1e
[26-Jun-2026 01:33:49 UTC] Total registros: 0
[26-Jun-2026 01:33:49 UTC] Datos: Array
(
)

[26-Jun-2026 01:33:49 UTC] Aviso: 'exchanges' no existe en u303404040_BASE_ACV_LCA; se omite sección opcional.
[26-Jun-2026 02:19:26 UTC] === DEBUG DATA QUALITY ===
[26-Jun-2026 02:19:26 UTC] UUID: 2bcb11a8-8593-4372-99ea-be820088cf84
[26-Jun-2026 02:19:26 UTC] Total registros: 0
[26-Jun-2026 02:19:26 UTC] Datos: Array
(
)

[26-Jun-2026 02:19:26 UTC] Aviso: 'exchanges' no existe en u303404040_BASE_ACV_LCA; se omite sección opcional.
[26-Jun-2026 04:26:55 UTC] === DEBUG DATA QUALITY ===
[26-Jun-2026 04:26:55 UTC] UUID: 53aeceb5-a226-43cc-8d89-9ea03fb90109
[26-Jun-2026 04:26:55 UTC] Total registros: 0
[26-Jun-2026 04:26:55 UTC] Datos: Array
(
)

[26-Jun-2026 04:26:55 UTC] Aviso: 'exchanges' no existe en u303404040_BASE_ACV_LCA; se omite sección opcional.
[26-Jun-2026 04:29:04 UTC] === DEBUG DATA QUALITY ===
[26-Jun-2026 04:29:04 UTC] UUID: 53aeceb5-a226-43cc-8d89-9ea03fb90109
[26-Jun-2026 04:29:04 UTC] Total registros: 0
[26-Jun-2026 04:29:04 UTC] Datos: Array
(
)

[26-Jun-2026 04:29:04 UTC] Aviso: 'exchanges' no existe en u303404040_BASE_ACV_LCA; se omite sección opcional.
[26-Jun-2026 04:32:57 UTC] === DEBUG DATA QUALITY ===
[26-Jun-2026 04:32:57 UTC] UUID: 9c207514-7f68-4c6c-8396-38d695e555bd
[26-Jun-2026 04:32:57 UTC] Total registros: 0
[26-Jun-2026 04:32:57 UTC] Datos: Array
(
)

[26-Jun-2026 04:32:57 UTC] Aviso: 'exchanges' no existe en u303404040_BASE_ACV_LCA; se omite sección opcional.
[26-Jun-2026 04:34:02 UTC] === DEBUG DATA QUALITY ===
[26-Jun-2026 04:34:02 UTC] UUID: c5312ed9-c4f4-43f8-afec-8f981815a6ce
[26-Jun-2026 04:34:02 UTC] Total registros: 0
[26-Jun-2026 04:34:02 UTC] Datos: Array
(
)

[26-Jun-2026 04:34:02 UTC] Aviso: 'exchanges' no existe en u303404040_BASE_ACV_LCA; se omite sección opcional.
[26-Jun-2026 04:35:07 UTC] === DEBUG DATA QUALITY ===
[26-Jun-2026 04:35:07 UTC] UUID: b53ba969-a461-4dc1-9e95-cfe7844e9f2c
[26-Jun-2026 04:35:07 UTC] Total registros: 0
[26-Jun-2026 04:35:07 UTC] Datos: Array
(
)

[26-Jun-2026 04:35:07 UTC] Aviso: 'exchanges' no existe en u303404040_BASE_ACV_LCA; se omite sección opcional.
[26-Jun-2026 04:35:45 UTC] === DEBUG DATA QUALITY ===
[26-Jun-2026 04:35:45 UTC] UUID: 55d4291d-6b35-41a4-b949-0ed21ca8f71e
[26-Jun-2026 04:35:45 UTC] Total registros: 0
[26-Jun-2026 04:35:45 UTC] Datos: Array
(
)

[26-Jun-2026 04:35:45 UTC] Aviso: 'exchanges' no existe en u303404040_BASE_ACV_LCA; se omite sección opcional.
[26-Jun-2026 04:36:49 UTC] === DEBUG DATA QUALITY ===
[26-Jun-2026 04:36:49 UTC] UUID: 26026929-cc84-4b7a-a2eb-f24fce2de6bc
[26-Jun-2026 04:36:49 UTC] Total registros: 0
[26-Jun-2026 04:36:49 UTC] Datos: Array
(
)

[26-Jun-2026 04:36:49 UTC] Aviso: 'exchanges' no existe en u303404040_BASE_ACV_LCA; se omite sección opcional.
[26-Jun-2026 04:37:27 UTC] === DEBUG DATA QUALITY ===
[26-Jun-2026 04:37:27 UTC] UUID: d91a8124-8ddc-4a87-b593-596ccbe5889d
[26-Jun-2026 04:37:27 UTC] Total registros: 0
[26-Jun-2026 04:37:27 UTC] Datos: Array
(
)

[26-Jun-2026 04:37:27 UTC] Aviso: 'exchanges' no existe en u303404040_BASE_ACV_LCA; se omite sección opcional.
[26-Jun-2026 20:54:27 UTC] PHP Warning:  Undefined variable $filter_creados_por_usuarios in /home/u303404040/domains/ciclodevida.mx/public_html/conjuntos.php on line 435
[26-Jun-2026 21:21:11 UTC] PHP Warning:  Undefined variable $filter_creados_por_usuarios in /home/u303404040/domains/ciclodevida.mx/public_html/conjuntos.php on line 435
[27-Jun-2026 04:24:40 UTC] PHP Warning:  Undefined variable $filter_creados_por_usuarios in /home/u303404040/domains/ciclodevida.mx/public_html/conjuntos.php on line 435
[27-Jun-2026 09:35:55 UTC] === DEBUG DATA QUALITY ===
[27-Jun-2026 09:35:55 UTC] UUID: bdba21b7-5981-4517-889e-a3d6b41e13de
[27-Jun-2026 09:35:55 UTC] Total registros: 0
[27-Jun-2026 09:35:55 UTC] Datos: Array
(
)

[27-Jun-2026 09:35:55 UTC] Aviso: 'exchanges' no existe en u303404040_BASE_ACV_LCA; se omite sección opcional.
[28-Jun-2026 10:21:07 UTC] === DEBUG DATA QUALITY ===
[28-Jun-2026 10:21:07 UTC] UUID: 5c9852aa-24c5-4f01-8e7d-7c0cb6fbe38d
[28-Jun-2026 10:21:07 UTC] Total registros: 0
[28-Jun-2026 10:21:07 UTC] Datos: Array
(
)

[28-Jun-2026 10:21:07 UTC] Aviso: 'exchanges' no existe en u303404040_BASE_ACV_LCA; se omite sección opcional.
[30-Jun-2026 17:53:18 UTC] PHP Warning:  Undefined variable $filter_creados_por_usuarios in /home/u303404040/domains/ciclodevida.mx/public_html/conjuntos.php on line 435
[30-Jun-2026 17:55:03 UTC] PHP Warning:  Undefined variable $filter_creados_por_usuarios in /home/u303404040/domains/ciclodevida.mx/public_html/conjuntos.php on line 435
[30-Jun-2026 17:55:42 UTC] PHP Warning:  Undefined variable $filter_creados_por_usuarios in /home/u303404040/domains/ciclodevida.mx/public_html/conjuntos.php on line 435
[30-Jun-2026 19:58:44 UTC] PHP Warning:  Undefined variable $filter_creados_por_usuarios in /home/u303404040/domains/ciclodevida.mx/public_html/conjuntos.php on line 435
[30-Jun-2026 20:08:40 UTC] PHP Warning:  Undefined variable $filter_creados_por_usuarios in /home/u303404040/domains/ciclodevida.mx/public_html/conjuntos.php on line 435
[30-Jun-2026 20:08:43 UTC] === DEBUG DATA QUALITY ===
[30-Jun-2026 20:08:43 UTC] UUID: d91a8124-8ddc-4a87-b593-596ccbe5889d
[30-Jun-2026 20:08:43 UTC] Total registros: 0
[30-Jun-2026 20:08:43 UTC] Datos: Array
(
)

[30-Jun-2026 20:08:43 UTC] Aviso: 'exchanges' no existe en u303404040_BASE_ACV_LCA; se omite sección opcional.
[30-Jun-2026 20:09:25 UTC] PHP Warning:  Undefined variable $filter_creados_por_usuarios in /home/u303404040/domains/ciclodevida.mx/public_html/conjuntos.php on line 435
[30-Jun-2026 20:09:50 UTC] === DEBUG DATA QUALITY ===
[30-Jun-2026 20:09:50 UTC] UUID: 55d4291d-6b35-41a4-b949-0ed21ca8f71e
[30-Jun-2026 20:09:50 UTC] Total registros: 0
[30-Jun-2026 20:09:50 UTC] Datos: Array
(
)

[30-Jun-2026 20:09:50 UTC] Aviso: 'exchanges' no existe en u303404040_BASE_ACV_LCA; se omite sección opcional.
[30-Jun-2026 20:10:22 UTC] PHP Warning:  Undefined variable $filter_creados_por_usuarios in /home/u303404040/domains/ciclodevida.mx/public_html/conjuntos.php on line 435
[30-Jun-2026 20:10:36 UTC] PHP Warning:  Undefined variable $filter_creados_por_usuarios in /home/u303404040/domains/ciclodevida.mx/public_html/conjuntos.php on line 435
[30-Jun-2026 20:10:41 UTC] PHP Warning:  Undefined variable $filter_creados_por_usuarios in /home/u303404040/domains/ciclodevida.mx/public_html/conjuntos.php on line 435
[30-Jun-2026 20:10:41 UTC] PHP Warning:  Undefined variable $filter_creados_por_usuarios in /home/u303404040/domains/ciclodevida.mx/public_html/conjuntos.php on line 435
[30-Jun-2026 20:11:02 UTC] === DEBUG DATA QUALITY ===
[30-Jun-2026 20:11:02 UTC] UUID: 0d5092ff-bd4a-4850-951d-24a68cbdae42
[30-Jun-2026 20:11:02 UTC] Total registros: 0
[30-Jun-2026 20:11:02 UTC] Datos: Array
(
)

[30-Jun-2026 20:11:02 UTC] Aviso: 'exchanges' no existe en u303404040_BASE_ACV_LCA; se omite sección opcional.
[30-Jun-2026 20:11:46 UTC] === DEBUG DATA QUALITY ===
[30-Jun-2026 20:11:46 UTC] UUID: 0d5092ff-bd4a-4850-951d-24a68cbdae42
[30-Jun-2026 20:11:46 UTC] Total registros: 0
[30-Jun-2026 20:11:46 UTC] Datos: Array
(
)

[30-Jun-2026 20:11:46 UTC] Aviso: 'exchanges' no existe en u303404040_BASE_ACV_LCA; se omite sección opcional.
[30-Jun-2026 20:11:53 UTC] === DEBUG DATA QUALITY ===
[30-Jun-2026 20:11:53 UTC] UUID: 0d5092ff-bd4a-4850-951d-24a68cbdae42
[30-Jun-2026 20:11:53 UTC] Total registros: 0
[30-Jun-2026 20:11:53 UTC] Datos: Array
(
)

[30-Jun-2026 20:11:53 UTC] Aviso: 'exchanges' no existe en u303404040_BASE_ACV_LCA; se omite sección opcional.
[30-Jun-2026 20:31:16 UTC] PHP Warning:  Undefined variable $filter_creados_por_usuarios in /home/u303404040/domains/ciclodevida.mx/public_html/conjuntos.php on line 435
[30-Jun-2026 20:32:46 UTC] PHP Warning:  Undefined variable $filter_creados_por_usuarios in /home/u303404040/domains/ciclodevida.mx/public_html/conjuntos.php on line 435
[30-Jun-2026 20:32:48 UTC] PHP Warning:  Undefined variable $filter_creados_por_usuarios in /home/u303404040/domains/ciclodevida.mx/public_html/conjuntos.php on line 435
[30-Jun-2026 20:32:48 UTC] PHP Warning:  Undefined variable $filter_creados_por_usuarios in /home/u303404040/domains/ciclodevida.mx/public_html/conjuntos.php on line 435
[30-Jun-2026 20:33:14 UTC] PHP Warning:  Undefined variable $filter_creados_por_usuarios in /home/u303404040/domains/ciclodevida.mx/public_html/conjuntos.php on line 435
[30-Jun-2026 20:33:14 UTC] PHP Warning:  Undefined variable $filter_creados_por_usuarios in /home/u303404040/domains/ciclodevida.mx/public_html/conjuntos.php on line 435
[30-Jun-2026 21:19:45 UTC] === DEBUG DATA QUALITY ===
[30-Jun-2026 21:19:45 UTC] UUID: 8b9997d8-c2b1-3244-bdb8-7be386373db8
[30-Jun-2026 21:19:45 UTC] Total registros: 0
[30-Jun-2026 21:19:45 UTC] Datos: Array
(
)

[30-Jun-2026 21:19:45 UTC] Aviso: 'exchanges' no existe en u303404040_BASE_ACV_LCA; se omite sección opcional.
[30-Jun-2026 22:54:31 UTC] PHP Warning:  Undefined variable $filter_creados_por_usuarios in /home/u303404040/domains/ciclodevida.mx/public_html/conjuntos.php on line 435
[30-Jun-2026 22:54:37 UTC] === DEBUG DATA QUALITY ===
[30-Jun-2026 22:54:37 UTC] UUID: 0d5092ff-bd4a-4850-951d-24a68cbdae42
[30-Jun-2026 22:54:37 UTC] Total registros: 0
[30-Jun-2026 22:54:37 UTC] Datos: Array
(
)

[30-Jun-2026 22:54:37 UTC] Aviso: 'exchanges' no existe en u303404040_BASE_ACV_LCA; se omite sección opcional.
[30-Jun-2026 22:54:44 UTC] === DEBUG DATA QUALITY ===
[30-Jun-2026 22:54:44 UTC] UUID: 0d5092ff-bd4a-4850-951d-24a68cbdae42
[30-Jun-2026 22:54:44 UTC] Total registros: 0
[30-Jun-2026 22:54:44 UTC] Datos: Array
(
)

[30-Jun-2026 22:54:44 UTC] Aviso: 'exchanges' no existe en u303404040_BASE_ACV_LCA; se omite sección opcional.
[30-Jun-2026 23:30:57 UTC] PHP Warning:  Undefined variable $filter_creados_por_usuarios in /home/u303404040/domains/ciclodevida.mx/public_html/conjuntos.php on line 435
[30-Jun-2026 23:31:58 UTC] PHP Warning:  Undefined variable $filter_creados_por_usuarios in /home/u303404040/domains/ciclodevida.mx/public_html/conjuntos.php on line 435
[30-Jun-2026 23:32:18 UTC] === DEBUG DATA QUALITY ===
[30-Jun-2026 23:32:18 UTC] UUID: 67eb1819-187c-4e1e-b6cd-876da0118043
[30-Jun-2026 23:32:18 UTC] Total registros: 0
[30-Jun-2026 23:32:18 UTC] Datos: Array
(
)

[30-Jun-2026 23:32:18 UTC] Aviso: 'exchanges' no existe en u303404040_BASE_ACV_LCA; se omite sección opcional.
[30-Jun-2026 23:32:41 UTC] === DEBUG DATA QUALITY ===
[30-Jun-2026 23:32:41 UTC] UUID: cf3487f9-248b-4abd-b4b0-8785b2e6fdd7
[30-Jun-2026 23:32:41 UTC] Total registros: 0
[30-Jun-2026 23:32:41 UTC] Datos: Array
(
)

[30-Jun-2026 23:32:41 UTC] Aviso: 'exchanges' no existe en u303404040_BASE_ACV_LCA; se omite sección opcional.
[30-Jun-2026 23:32:54 UTC] PHP Warning:  Undefined variable $filter_creados_por_usuarios in /home/u303404040/domains/ciclodevida.mx/public_html/conjuntos.php on line 435
[30-Jun-2026 23:34:28 UTC] === DEBUG DATA QUALITY ===
[30-Jun-2026 23:34:28 UTC] UUID: 0d5092ff-bd4a-4850-951d-24a68cbdae42
[30-Jun-2026 23:34:28 UTC] Total registros: 0
[30-Jun-2026 23:34:28 UTC] Datos: Array
(
)

[30-Jun-2026 23:34:28 UTC] Aviso: 'exchanges' no existe en u303404040_BASE_ACV_LCA; se omite sección opcional.
[30-Jun-2026 23:36:30 UTC] PHP Warning:  Undefined variable $filter_creados_por_usuarios in /home/u303404040/domains/ciclodevida.mx/public_html/conjuntos.php on line 435
[30-Jun-2026 23:37:20 UTC] PHP Warning:  Undefined variable $filter_creados_por_usuarios in /home/u303404040/domains/ciclodevida.mx/public_html/conjuntos.php on line 435
[02-Jul-2026 18:33:19 UTC] PHP Warning:  Undefined variable $filter_creados_por_usuarios in /home/u303404040/domains/ciclodevida.mx/public_html/conjuntos.php on line 435
[02-Jul-2026 18:41:04 UTC] PHP Warning:  Undefined variable $filter_creados_por_usuarios in /home/u303404040/domains/ciclodevida.mx/public_html/conjuntos.php on line 435
[02-Jul-2026 18:41:53 UTC] PHP Warning:  Undefined variable $filter_creados_por_usuarios in /home/u303404040/domains/ciclodevida.mx/public_html/conjuntos.php on line 435
[02-Jul-2026 18:41:53 UTC] PHP Warning:  Undefined variable $filter_creados_por_usuarios in /home/u303404040/domains/ciclodevida.mx/public_html/conjuntos.php on line 435
[02-Jul-2026 18:42:19 UTC] PHP Warning:  Undefined variable $filter_creados_por_usuarios in /home/u303404040/domains/ciclodevida.mx/public_html/conjuntos.php on line 435
[02-Jul-2026 18:42:19 UTC] PHP Warning:  Undefined variable $filter_creados_por_usuarios in /home/u303404040/domains/ciclodevida.mx/public_html/conjuntos.php on line 435
[02-Jul-2026 18:44:18 UTC] === DEBUG DATA QUALITY ===
[02-Jul-2026 18:44:18 UTC] UUID: 0b34d7ff-1c00-42b3-9a42-7db5bed3da89
[02-Jul-2026 18:44:18 UTC] Total registros: 0
[02-Jul-2026 18:44:18 UTC] Datos: Array
(
)

[02-Jul-2026 18:44:18 UTC] Aviso: 'exchanges' no existe en u303404040_BASE_ACV_LCA; se omite sección opcional.
[02-Jul-2026 18:46:27 UTC] === DEBUG DATA QUALITY ===
[02-Jul-2026 18:46:27 UTC] UUID: f4e7caef-865f-4868-8734-f7a0598b9430
[02-Jul-2026 18:46:27 UTC] Total registros: 0
[02-Jul-2026 18:46:27 UTC] Datos: Array
(
)

[02-Jul-2026 18:46:27 UTC] Aviso: 'exchanges' no existe en u303404040_BASE_ACV_LCA; se omite sección opcional.
[02-Jul-2026 18:46:30 UTC] === DEBUG DATA QUALITY ===
[02-Jul-2026 18:46:30 UTC] UUID: c63256e0-cee6-43a3-b9f4-7dfd9fc2ea32
[02-Jul-2026 18:46:30 UTC] Total registros: 0
[02-Jul-2026 18:46:30 UTC] Datos: Array
(
)

[02-Jul-2026 18:46:30 UTC] Aviso: 'exchanges' no existe en u303404040_BASE_ACV_LCA; se omite sección opcional.
[02-Jul-2026 18:49:26 UTC] === DEBUG DATA QUALITY ===
[02-Jul-2026 18:49:26 UTC] UUID: 7e82b21e-5b43-42f4-bcd7-4f7052d59908
[02-Jul-2026 18:49:26 UTC] Total registros: 0
[02-Jul-2026 18:49:26 UTC] Datos: Array
(
)

[02-Jul-2026 18:49:26 UTC] Aviso: 'exchanges' no existe en u303404040_BASE_ACV_LCA; se omite sección opcional.
[02-Jul-2026 18:59:02 UTC] === DEBUG DATA QUALITY ===
[02-Jul-2026 18:59:02 UTC] UUID: 0b34d7ff-1c00-42b3-9a42-7db5bed3da89
[02-Jul-2026 18:59:02 UTC] Total registros: 0
[02-Jul-2026 18:59:02 UTC] Datos: Array
(
)

[02-Jul-2026 18:59:02 UTC] Aviso: 'exchanges' no existe en u303404040_BASE_ACV_LCA; se omite sección opcional.
[02-Jul-2026 18:59:02 UTC] PHP Warning:  Undefined variable $filter_creados_por_usuarios in /home/u303404040/domains/ciclodevida.mx/public_html/conjuntos.php on line 435
[02-Jul-2026 18:59:02 UTC] PHP Warning:  Undefined variable $filter_creados_por_usuarios in /home/u303404040/domains/ciclodevida.mx/public_html/conjuntos.php on line 435
[02-Jul-2026 18:59:55 UTC] === DEBUG DATA QUALITY ===
[02-Jul-2026 18:59:55 UTC] UUID: 31c8b895-e0fb-49ba-b051-a2a9f8f9168f
[02-Jul-2026 18:59:55 UTC] Total registros: 0
[02-Jul-2026 18:59:55 UTC] Datos: Array
(
)

[02-Jul-2026 18:59:55 UTC] Aviso: 'exchanges' no existe en u303404040_BASE_ACV_LCA; se omite sección opcional.
[02-Jul-2026 19:11:00 UTC] === DEBUG DATA QUALITY ===
[02-Jul-2026 19:11:00 UTC] UUID: 31c8b895-e0fb-49ba-b051-a2a9f8f9168f
[02-Jul-2026 19:11:00 UTC] Total registros: 0
[02-Jul-2026 19:11:00 UTC] Datos: Array
(
)

[02-Jul-2026 19:11:00 UTC] Aviso: 'exchanges' no existe en u303404040_BASE_ACV_LCA; se omite sección opcional.
[02-Jul-2026 19:11:09 UTC] PHP Warning:  Undefined variable $filter_creados_por_usuarios in /home/u303404040/domains/ciclodevida.mx/public_html/conjuntos.php on line 435
[02-Jul-2026 19:11:09 UTC] PHP Warning:  Undefined variable $filter_creados_por_usuarios in /home/u303404040/domains/ciclodevida.mx/public_html/conjuntos.php on line 435
[02-Jul-2026 19:11:19 UTC] === DEBUG DATA QUALITY ===
[02-Jul-2026 19:11:19 UTC] UUID: 5cb2e1cc-519f-44e2-9da3-90c6e8c7a1b7
[02-Jul-2026 19:11:19 UTC] Total registros: 0
[02-Jul-2026 19:11:19 UTC] Datos: Array
(
)

[02-Jul-2026 19:11:19 UTC] Aviso: 'exchanges' no existe en u303404040_BASE_ACV_LCA; se omite sección opcional.
[02-Jul-2026 19:12:05 UTC] === DEBUG DATA QUALITY ===
[02-Jul-2026 19:12:05 UTC] UUID: 5cb2e1cc-519f-44e2-9da3-90c6e8c7a1b7
[02-Jul-2026 19:12:05 UTC] Total registros: 0
[02-Jul-2026 19:12:05 UTC] Datos: Array
(
)

[02-Jul-2026 19:12:05 UTC] Aviso: 'exchanges' no existe en u303404040_BASE_ACV_LCA; se omite sección opcional.
[02-Jul-2026 19:12:23 UTC] === DEBUG DATA QUALITY ===
[02-Jul-2026 19:12:23 UTC] UUID: 5cb2e1cc-519f-44e2-9da3-90c6e8c7a1b7
[02-Jul-2026 19:12:23 UTC] Total registros: 0
[02-Jul-2026 19:12:23 UTC] Datos: Array
(
)

[02-Jul-2026 19:12:23 UTC] Aviso: 'exchanges' no existe en u303404040_BASE_ACV_LCA; se omite sección opcional.
[02-Jul-2026 19:14:04 UTC] PHP Warning:  Undefined variable $filter_creados_por_usuarios in /home/u303404040/domains/ciclodevida.mx/public_html/conjuntos.php on line 435
[02-Jul-2026 19:14:04 UTC] PHP Warning:  Undefined variable $filter_creados_por_usuarios in /home/u303404040/domains/ciclodevida.mx/public_html/conjuntos.php on line 435
[02-Jul-2026 19:14:31 UTC] === DEBUG DATA QUALITY ===
[02-Jul-2026 19:14:31 UTC] UUID: 5cb2e1cc-519f-44e2-9da3-90c6e8c7a1b7
[02-Jul-2026 19:14:31 UTC] Total registros: 0
[02-Jul-2026 19:14:31 UTC] Datos: Array
(
)

[02-Jul-2026 19:14:31 UTC] Aviso: 'exchanges' no existe en u303404040_BASE_ACV_LCA; se omite sección opcional.
[02-Jul-2026 19:14:45 UTC] === DEBUG DATA QUALITY ===
[02-Jul-2026 19:14:45 UTC] UUID: 5cb2e1cc-519f-44e2-9da3-90c6e8c7a1b7
[02-Jul-2026 19:14:45 UTC] Total registros: 0
[02-Jul-2026 19:14:45 UTC] Datos: Array
(
)

[02-Jul-2026 19:14:45 UTC] Aviso: 'exchanges' no existe en u303404040_BASE_ACV_LCA; se omite sección opcional.
[02-Jul-2026 19:27:04 UTC] PHP Warning:  Undefined variable $filter_creados_por_usuarios in /home/u303404040/domains/ciclodevida.mx/public_html/conjuntos.php on line 435
[02-Jul-2026 19:27:04 UTC] PHP Warning:  Undefined variable $filter_creados_por_usuarios in /home/u303404040/domains/ciclodevida.mx/public_html/conjuntos.php on line 435
[02-Jul-2026 19:27:24 UTC] PHP Warning:  Undefined variable $filter_creados_por_usuarios in /home/u303404040/domains/ciclodevida.mx/public_html/conjuntos.php on line 435
[02-Jul-2026 19:27:24 UTC] PHP Warning:  Undefined variable $filter_creados_por_usuarios in /home/u303404040/domains/ciclodevida.mx/public_html/conjuntos.php on line 435
[02-Jul-2026 19:28:03 UTC] === DEBUG DATA QUALITY ===
[02-Jul-2026 19:28:03 UTC] UUID: 53cc27f0-b462-4f89-8a7a-6b9ac6ac0d73
[02-Jul-2026 19:28:03 UTC] Total registros: 0
[02-Jul-2026 19:28:03 UTC] Datos: Array
(
)

[02-Jul-2026 19:28:03 UTC] Aviso: 'exchanges' no existe en u303404040_BASE_ACV_LCA; se omite sección opcional.
[02-Jul-2026 19:28:08 UTC] === DEBUG DATA QUALITY ===
[02-Jul-2026 19:28:08 UTC] UUID: 53cc27f0-b462-4f89-8a7a-6b9ac6ac0d73
[02-Jul-2026 19:28:08 UTC] Total registros: 0
[02-Jul-2026 19:28:08 UTC] Datos: Array
(
)

[02-Jul-2026 19:28:08 UTC] Aviso: 'exchanges' no existe en u303404040_BASE_ACV_LCA; se omite sección opcional.
[02-Jul-2026 19:28:17 UTC] === DEBUG DATA QUALITY ===
[02-Jul-2026 19:28:17 UTC] UUID: 456ebe52-6d3a-41c1-8c15-b6dd0cf5ffa7
[02-Jul-2026 19:28:17 UTC] Total registros: 0
[02-Jul-2026 19:28:17 UTC] Datos: Array
(
)

[02-Jul-2026 19:28:17 UTC] Aviso: 'exchanges' no existe en u303404040_BASE_ACV_LCA; se omite sección opcional.
[02-Jul-2026 19:28:25 UTC] === DEBUG DATA QUALITY ===
[02-Jul-2026 19:28:25 UTC] UUID: 456ebe52-6d3a-41c1-8c15-b6dd0cf5ffa7
[02-Jul-2026 19:28:25 UTC] Total registros: 0
[02-Jul-2026 19:28:25 UTC] Datos: Array
(
)

[02-Jul-2026 19:28:25 UTC] Aviso: 'exchanges' no existe en u303404040_BASE_ACV_LCA; se omite sección opcional.
[02-Jul-2026 19:28:34 UTC] === DEBUG DATA QUALITY ===
[02-Jul-2026 19:28:34 UTC] UUID: 11a3bd5d-d074-4f97-b123-926311dbf1ab
[02-Jul-2026 19:28:34 UTC] Total registros: 0
[02-Jul-2026 19:28:34 UTC] Datos: Array
(
)

[02-Jul-2026 19:28:34 UTC] Aviso: 'exchanges' no existe en u303404040_BASE_ACV_LCA; se omite sección opcional.
[02-Jul-2026 19:28:41 UTC] === DEBUG DATA QUALITY ===
[02-Jul-2026 19:28:41 UTC] UUID: 11a3bd5d-d074-4f97-b123-926311dbf1ab
[02-Jul-2026 19:28:41 UTC] Total registros: 0
[02-Jul-2026 19:28:41 UTC] Datos: Array
(
)

[02-Jul-2026 19:28:41 UTC] Aviso: 'exchanges' no existe en u303404040_BASE_ACV_LCA; se omite sección opcional.
[02-Jul-2026 19:28:48 UTC] PHP Warning:  Undefined variable $filter_creados_por_usuarios in /home/u303404040/domains/ciclodevida.mx/public_html/conjuntos.php on line 435
[02-Jul-2026 19:28:48 UTC] PHP Warning:  Undefined variable $filter_creados_por_usuarios in /home/u303404040/domains/ciclodevida.mx/public_html/conjuntos.php on line 435
[02-Jul-2026 19:30:52 UTC] === DEBUG DATA QUALITY ===
[02-Jul-2026 19:30:52 UTC] UUID: a1ff1ba0-5206-4783-961d-5dd065073dec
[02-Jul-2026 19:30:52 UTC] Total registros: 0
[02-Jul-2026 19:30:52 UTC] Datos: Array
(
)

[02-Jul-2026 19:30:52 UTC] Aviso: 'exchanges' no existe en u303404040_BASE_ACV_LCA; se omite sección opcional.
[02-Jul-2026 19:30:58 UTC] === DEBUG DATA QUALITY ===
[02-Jul-2026 19:30:58 UTC] UUID: a1ff1ba0-5206-4783-961d-5dd065073dec
[02-Jul-2026 19:30:58 UTC] Total registros: 0
[02-Jul-2026 19:30:58 UTC] Datos: Array
(
)

[02-Jul-2026 19:30:58 UTC] Aviso: 'exchanges' no existe en u303404040_BASE_ACV_LCA; se omite sección opcional.
[02-Jul-2026 19:31:54 UTC] PHP Warning:  Undefined variable $filter_creados_por_usuarios in /home/u303404040/domains/ciclodevida.mx/public_html/conjuntos.php on line 435
[02-Jul-2026 19:31:54 UTC] PHP Warning:  Undefined variable $filter_creados_por_usuarios in /home/u303404040/domains/ciclodevida.mx/public_html/conjuntos.php on line 435
[02-Jul-2026 19:32:06 UTC] === DEBUG DATA QUALITY ===
[02-Jul-2026 19:32:06 UTC] UUID: cbb0822b-d520-476a-acf7-e1b471cd8a54
[02-Jul-2026 19:32:06 UTC] Total registros: 0
[02-Jul-2026 19:32:06 UTC] Datos: Array
(
)

[02-Jul-2026 19:32:06 UTC] Aviso: 'exchanges' no existe en u303404040_BASE_ACV_LCA; se omite sección opcional.
[02-Jul-2026 19:32:11 UTC] === DEBUG DATA QUALITY ===
[02-Jul-2026 19:32:11 UTC] UUID: cbb0822b-d520-476a-acf7-e1b471cd8a54
[02-Jul-2026 19:32:11 UTC] Total registros: 0
[02-Jul-2026 19:32:11 UTC] Datos: Array
(
)

[02-Jul-2026 19:32:11 UTC] Aviso: 'exchanges' no existe en u303404040_BASE_ACV_LCA; se omite sección opcional.
[02-Jul-2026 19:32:22 UTC] === DEBUG DATA QUALITY ===
[02-Jul-2026 19:32:22 UTC] UUID: 620cb407-2cc2-49a9-bfc7-0f232b5f71fe
[02-Jul-2026 19:32:22 UTC] Total registros: 0
[02-Jul-2026 19:32:22 UTC] Datos: Array
(
)

[02-Jul-2026 19:32:22 UTC] Aviso: 'exchanges' no existe en u303404040_BASE_ACV_LCA; se omite sección opcional.
[02-Jul-2026 19:32:26 UTC] === DEBUG DATA QUALITY ===
[02-Jul-2026 19:32:26 UTC] UUID: 620cb407-2cc2-49a9-bfc7-0f232b5f71fe
[02-Jul-2026 19:32:26 UTC] Total registros: 0
[02-Jul-2026 19:32:26 UTC] Datos: Array
(
)

[02-Jul-2026 19:32:26 UTC] Aviso: 'exchanges' no existe en u303404040_BASE_ACV_LCA; se omite sección opcional.
[02-Jul-2026 19:32:54 UTC] === DEBUG DATA QUALITY ===
[02-Jul-2026 19:32:54 UTC] UUID: af16d5fc-83b2-43f0-a3c6-a56d53112211
[02-Jul-2026 19:32:54 UTC] Total registros: 0
[02-Jul-2026 19:32:54 UTC] Datos: Array
(
)

[02-Jul-2026 19:32:54 UTC] Aviso: 'exchanges' no existe en u303404040_BASE_ACV_LCA; se omite sección opcional.
[02-Jul-2026 19:33:20 UTC] === DEBUG DATA QUALITY ===
[02-Jul-2026 19:33:20 UTC] UUID: af16d5fc-83b2-43f0-a3c6-a56d53112211
[02-Jul-2026 19:33:20 UTC] Total registros: 0
[02-Jul-2026 19:33:20 UTC] Datos: Array
(
)

[02-Jul-2026 19:33:20 UTC] Aviso: 'exchanges' no existe en u303404040_BASE_ACV_LCA; se omite sección opcional.
[02-Jul-2026 19:33:27 UTC] === DEBUG DATA QUALITY ===
[02-Jul-2026 19:33:27 UTC] UUID: 98aab56b-f013-4b68-9ff6-3d4ed1cc3b56
[02-Jul-2026 19:33:27 UTC] Total registros: 0
[02-Jul-2026 19:33:27 UTC] Datos: Array
(
)

[02-Jul-2026 19:33:27 UTC] Aviso: 'exchanges' no existe en u303404040_BASE_ACV_LCA; se omite sección opcional.
[02-Jul-2026 19:33:31 UTC] === DEBUG DATA QUALITY ===
[02-Jul-2026 19:33:31 UTC] UUID: 98aab56b-f013-4b68-9ff6-3d4ed1cc3b56
[02-Jul-2026 19:33:31 UTC] Total registros: 0
[02-Jul-2026 19:33:31 UTC] Datos: Array
(
)

[02-Jul-2026 19:33:31 UTC] Aviso: 'exchanges' no existe en u303404040_BASE_ACV_LCA; se omite sección opcional.
[02-Jul-2026 19:33:54 UTC] === DEBUG DATA QUALITY ===
[02-Jul-2026 19:33:54 UTC] UUID: eb3147a3-0913-49fc-8d1f-2848b3f1e474
[02-Jul-2026 19:33:54 UTC] Total registros: 0
[02-Jul-2026 19:33:54 UTC] Datos: Array
(
)

[02-Jul-2026 19:33:55 UTC] Aviso: 'exchanges' no existe en u303404040_BASE_ACV_LCA; se omite sección opcional.
[02-Jul-2026 19:34:06 UTC] PHP Warning:  Undefined variable $filter_creados_por_usuarios in /home/u303404040/domains/ciclodevida.mx/public_html/conjuntos.php on line 435
[02-Jul-2026 19:34:06 UTC] PHP Warning:  Undefined variable $filter_creados_por_usuarios in /home/u303404040/domains/ciclodevida.mx/public_html/conjuntos.php on line 435
[02-Jul-2026 19:34:23 UTC] PHP Warning:  Undefined variable $filter_creados_por_usuarios in /home/u303404040/domains/ciclodevida.mx/public_html/conjuntos.php on line 435
[02-Jul-2026 19:34:23 UTC] PHP Warning:  Undefined variable $filter_creados_por_usuarios in /home/u303404040/domains/ciclodevida.mx/public_html/conjuntos.php on line 435
[02-Jul-2026 19:34:35 UTC] PHP Warning:  Undefined variable $filter_creados_por_usuarios in /home/u303404040/domains/ciclodevida.mx/public_html/conjuntos.php on line 435
[02-Jul-2026 19:34:35 UTC] PHP Warning:  Undefined variable $filter_creados_por_usuarios in /home/u303404040/domains/ciclodevida.mx/public_html/conjuntos.php on line 435
[02-Jul-2026 19:34:44 UTC] PHP Warning:  Undefined variable $filter_creados_por_usuarios in /home/u303404040/domains/ciclodevida.mx/public_html/conjuntos.php on line 435
[02-Jul-2026 19:34:44 UTC] PHP Warning:  Undefined variable $filter_creados_por_usuarios in /home/u303404040/domains/ciclodevida.mx/public_html/conjuntos.php on line 435
[02-Jul-2026 19:35:46 UTC] === DEBUG DATA QUALITY ===
[02-Jul-2026 19:35:46 UTC] UUID: 8fdea55d-fcd6-4c87-976c-af961beabdba
[02-Jul-2026 19:35:46 UTC] Total registros: 0
[02-Jul-2026 19:35:46 UTC] Datos: Array
(
)

[02-Jul-2026 19:35:46 UTC] Aviso: 'exchanges' no existe en u303404040_BASE_ACV_LCA; se omite sección opcional.
[02-Jul-2026 19:36:16 UTC] === DEBUG DATA QUALITY ===
[02-Jul-2026 19:36:16 UTC] UUID: 8fdea55d-fcd6-4c87-976c-af961beabdba
[02-Jul-2026 19:36:16 UTC] Total registros: 0
[02-Jul-2026 19:36:16 UTC] Datos: Array
(
)

[02-Jul-2026 19:36:16 UTC] Aviso: 'exchanges' no existe en u303404040_BASE_ACV_LCA; se omite sección opcional.
[02-Jul-2026 19:36:45 UTC] PHP Warning:  Undefined variable $filter_creados_por_usuarios in /home/u303404040/domains/ciclodevida.mx/public_html/conjuntos.php on line 435
[02-Jul-2026 19:36:45 UTC] PHP Warning:  Undefined variable $filter_creados_por_usuarios in /home/u303404040/domains/ciclodevida.mx/public_html/conjuntos.php on line 435
[02-Jul-2026 19:37:01 UTC] === DEBUG DATA QUALITY ===
[02-Jul-2026 19:37:01 UTC] UUID: 4e356f1a-d192-4f41-9209-f0ff1c54713d
[02-Jul-2026 19:37:01 UTC] Total registros: 0
[02-Jul-2026 19:37:01 UTC] Datos: Array
(
)

[02-Jul-2026 19:37:01 UTC] Aviso: 'exchanges' no existe en u303404040_BASE_ACV_LCA; se omite sección opcional.
[02-Jul-2026 19:37:05 UTC] === DEBUG DATA QUALITY ===
[02-Jul-2026 19:37:05 UTC] UUID: 4e356f1a-d192-4f41-9209-f0ff1c54713d
[02-Jul-2026 19:37:05 UTC] Total registros: 0
[02-Jul-2026 19:37:05 UTC] Datos: Array
(
)

[02-Jul-2026 19:37:05 UTC] Aviso: 'exchanges' no existe en u303404040_BASE_ACV_LCA; se omite sección opcional.
[02-Jul-2026 19:37:22 UTC] PHP Warning:  Undefined variable $filter_creados_por_usuarios in /home/u303404040/domains/ciclodevida.mx/public_html/conjuntos.php on line 435
[03-Jul-2026 00:44:02 UTC] PHP Warning:  Undefined variable $filter_creados_por_usuarios in /home/u303404040/domains/ciclodevida.mx/public_html/conjuntos.php on line 435
[03-Jul-2026 16:11:16 UTC] PHP Warning:  Undefined variable $filter_creados_por_usuarios in /home/u303404040/domains/ciclodevida.mx/public_html/conjuntos.php on line 435
[03-Jul-2026 16:11:34 UTC] === DEBUG DATA QUALITY ===
[03-Jul-2026 16:11:34 UTC] UUID: 0d5092ff-bd4a-4850-951d-24a68cbdae42
[03-Jul-2026 16:11:34 UTC] Total registros: 0
[03-Jul-2026 16:11:34 UTC] Datos: Array
(
)

[03-Jul-2026 16:11:34 UTC] Aviso: 'exchanges' no existe en u303404040_BASE_ACV_LCA; se omite sección opcional.
[03-Jul-2026 16:11:39 UTC] PHP Warning:  Undefined variable $filter_creados_por_usuarios in /home/u303404040/domains/ciclodevida.mx/public_html/conjuntos.php on line 435
[03-Jul-2026 16:11:46 UTC] === DEBUG DATA QUALITY ===
[03-Jul-2026 16:11:46 UTC] UUID: b53ba969-a461-4dc1-9e95-cfe7844e9f2c
[03-Jul-2026 16:11:46 UTC] Total registros: 0
[03-Jul-2026 16:11:46 UTC] Datos: Array
(
)

[03-Jul-2026 16:11:46 UTC] Aviso: 'exchanges' no existe en u303404040_BASE_ACV_LCA; se omite sección opcional.
[03-Jul-2026 16:12:00 UTC] === DEBUG DATA QUALITY ===
[03-Jul-2026 16:12:00 UTC] UUID: 5cb2e1cc-519f-44e2-9da3-90c6e8c7a1b7
[03-Jul-2026 16:12:00 UTC] Total registros: 0
[03-Jul-2026 16:12:00 UTC] Datos: Array
(
)

[03-Jul-2026 16:12:00 UTC] Aviso: 'exchanges' no existe en u303404040_BASE_ACV_LCA; se omite sección opcional.
[03-Jul-2026 16:12:19 UTC] PHP Warning:  Undefined variable $filter_creados_por_usuarios in /home/u303404040/domains/ciclodevida.mx/public_html/conjuntos.php on line 435
[03-Jul-2026 20:34:21 UTC] === DEBUG DATA QUALITY ===
[03-Jul-2026 20:34:21 UTC] UUID: c63256e0-cee6-43a3-b9f4-7dfd9fc2ea32
[03-Jul-2026 20:34:21 UTC] Total registros: 0
[03-Jul-2026 20:34:21 UTC] Datos: Array
(
)

[03-Jul-2026 20:34:21 UTC] Aviso: 'exchanges' no existe en u303404040_BASE_ACV_LCA; se omite sección opcional.
[03-Jul-2026 20:49:56 UTC] PHP Warning:  Undefined variable $filter_creados_por_usuarios in /home/u303404040/domains/ciclodevida.mx/public_html/conjuntos.php on line 435
[03-Jul-2026 22:24:32 UTC] === DEBUG DATA QUALITY ===
[03-Jul-2026 22:24:32 UTC] UUID: a355768c-973a-40f4-a63c-e77f98154c55
[03-Jul-2026 22:24:32 UTC] Total registros: 0
[03-Jul-2026 22:24:32 UTC] Datos: Array
(
)

[03-Jul-2026 22:24:32 UTC] Aviso: 'exchanges' no existe en u303404040_BASE_ACV_LCA; se omite sección opcional.
[04-Jul-2026 03:04:35 UTC] === DEBUG DATA QUALITY ===
[04-Jul-2026 03:04:35 UTC] UUID: 0d5092ff-bd4a-4850-951d-24a68cbdae42
[04-Jul-2026 03:04:35 UTC] Total registros: 0
[04-Jul-2026 03:04:35 UTC] Datos: Array
(
)

[04-Jul-2026 03:04:35 UTC] Aviso: 'exchanges' no existe en u303404040_BASE_ACV_LCA; se omite sección opcional.
[04-Jul-2026 03:10:07 UTC] PHP Warning:  Undefined variable $filter_creados_por_usuarios in /home/u303404040/domains/ciclodevida.mx/public_html/conjuntos.php on line 435
[04-Jul-2026 03:10:20 UTC] === DEBUG DATA QUALITY ===
[04-Jul-2026 03:10:20 UTC] UUID: b7c59a75-fada-4796-aa03-ece26851bd60
[04-Jul-2026 03:10:20 UTC] Total registros: 0
[04-Jul-2026 03:10:20 UTC] Datos: Array
(
)

[04-Jul-2026 03:10:20 UTC] Aviso: 'exchanges' no existe en u303404040_BASE_ACV_LCA; se omite sección opcional.
[04-Jul-2026 03:11:19 UTC] === DEBUG DATA QUALITY ===
[04-Jul-2026 03:11:19 UTC] UUID: 7dff4b94-bb53-47f2-8b20-46f3ee3bc21e
[04-Jul-2026 03:11:19 UTC] Total registros: 0
[04-Jul-2026 03:11:19 UTC] Datos: Array
(
)

[04-Jul-2026 03:11:19 UTC] Aviso: 'exchanges' no existe en u303404040_BASE_ACV_LCA; se omite sección opcional.
[04-Jul-2026 03:11:53 UTC] === DEBUG DATA QUALITY ===
[04-Jul-2026 03:11:53 UTC] UUID: 6a130217-485d-4c65-a947-a9653fc1dd14
[04-Jul-2026 03:11:53 UTC] Total registros: 0
[04-Jul-2026 03:11:53 UTC] Datos: Array
(
)

[04-Jul-2026 03:11:53 UTC] Aviso: 'exchanges' no existe en u303404040_BASE_ACV_LCA; se omite sección opcional.
[04-Jul-2026 03:12:10 UTC] === DEBUG DATA QUALITY ===
[04-Jul-2026 03:12:10 UTC] UUID: 0d5092ff-bd4a-4850-951d-24a68cbdae42
[04-Jul-2026 03:12:10 UTC] Total registros: 0
[04-Jul-2026 03:12:10 UTC] Datos: Array
(
)

[04-Jul-2026 03:12:10 UTC] Aviso: 'exchanges' no existe en u303404040_BASE_ACV_LCA; se omite sección opcional.
[04-Jul-2026 03:12:44 UTC] PHP Warning:  Undefined variable $filter_creados_por_usuarios in /home/u303404040/domains/ciclodevida.mx/public_html/conjuntos.php on line 435
[04-Jul-2026 03:12:56 UTC] PHP Warning:  Undefined variable $filter_creados_por_usuarios in /home/u303404040/domains/ciclodevida.mx/public_html/conjuntos.php on line 435
[04-Jul-2026 03:13:56 UTC] PHP Warning:  Undefined variable $filter_creados_por_usuarios in /home/u303404040/domains/ciclodevida.mx/public_html/conjuntos.php on line 435
[04-Jul-2026 03:14:03 UTC] PHP Warning:  Undefined variable $filter_creados_por_usuarios in /home/u303404040/domains/ciclodevida.mx/public_html/conjuntos.php on line 435
[04-Jul-2026 03:14:17 UTC] === DEBUG DATA QUALITY ===
[04-Jul-2026 03:14:17 UTC] UUID: 46cf8113-29e8-4b37-9ec4-3ca94042d53a
[04-Jul-2026 03:14:17 UTC] Total registros: 0
[04-Jul-2026 03:14:17 UTC] Datos: Array
(
)

[04-Jul-2026 03:14:17 UTC] Aviso: 'exchanges' no existe en u303404040_BASE_ACV_LCA; se omite sección opcional.
[04-Jul-2026 03:14:32 UTC] PHP Warning:  Undefined variable $filter_creados_por_usuarios in /home/u303404040/domains/ciclodevida.mx/public_html/conjuntos.php on line 435
[04-Jul-2026 03:15:16 UTC] PHP Warning:  Undefined variable $filter_creados_por_usuarios in /home/u303404040/domains/ciclodevida.mx/public_html/conjuntos.php on line 435
[04-Jul-2026 03:15:19 UTC] PHP Warning:  Undefined variable $filter_creados_por_usuarios in /home/u303404040/domains/ciclodevida.mx/public_html/conjuntos.php on line 435
[04-Jul-2026 03:15:19 UTC] PHP Warning:  Undefined variable $filter_creados_por_usuarios in /home/u303404040/domains/ciclodevida.mx/public_html/conjuntos.php on line 435
[04-Jul-2026 03:15:48 UTC] PHP Warning:  Undefined variable $filter_creados_por_usuarios in /home/u303404040/domains/ciclodevida.mx/public_html/conjuntos.php on line 435
[04-Jul-2026 03:15:48 UTC] PHP Warning:  Undefined variable $filter_creados_por_usuarios in /home/u303404040/domains/ciclodevida.mx/public_html/conjuntos.php on line 435
[04-Jul-2026 03:16:24 UTC] PHP Warning:  Undefined variable $filter_creados_por_usuarios in /home/u303404040/domains/ciclodevida.mx/public_html/conjuntos.php on line 435
[04-Jul-2026 03:16:24 UTC] PHP Warning:  Undefined variable $filter_creados_por_usuarios in /home/u303404040/domains/ciclodevida.mx/public_html/conjuntos.php on line 435
[04-Jul-2026 03:17:33 UTC] PHP Warning:  Undefined variable $filter_creados_por_usuarios in /home/u303404040/domains/ciclodevida.mx/public_html/conjuntos.php on line 435
[04-Jul-2026 03:17:33 UTC] PHP Warning:  Undefined variable $filter_creados_por_usuarios in /home/u303404040/domains/ciclodevida.mx/public_html/conjuntos.php on line 435
[04-Jul-2026 03:18:07 UTC] PHP Warning:  Undefined variable $filter_creados_por_usuarios in /home/u303404040/domains/ciclodevida.mx/public_html/conjuntos.php on line 435
[04-Jul-2026 03:18:07 UTC] PHP Warning:  Undefined variable $filter_creados_por_usuarios in /home/u303404040/domains/ciclodevida.mx/public_html/conjuntos.php on line 435
[04-Jul-2026 03:18:42 UTC] PHP Warning:  Undefined variable $filter_creados_por_usuarios in /home/u303404040/domains/ciclodevida.mx/public_html/conjuntos.php on line 435
[04-Jul-2026 03:18:42 UTC] PHP Warning:  Undefined variable $filter_creados_por_usuarios in /home/u303404040/domains/ciclodevida.mx/public_html/conjuntos.php on line 435
[04-Jul-2026 03:19:05 UTC] PHP Warning:  Undefined variable $filter_creados_por_usuarios in /home/u303404040/domains/ciclodevida.mx/public_html/conjuntos.php on line 435
[04-Jul-2026 03:19:05 UTC] PHP Warning:  Undefined variable $filter_creados_por_usuarios in /home/u303404040/domains/ciclodevida.mx/public_html/conjuntos.php on line 435
[04-Jul-2026 03:19:26 UTC] PHP Warning:  Undefined variable $filter_creados_por_usuarios in /home/u303404040/domains/ciclodevida.mx/public_html/conjuntos.php on line 435
[04-Jul-2026 03:19:26 UTC] PHP Warning:  Undefined variable $filter_creados_por_usuarios in /home/u303404040/domains/ciclodevida.mx/public_html/conjuntos.php on line 435
[04-Jul-2026 03:19:44 UTC] PHP Warning:  Undefined variable $filter_creados_por_usuarios in /home/u303404040/domains/ciclodevida.mx/public_html/conjuntos.php on line 435
[04-Jul-2026 03:19:44 UTC] PHP Warning:  Undefined variable $filter_creados_por_usuarios in /home/u303404040/domains/ciclodevida.mx/public_html/conjuntos.php on line 435
[04-Jul-2026 03:20:14 UTC] PHP Warning:  Undefined variable $filter_creados_por_usuarios in /home/u303404040/domains/ciclodevida.mx/public_html/conjuntos.php on line 435
[04-Jul-2026 03:20:14 UTC] PHP Warning:  Undefined variable $filter_creados_por_usuarios in /home/u303404040/domains/ciclodevida.mx/public_html/conjuntos.php on line 435
[04-Jul-2026 03:20:54 UTC] PHP Warning:  Undefined variable $filter_creados_por_usuarios in /home/u303404040/domains/ciclodevida.mx/public_html/conjuntos.php on line 435
[04-Jul-2026 03:20:54 UTC] PHP Warning:  Undefined variable $filter_creados_por_usuarios in /home/u303404040/domains/ciclodevida.mx/public_html/conjuntos.php on line 435
[04-Jul-2026 03:21:05 UTC] PHP Warning:  Undefined variable $filter_creados_por_usuarios in /home/u303404040/domains/ciclodevida.mx/public_html/conjuntos.php on line 435
[04-Jul-2026 03:21:17 UTC] PHP Warning:  Undefined variable $filter_creados_por_usuarios in /home/u303404040/domains/ciclodevida.mx/public_html/conjuntos.php on line 435
[04-Jul-2026 03:21:25 UTC] === DEBUG DATA QUALITY ===
[04-Jul-2026 03:21:25 UTC] UUID: 8c9af453-63dc-407b-8af4-8de4dd2f42c9
[04-Jul-2026 03:21:25 UTC] Total registros: 0
[04-Jul-2026 03:21:25 UTC] Datos: Array
(
)

[04-Jul-2026 03:21:25 UTC] Aviso: 'exchanges' no existe en u303404040_BASE_ACV_LCA; se omite sección opcional.
[04-Jul-2026 03:22:44 UTC] PHP Warning:  Undefined variable $filter_creados_por_usuarios in /home/u303404040/domains/ciclodevida.mx/public_html/conjuntos.php on line 435
[04-Jul-2026 03:23:03 UTC] === DEBUG DATA QUALITY ===
[04-Jul-2026 03:23:03 UTC] UUID: e5561a0f-fe1c-4ef0-84d8-511dd210541c
[04-Jul-2026 03:23:03 UTC] Total registros: 0
[04-Jul-2026 03:23:03 UTC] Datos: Array
(
)

[04-Jul-2026 03:23:03 UTC] Aviso: 'exchanges' no existe en u303404040_BASE_ACV_LCA; se omite sección opcional.
[04-Jul-2026 03:24:00 UTC] PHP Warning:  Undefined variable $filter_creados_por_usuarios in /home/u303404040/domains/ciclodevida.mx/public_html/conjuntos.php on line 435
[04-Jul-2026 03:24:06 UTC] === DEBUG DATA QUALITY ===
[04-Jul-2026 03:24:06 UTC] UUID: 434cfe1c-dcd1-3cc6-b878-138350facbc0
[04-Jul-2026 03:24:06 UTC] Total registros: 0
[04-Jul-2026 03:24:06 UTC] Datos: Array
(
)

[04-Jul-2026 03:24:06 UTC] Aviso: 'exchanges' no existe en u303404040_BASE_ACV_LCA; se omite sección opcional.
[04-Jul-2026 06:06:06 UTC] === DEBUG DATA QUALITY ===
[04-Jul-2026 06:06:06 UTC] UUID: 0ac1b754-08b2-3d60-b78b-0ef1e6ffda2e
[04-Jul-2026 06:06:06 UTC] Total registros: 0
[04-Jul-2026 06:06:06 UTC] Datos: Array
(
)

[04-Jul-2026 06:06:06 UTC] Aviso: 'exchanges' no existe en u303404040_BASE_ACV_LCA; se omite sección opcional.
[04-Jul-2026 08:39:17 UTC] PHP Warning:  Undefined variable $filter_creados_por_usuarios in /home/u303404040/domains/ciclodevida.mx/public_html/conjuntos.php on line 435
[04-Jul-2026 10:21:47 UTC] === DEBUG DATA QUALITY ===
[04-Jul-2026 10:21:47 UTC] UUID: cc1ee966-bdb6-40a7-87bb-0b9aed6ff9f9
[04-Jul-2026 10:21:47 UTC] Total registros: 0
[04-Jul-2026 10:21:47 UTC] Datos: Array
(
)

[04-Jul-2026 10:21:47 UTC] Aviso: 'exchanges' no existe en u303404040_BASE_ACV_LCA; se omite sección opcional.
[04-Jul-2026 11:49:09 UTC] === DEBUG DATA QUALITY ===
[04-Jul-2026 11:49:09 UTC] UUID: 5304b2ea-b086-4aec-83fd-d5d70a1b236b
[04-Jul-2026 11:49:09 UTC] Total registros: 0
[04-Jul-2026 11:49:09 UTC] Datos: Array
(
)

[04-Jul-2026 11:49:09 UTC] Aviso: 'exchanges' no existe en u303404040_BASE_ACV_LCA; se omite sección opcional.
[05-Jul-2026 12:54:22 UTC] === DEBUG DATA QUALITY ===
[05-Jul-2026 12:54:22 UTC] UUID: 9cfda907-903e-4e0c-b325-8464c196be8e
[05-Jul-2026 12:54:22 UTC] Total registros: 0
[05-Jul-2026 12:54:22 UTC] Datos: Array
(
)

[05-Jul-2026 12:54:22 UTC] Aviso: 'exchanges' no existe en u303404040_BASE_ACV_LCA; se omite sección opcional.
[06-Jul-2026 00:15:51 UTC] === DEBUG DATA QUALITY ===
[06-Jul-2026 00:15:51 UTC] UUID: b6cb0383-5e5a-4021-8898-668705750baa
[06-Jul-2026 00:15:51 UTC] Total registros: 0
[06-Jul-2026 00:15:51 UTC] Datos: Array
(
)

[06-Jul-2026 00:15:51 UTC] Aviso: 'exchanges' no existe en u303404040_BASE_ACV_LCA; se omite sección opcional.
[06-Jul-2026 16:46:34 UTC] PHP Warning:  Undefined variable $filter_creados_por_usuarios in /home/u303404040/domains/ciclodevida.mx/public_html/conjuntos.php on line 435
[06-Jul-2026 17:24:53 UTC] PHP Warning:  Undefined variable $filter_creados_por_usuarios in /home/u303404040/domains/ciclodevida.mx/public_html/conjuntos.php on line 435
[06-Jul-2026 17:25:44 UTC] === DEBUG DATA QUALITY ===
[06-Jul-2026 17:25:44 UTC] UUID: 53aeceb5-a226-43cc-8d89-9ea03fb90109
[06-Jul-2026 17:25:44 UTC] Total registros: 0
[06-Jul-2026 17:25:44 UTC] Datos: Array
(
)

[06-Jul-2026 17:25:44 UTC] Aviso: 'exchanges' no existe en u303404040_BASE_ACV_LCA; se omite sección opcional.
[06-Jul-2026 17:29:39 UTC] === DEBUG DATA QUALITY ===
[06-Jul-2026 17:29:39 UTC] UUID: 53aeceb5-a226-43cc-8d89-9ea03fb90109
[06-Jul-2026 17:29:39 UTC] Total registros: 0
[06-Jul-2026 17:29:39 UTC] Datos: Array
(
)

[06-Jul-2026 17:29:39 UTC] Aviso: 'exchanges' no existe en u303404040_BASE_ACV_LCA; se omite sección opcional.
[06-Jul-2026 17:29:46 UTC] === DEBUG DATA QUALITY ===
[06-Jul-2026 17:29:46 UTC] UUID: 53aeceb5-a226-43cc-8d89-9ea03fb90109
[06-Jul-2026 17:29:46 UTC] Total registros: 0
[06-Jul-2026 17:29:46 UTC] Datos: Array
(
)

[06-Jul-2026 17:29:46 UTC] Aviso: 'exchanges' no existe en u303404040_BASE_ACV_LCA; se omite sección opcional.
[06-Jul-2026 17:30:40 UTC] === DEBUG DATA QUALITY ===
[06-Jul-2026 17:30:40 UTC] UUID: 53aeceb5-a226-43cc-8d89-9ea03fb90109
[06-Jul-2026 17:30:40 UTC] Total registros: 0
[06-Jul-2026 17:30:40 UTC] Datos: Array
(
)

[06-Jul-2026 17:30:40 UTC] Aviso: 'exchanges' no existe en u303404040_BASE_ACV_LCA; se omite sección opcional.
[06-Jul-2026 17:31:58 UTC] === DEBUG DATA QUALITY ===
[06-Jul-2026 17:31:58 UTC] UUID: 8fdea55d-fcd6-4c87-976c-af961beabdba
[06-Jul-2026 17:31:58 UTC] Total registros: 0
[06-Jul-2026 17:31:58 UTC] Datos: Array
(
)

[06-Jul-2026 17:31:58 UTC] Aviso: 'exchanges' no existe en u303404040_BASE_ACV_LCA; se omite sección opcional.
[06-Jul-2026 17:32:19 UTC] === DEBUG DATA QUALITY ===
[06-Jul-2026 17:32:19 UTC] UUID: 5cb2e1cc-519f-44e2-9da3-90c6e8c7a1b7
[06-Jul-2026 17:32:19 UTC] Total registros: 0
[06-Jul-2026 17:32:19 UTC] Datos: Array
(
)

[06-Jul-2026 17:32:19 UTC] Aviso: 'exchanges' no existe en u303404040_BASE_ACV_LCA; se omite sección opcional.
[06-Jul-2026 17:35:40 UTC] === DEBUG DATA QUALITY ===
[06-Jul-2026 17:35:40 UTC] UUID: 8fdea55d-fcd6-4c87-976c-af961beabdba
[06-Jul-2026 17:35:40 UTC] Total registros: 0
[06-Jul-2026 17:35:40 UTC] Datos: Array
(
)

[06-Jul-2026 17:35:40 UTC] Aviso: 'exchanges' no existe en u303404040_BASE_ACV_LCA; se omite sección opcional.
[06-Jul-2026 17:35:50 UTC] PHP Warning:  Undefined variable $filter_creados_por_usuarios in /home/u303404040/domains/ciclodevida.mx/public_html/conjuntos.php on line 435
[06-Jul-2026 17:36:10 UTC] PHP Warning:  Undefined variable $filter_creados_por_usuarios in /home/u303404040/domains/ciclodevida.mx/public_html/conjuntos.php on line 435
[06-Jul-2026 17:40:41 UTC] === DEBUG DATA QUALITY ===
[06-Jul-2026 17:40:41 UTC] UUID: c63256e0-cee6-43a3-b9f4-7dfd9fc2ea32
[06-Jul-2026 17:40:41 UTC] Total registros: 0
[06-Jul-2026 17:40:41 UTC] Datos: Array
(
)

[06-Jul-2026 17:40:41 UTC] Aviso: 'exchanges' no existe en u303404040_BASE_ACV_LCA; se omite sección opcional.
[06-Jul-2026 23:35:41 UTC] PHP Warning:  Undefined variable $filter_creados_por_usuarios in /home/u303404040/domains/ciclodevida.mx/public_html/conjuntos.php on line 435
[07-Jul-2026 15:32:36 UTC] === DEBUG DATA QUALITY ===
[07-Jul-2026 15:32:36 UTC] UUID: bd701788-e81f-4978-9e29-d96d4d29c48c
[07-Jul-2026 15:32:36 UTC] Total registros: 0
[07-Jul-2026 15:32:36 UTC] Datos: Array
(
)

[07-Jul-2026 15:32:36 UTC] Aviso: 'exchanges' no existe en u303404040_BASE_ACV_LCA; se omite sección opcional.
[07-Jul-2026 17:23:43 UTC] === DEBUG DATA QUALITY ===
[07-Jul-2026 17:23:43 UTC] UUID: 7dff4b94-bb53-47f2-8b20-46f3ee3bc21e
[07-Jul-2026 17:23:43 UTC] Total registros: 0
[07-Jul-2026 17:23:43 UTC] Datos: Array
(
)

[07-Jul-2026 17:23:43 UTC] Aviso: 'exchanges' no existe en u303404040_BASE_ACV_LCA; se omite sección opcional.
[07-Jul-2026 18:42:44 UTC] PHP Warning:  Undefined variable $filter_creados_por_usuarios in /home/u303404040/domains/ciclodevida.mx/public_html/conjuntos.php on line 435
[07-Jul-2026 18:42:52 UTC] === DEBUG DATA QUALITY ===
[07-Jul-2026 18:42:52 UTC] UUID: 0d5092ff-bd4a-4850-951d-24a68cbdae42
[07-Jul-2026 18:42:52 UTC] Total registros: 0
[07-Jul-2026 18:42:52 UTC] Datos: Array
(
)

[07-Jul-2026 18:42:52 UTC] Aviso: 'exchanges' no existe en u303404040_BASE_ACV_LCA; se omite sección opcional.
[07-Jul-2026 18:47:28 UTC] PHP Warning:  Undefined variable $filter_creados_por_usuarios in /home/u303404040/domains/ciclodevida.mx/public_html/conjuntos.php on line 435
[07-Jul-2026 18:47:49 UTC] === DEBUG DATA QUALITY ===
[07-Jul-2026 18:47:49 UTC] UUID: 8487d63d-c14c-444d-ab1a-42c07b1b957c
[07-Jul-2026 18:47:49 UTC] Total registros: 0
[07-Jul-2026 18:47:49 UTC] Datos: Array
(
)

[07-Jul-2026 18:47:49 UTC] Aviso: 'exchanges' no existe en u303404040_BASE_ACV_LCA; se omite sección opcional.
[07-Jul-2026 18:50:06 UTC] PHP Warning:  Undefined variable $filter_creados_por_usuarios in /home/u303404040/domains/ciclodevida.mx/public_html/conjuntos.php on line 435
[07-Jul-2026 18:50:14 UTC] === DEBUG DATA QUALITY ===
[07-Jul-2026 18:50:14 UTC] UUID: 0d5092ff-bd4a-4850-951d-24a68cbdae42
[07-Jul-2026 18:50:14 UTC] Total registros: 0
[07-Jul-2026 18:50:14 UTC] Datos: Array
(
)

[07-Jul-2026 18:50:14 UTC] Aviso: 'exchanges' no existe en u303404040_BASE_ACV_LCA; se omite sección opcional.
[07-Jul-2026 18:53:34 UTC] PHP Warning:  Undefined variable $filter_creados_por_usuarios in /home/u303404040/domains/ciclodevida.mx/public_html/conjuntos.php on line 435
[07-Jul-2026 18:54:04 UTC] === DEBUG DATA QUALITY ===
[07-Jul-2026 18:54:04 UTC] UUID: cc1ee966-bdb6-40a7-87bb-0b9aed6ff9f9
[07-Jul-2026 18:54:04 UTC] Total registros: 0
[07-Jul-2026 18:54:04 UTC] Datos: Array
(
)

[07-Jul-2026 18:54:04 UTC] Aviso: 'exchanges' no existe en u303404040_BASE_ACV_LCA; se omite sección opcional.
[07-Jul-2026 18:54:31 UTC] PHP Warning:  Undefined variable $filter_creados_por_usuarios in /home/u303404040/domains/ciclodevida.mx/public_html/conjuntos.php on line 435
[07-Jul-2026 18:54:42 UTC] === DEBUG DATA QUALITY ===
[07-Jul-2026 18:54:42 UTC] UUID: 07777d69-deb4-48c9-8cf6-e70cffeb5e33
[07-Jul-2026 18:54:42 UTC] Total registros: 0
[07-Jul-2026 18:54:42 UTC] Datos: Array
(
)

[07-Jul-2026 18:54:42 UTC] Aviso: 'exchanges' no existe en u303404040_BASE_ACV_LCA; se omite sección opcional.
[08-Jul-2026 01:54:51 UTC] === DEBUG DATA QUALITY ===
[08-Jul-2026 01:54:51 UTC] UUID: c61b5fc2-1f55-4fe5-a8ba-3f77e53e4b11
[08-Jul-2026 01:54:51 UTC] Total registros: 0
[08-Jul-2026 01:54:51 UTC] Datos: Array
(
)

[08-Jul-2026 01:54:51 UTC] Aviso: 'exchanges' no existe en u303404040_BASE_ACV_LCA; se omite sección opcional.
[08-Jul-2026 06:37:26 UTC] === DEBUG DATA QUALITY ===
[08-Jul-2026 06:37:26 UTC] UUID: 8893049e-d45e-40c8-92ab-4ee1bad0ee17
[08-Jul-2026 06:37:26 UTC] Total registros: 0
[08-Jul-2026 06:37:26 UTC] Datos: Array
(
)

[08-Jul-2026 06:37:26 UTC] Aviso: 'exchanges' no existe en u303404040_BASE_ACV_LCA; se omite sección opcional.
[08-Jul-2026 16:28:10 UTC] === DEBUG DATA QUALITY ===
[08-Jul-2026 16:28:10 UTC] UUID: 375dbfcb-93f4-4f53-90ec-820c12fffafd
[08-Jul-2026 16:28:10 UTC] Total registros: 0
[08-Jul-2026 16:28:10 UTC] Datos: Array
(
)

[08-Jul-2026 16:28:10 UTC] Aviso: 'exchanges' no existe en u303404040_BASE_ACV_LCA; se omite sección opcional.
[08-Jul-2026 17:03:24 UTC] PHP Warning:  Undefined variable $filter_creados_por_usuarios in /home/u303404040/domains/ciclodevida.mx/public_html/conjuntos.php on line 435
[09-Jul-2026 00:19:07 UTC] PHP Warning:  Undefined variable $filter_creados_por_usuarios in /home/u303404040/domains/ciclodevida.mx/public_html/conjuntos.php on line 435
[09-Jul-2026 02:52:57 UTC] === DEBUG DATA QUALITY ===
[09-Jul-2026 02:52:57 UTC] UUID: 5cb2e1cc-519f-44e2-9da3-90c6e8c7a1b7
[09-Jul-2026 02:52:57 UTC] Total registros: 0
[09-Jul-2026 02:52:57 UTC] Datos: Array
(
)

[09-Jul-2026 02:52:57 UTC] Aviso: 'exchanges' no existe en u303404040_BASE_ACV_LCA; se omite sección opcional.
[09-Jul-2026 18:52:22 UTC] PHP Warning:  Undefined variable $filter_creados_por_usuarios in /home/u303404040/domains/ciclodevida.mx/public_html/conjuntos.php on line 435
[10-Jul-2026 02:40:46 UTC] PHP Warning:  Undefined variable $filter_creados_por_usuarios in /home/u303404040/domains/ciclodevida.mx/public_html/conjuntos.php on line 435
[11-Jul-2026 05:38:36 UTC] === DEBUG DATA QUALITY ===
[11-Jul-2026 05:38:36 UTC] UUID: 8b9997d8-c2b1-3244-bdb8-7be386373db8
[11-Jul-2026 05:38:36 UTC] Total registros: 0
[11-Jul-2026 05:38:36 UTC] Datos: Array
(
)

[11-Jul-2026 05:38:37 UTC] Aviso: 'exchanges' no existe en u303404040_BASE_ACV_LCA; se omite sección opcional.
[11-Jul-2026 06:31:20 UTC] === DEBUG DATA QUALITY ===
[11-Jul-2026 06:31:20 UTC] UUID: 4011ff2d-7931-41ee-80fe-d23f6ce1bb11
[11-Jul-2026 06:31:20 UTC] Total registros: 0
[11-Jul-2026 06:31:20 UTC] Datos: Array
(
)

[11-Jul-2026 06:31:20 UTC] Aviso: 'exchanges' no existe en u303404040_BASE_ACV_LCA; se omite sección opcional.
[11-Jul-2026 17:35:21 UTC] === DEBUG DATA QUALITY ===
[11-Jul-2026 17:35:21 UTC] UUID: cbb0822b-d520-476a-acf7-e1b471cd8a54
[11-Jul-2026 17:35:21 UTC] Total registros: 0
[11-Jul-2026 17:35:21 UTC] Datos: Array
(
)

[11-Jul-2026 17:35:21 UTC] Aviso: 'exchanges' no existe en u303404040_BASE_ACV_LCA; se omite sección opcional.
[13-Jul-2026 18:02:37 UTC] PHP Warning:  Undefined variable $filter_creados_por_usuarios in /home/u303404040/domains/ciclodevida.mx/public_html/conjuntos.php on line 435
[13-Jul-2026 18:03:13 UTC] PHP Warning:  Undefined variable $filter_creados_por_usuarios in /home/u303404040/domains/ciclodevida.mx/public_html/conjuntos.php on line 435
[13-Jul-2026 18:04:18 UTC] PHP Warning:  Undefined variable $filter_creados_por_usuarios in /home/u303404040/domains/ciclodevida.mx/public_html/conjuntos.php on line 435
[13-Jul-2026 18:04:34 UTC] PHP Warning:  Undefined variable $filter_creados_por_usuarios in /home/u303404040/domains/ciclodevida.mx/public_html/conjuntos.php on line 435
[13-Jul-2026 18:04:37 UTC] PHP Warning:  Undefined variable $filter_creados_por_usuarios in /home/u303404040/domains/ciclodevida.mx/public_html/conjuntos.php on line 435
[13-Jul-2026 18:05:31 UTC] PHP Warning:  Undefined variable $filter_creados_por_usuarios in /home/u303404040/domains/ciclodevida.mx/public_html/conjuntos.php on line 435
[13-Jul-2026 18:06:05 UTC] PHP Warning:  Undefined variable $filter_creados_por_usuarios in /home/u303404040/domains/ciclodevida.mx/public_html/conjuntos.php on line 435
[13-Jul-2026 18:06:32 UTC] === DEBUG DATA QUALITY ===
[13-Jul-2026 18:06:32 UTC] UUID: 55d4291d-6b35-41a4-b949-0ed21ca8f71e
[13-Jul-2026 18:06:32 UTC] Total registros: 0
[13-Jul-2026 18:06:32 UTC] Datos: Array
(
)

[13-Jul-2026 18:06:32 UTC] Aviso: 'exchanges' no existe en u303404040_BASE_ACV_LCA; se omite sección opcional.
[13-Jul-2026 18:07:17 UTC] PHP Warning:  Undefined variable $filter_creados_por_usuarios in /home/u303404040/domains/ciclodevida.mx/public_html/conjuntos.php on line 435
[13-Jul-2026 18:07:24 UTC] PHP Warning:  Undefined variable $filter_creados_por_usuarios in /home/u303404040/domains/ciclodevida.mx/public_html/conjuntos.php on line 435
[13-Jul-2026 18:24:05 UTC] PHP Warning:  Undefined variable $filter_creados_por_usuarios in /home/u303404040/domains/ciclodevida.mx/public_html/conjuntos.php on line 435
[15-Jul-2026 01:14:47 UTC] === DEBUG DATA QUALITY ===
[15-Jul-2026 01:14:47 UTC] UUID: 9966694d-0c43-42f7-9b3b-b1f238a2f4ef
[15-Jul-2026 01:14:47 UTC] Total registros: 0
[15-Jul-2026 01:14:47 UTC] Datos: Array
(
)

[15-Jul-2026 01:14:47 UTC] Aviso: 'exchanges' no existe en u303404040_BASE_ACV_LCA; se omite sección opcional.
[15-Jul-2026 06:21:54 UTC] PHP Warning:  Undefined variable $filter_creados_por_usuarios in /home/u303404040/domains/ciclodevida.mx/public_html/conjuntos.php on line 435
[15-Jul-2026 06:22:19 UTC] === DEBUG DATA QUALITY ===
[15-Jul-2026 06:22:19 UTC] UUID: c63256e0-cee6-43a3-b9f4-7dfd9fc2ea32
[15-Jul-2026 06:22:19 UTC] Total registros: 0
[15-Jul-2026 06:22:19 UTC] Datos: Array
(
)

[15-Jul-2026 06:22:19 UTC] Aviso: 'exchanges' no existe en u303404040_BASE_ACV_LCA; se omite sección opcional.
[15-Jul-2026 06:22:31 UTC] === DEBUG DATA QUALITY ===
[15-Jul-2026 06:22:31 UTC] UUID: 5cb2e1cc-519f-44e2-9da3-90c6e8c7a1b7
[15-Jul-2026 06:22:31 UTC] Total registros: 0
[15-Jul-2026 06:22:31 UTC] Datos: Array
(
)

[15-Jul-2026 06:22:31 UTC] Aviso: 'exchanges' no existe en u303404040_BASE_ACV_LCA; se omite sección opcional.
[15-Jul-2026 06:23:03 UTC] === DEBUG DATA QUALITY ===
[15-Jul-2026 06:23:03 UTC] UUID: c63256e0-cee6-43a3-b9f4-7dfd9fc2ea32
[15-Jul-2026 06:23:03 UTC] Total registros: 0
[15-Jul-2026 06:23:03 UTC] Datos: Array
(
)

[15-Jul-2026 06:23:03 UTC] Aviso: 'exchanges' no existe en u303404040_BASE_ACV_LCA; se omite sección opcional.
[15-Jul-2026 07:30:40 UTC] === DEBUG DATA QUALITY ===
[15-Jul-2026 07:30:40 UTC] UUID: daaa5572-56c2-46f5-84da-d72c890bf945
[15-Jul-2026 07:30:40 UTC] Total registros: 0
[15-Jul-2026 07:30:40 UTC] Datos: Array
(
)

[15-Jul-2026 07:30:40 UTC] Aviso: 'exchanges' no existe en u303404040_BASE_ACV_LCA; se omite sección opcional.
[15-Jul-2026 13:33:20 UTC] === DEBUG DATA QUALITY ===
[15-Jul-2026 13:33:20 UTC] UUID: 81bbc430-ffdf-464b-a2ae-96184c84c028
[15-Jul-2026 13:33:20 UTC] Total registros: 0
[15-Jul-2026 13:33:20 UTC] Datos: Array
(
)

[15-Jul-2026 13:33:20 UTC] Aviso: 'exchanges' no existe en u303404040_BASE_ACV_LCA; se omite sección opcional.
[15-Jul-2026 18:55:13 UTC] PHP Warning:  Undefined variable $filter_creados_por_usuarios in /home/u303404040/domains/ciclodevida.mx/public_html/conjuntos.php on line 435
[15-Jul-2026 23:52:26 UTC] === DEBUG DATA QUALITY ===
[15-Jul-2026 23:52:26 UTC] UUID: 86a0849a-96b0-4009-b782-61a965fac010
[15-Jul-2026 23:52:26 UTC] Total registros: 0
[15-Jul-2026 23:52:26 UTC] Datos: Array
(
)

[15-Jul-2026 23:52:26 UTC] Aviso: 'exchanges' no existe en u303404040_BASE_ACV_LCA; se omite sección opcional.
[16-Jul-2026 00:26:45 UTC] PHP Warning:  Undefined variable $filter_creados_por_usuarios in /home/u303404040/domains/ciclodevida.mx/public_html/conjuntos.php on line 435
[17-Jul-2026 12:39:57 UTC] === DEBUG DATA QUALITY ===
[17-Jul-2026 12:39:57 UTC] UUID: 53cc27f0-b462-4f89-8a7a-6b9ac6ac0d73
[17-Jul-2026 12:39:57 UTC] Total registros: 0
[17-Jul-2026 12:39:57 UTC] Datos: Array
(
)

[17-Jul-2026 12:39:57 UTC] Aviso: 'exchanges' no existe en u303404040_BASE_ACV_LCA; se omite sección opcional.
[17-Jul-2026 18:22:21 UTC] PHP Warning:  Undefined variable $filter_creados_por_usuarios in /home/u303404040/domains/ciclodevida.mx/public_html/conjuntos.php on line 435
[17-Jul-2026 18:22:27 UTC] PHP Warning:  Undefined variable $filter_creados_por_usuarios in /home/u303404040/domains/ciclodevida.mx/public_html/conjuntos.php on line 435
[17-Jul-2026 18:24:55 UTC] PHP Warning:  Undefined variable $filter_creados_por_usuarios in /home/u303404040/domains/ciclodevida.mx/public_html/conjuntos.php on line 435
[17-Jul-2026 18:25:00 UTC] PHP Warning:  Undefined variable $filter_creados_por_usuarios in /home/u303404040/domains/ciclodevida.mx/public_html/conjuntos.php on line 435
[17-Jul-2026 18:28:32 UTC] === DEBUG DATA QUALITY ===
[17-Jul-2026 18:28:32 UTC] UUID: 07777d69-deb4-48c9-8cf6-e70cffeb5e33
[17-Jul-2026 18:28:32 UTC] Total registros: 0
[17-Jul-2026 18:28:32 UTC] Datos: Array
(
)

[17-Jul-2026 18:28:32 UTC] Aviso: 'exchanges' no existe en u303404040_BASE_ACV_LCA; se omite sección opcional.
[17-Jul-2026 18:28:54 UTC] === DEBUG DATA QUALITY ===
[17-Jul-2026 18:28:54 UTC] UUID: 07777d69-deb4-48c9-8cf6-e70cffeb5e33
[17-Jul-2026 18:28:54 UTC] Total registros: 0
[17-Jul-2026 18:28:54 UTC] Datos: Array
(
)

[17-Jul-2026 18:28:54 UTC] Aviso: 'exchanges' no existe en u303404040_BASE_ACV_LCA; se omite sección opcional.
[17-Jul-2026 18:29:42 UTC] PHP Warning:  Undefined variable $filter_creados_por_usuarios in /home/u303404040/domains/ciclodevida.mx/public_html/conjuntos.php on line 435
[17-Jul-2026 18:29:48 UTC] === DEBUG DATA QUALITY ===
[17-Jul-2026 18:29:48 UTC] UUID: 67edb0c0-1723-437c-b660-b05e2b15a683
[17-Jul-2026 18:29:48 UTC] Total registros: 0
[17-Jul-2026 18:29:48 UTC] Datos: Array
(
)

[17-Jul-2026 18:29:48 UTC] Aviso: 'exchanges' no existe en u303404040_BASE_ACV_LCA; se omite sección opcional.
[17-Jul-2026 19:31:42 UTC] === DEBUG DATA QUALITY ===
[17-Jul-2026 19:31:42 UTC] UUID: cc1ee966-bdb6-40a7-87bb-0b9aed6ff9f9
[17-Jul-2026 19:31:42 UTC] Total registros: 0
[17-Jul-2026 19:31:42 UTC] Datos: Array
(
)

[17-Jul-2026 19:31:42 UTC] Aviso: 'exchanges' no existe en u303404040_BASE_ACV_LCA; se omite sección opcional.
[17-Jul-2026 19:49:51 UTC] === DEBUG DATA QUALITY ===
[17-Jul-2026 19:49:51 UTC] UUID: cc1ee966-bdb6-40a7-87bb-0b9aed6ff9f9
[17-Jul-2026 19:49:51 UTC] Total registros: 0
[17-Jul-2026 19:49:51 UTC] Datos: Array
(
)

[17-Jul-2026 19:49:51 UTC] Aviso: 'exchanges' no existe en u303404040_BASE_ACV_LCA; se omite sección opcional.
[17-Jul-2026 19:49:56 UTC] === DEBUG DATA QUALITY ===
[17-Jul-2026 19:49:56 UTC] UUID: cc1ee966-bdb6-40a7-87bb-0b9aed6ff9f9
[17-Jul-2026 19:49:56 UTC] Total registros: 0
[17-Jul-2026 19:49:56 UTC] Datos: Array
(
)

[17-Jul-2026 19:49:56 UTC] Aviso: 'exchanges' no existe en u303404040_BASE_ACV_LCA; se omite sección opcional.
[17-Jul-2026 19:53:31 UTC] === DEBUG DATA QUALITY ===
[17-Jul-2026 19:53:31 UTC] UUID: 27f2407d-2fd3-4880-bde8-92ba0fe23235
[17-Jul-2026 19:53:31 UTC] Total registros: 0
[17-Jul-2026 19:53:31 UTC] Datos: Array
(
)

[17-Jul-2026 19:53:31 UTC] Aviso: 'exchanges' no existe en u303404040_BASE_ACV_LCA; se omite sección opcional.
[17-Jul-2026 20:17:15 UTC] === DEBUG DATA QUALITY ===
[17-Jul-2026 20:17:15 UTC] UUID: cc1ee966-bdb6-40a7-87bb-0b9aed6ff9f9
[17-Jul-2026 20:17:15 UTC] Total registros: 0
[17-Jul-2026 20:17:15 UTC] Datos: Array
(
)

[17-Jul-2026 20:17:15 UTC] Aviso: 'exchanges' no existe en u303404040_BASE_ACV_LCA; se omite sección opcional.
[17-Jul-2026 20:19:57 UTC] === DEBUG DATA QUALITY ===
[17-Jul-2026 20:19:57 UTC] UUID: 27f2407d-2fd3-4880-bde8-92ba0fe23235
[17-Jul-2026 20:19:57 UTC] Total registros: 0
[17-Jul-2026 20:19:57 UTC] Datos: Array
(
)

[17-Jul-2026 20:19:57 UTC] Aviso: 'exchanges' no existe en u303404040_BASE_ACV_LCA; se omite sección opcional.
[17-Jul-2026 20:21:40 UTC] === DEBUG DATA QUALITY ===
[17-Jul-2026 20:21:40 UTC] UUID: f1ee34e9-45af-4af2-9256-6b8684f4d932
[17-Jul-2026 20:21:40 UTC] Total registros: 0
[17-Jul-2026 20:21:40 UTC] Datos: Array
(
)

[17-Jul-2026 20:21:40 UTC] Aviso: 'exchanges' no existe en u303404040_BASE_ACV_LCA; se omite sección opcional.
[17-Jul-2026 20:24:53 UTC] === DEBUG DATA QUALITY ===
[17-Jul-2026 20:24:53 UTC] UUID: 8fdea55d-fcd6-4c87-976c-af961beabdba
[17-Jul-2026 20:24:53 UTC] Total registros: 0
[17-Jul-2026 20:24:53 UTC] Datos: Array
(
)

[17-Jul-2026 20:24:53 UTC] Aviso: 'exchanges' no existe en u303404040_BASE_ACV_LCA; se omite sección opcional.
[17-Jul-2026 20:32:41 UTC] === DEBUG DATA QUALITY ===
[17-Jul-2026 20:32:41 UTC] UUID: 5cb2e1cc-519f-44e2-9da3-90c6e8c7a1b7
[17-Jul-2026 20:32:41 UTC] Total registros: 0
[17-Jul-2026 20:32:41 UTC] Datos: Array
(
)

[17-Jul-2026 20:32:41 UTC] Aviso: 'exchanges' no existe en u303404040_BASE_ACV_LCA; se omite sección opcional.
[17-Jul-2026 20:37:28 UTC] === DEBUG DATA QUALITY ===
[17-Jul-2026 20:37:28 UTC] UUID: 0b34d7ff-1c00-42b3-9a42-7db5bed3da89
[17-Jul-2026 20:37:28 UTC] Total registros: 0
[17-Jul-2026 20:37:28 UTC] Datos: Array
(
)

[17-Jul-2026 20:37:28 UTC] Aviso: 'exchanges' no existe en u303404040_BASE_ACV_LCA; se omite sección opcional.
[17-Jul-2026 20:54:45 UTC] === DEBUG DATA QUALITY ===
[17-Jul-2026 20:54:45 UTC] UUID: 37438604-4465-497b-ab86-e4b6af017fcc
[17-Jul-2026 20:54:45 UTC] Total registros: 0
[17-Jul-2026 20:54:45 UTC] Datos: Array
(
)

[17-Jul-2026 20:54:45 UTC] Aviso: 'exchanges' no existe en u303404040_BASE_ACV_LCA; se omite sección opcional.
[17-Jul-2026 21:19:09 UTC] === DEBUG DATA QUALITY ===
[17-Jul-2026 21:19:09 UTC] UUID: 375dbfcb-93f4-4f53-90ec-820c12fffafd
[17-Jul-2026 21:19:09 UTC] Total registros: 0
[17-Jul-2026 21:19:09 UTC] Datos: Array
(
)

[17-Jul-2026 21:19:09 UTC] Aviso: 'exchanges' no existe en u303404040_BASE_ACV_LCA; se omite sección opcional.
[17-Jul-2026 21:23:25 UTC] === DEBUG DATA QUALITY ===
[17-Jul-2026 21:23:25 UTC] UUID: 9966694d-0c43-42f7-9b3b-b1f238a2f4ef
[17-Jul-2026 21:23:25 UTC] Total registros: 0
[17-Jul-2026 21:23:25 UTC] Datos: Array
(
)

[17-Jul-2026 21:23:25 UTC] Aviso: 'exchanges' no existe en u303404040_BASE_ACV_LCA; se omite sección opcional.
[17-Jul-2026 21:24:36 UTC] === DEBUG DATA QUALITY ===
[17-Jul-2026 21:24:36 UTC] UUID: 9966694d-0c43-42f7-9b3b-b1f238a2f4ef
[17-Jul-2026 21:24:36 UTC] Total registros: 0
[17-Jul-2026 21:24:36 UTC] Datos: Array
(
)

[17-Jul-2026 21:24:36 UTC] Aviso: 'exchanges' no existe en u303404040_BASE_ACV_LCA; se omite sección opcional.
[17-Jul-2026 21:27:17 UTC] === DEBUG DATA QUALITY ===
[17-Jul-2026 21:27:17 UTC] UUID: 456ebe52-6d3a-41c1-8c15-b6dd0cf5ffa7
[17-Jul-2026 21:27:17 UTC] Total registros: 0
[17-Jul-2026 21:27:17 UTC] Datos: Array
(
)

[17-Jul-2026 21:27:17 UTC] Aviso: 'exchanges' no existe en u303404040_BASE_ACV_LCA; se omite sección opcional.
[17-Jul-2026 21:29:30 UTC] === DEBUG DATA QUALITY ===
[17-Jul-2026 21:29:30 UTC] UUID: 53cc27f0-b462-4f89-8a7a-6b9ac6ac0d73
[17-Jul-2026 21:29:30 UTC] Total registros: 0
[17-Jul-2026 21:29:30 UTC] Datos: Array
(
)

[17-Jul-2026 21:29:30 UTC] Aviso: 'exchanges' no existe en u303404040_BASE_ACV_LCA; se omite sección opcional.
[17-Jul-2026 21:29:34 UTC] === DEBUG DATA QUALITY ===
[17-Jul-2026 21:29:34 UTC] UUID: 7e82b21e-5b43-42f4-bcd7-4f7052d59908
[17-Jul-2026 21:29:34 UTC] Total registros: 0
[17-Jul-2026 21:29:34 UTC] Datos: Array
(
)

[17-Jul-2026 21:29:34 UTC] Aviso: 'exchanges' no existe en u303404040_BASE_ACV_LCA; se omite sección opcional.
[17-Jul-2026 21:36:33 UTC] === DEBUG DATA QUALITY ===
[17-Jul-2026 21:36:33 UTC] UUID: 7e82b21e-5b43-42f4-bcd7-4f7052d59908
[17-Jul-2026 21:36:33 UTC] Total registros: 0
[17-Jul-2026 21:36:33 UTC] Datos: Array
(
)

[17-Jul-2026 21:36:33 UTC] Aviso: 'exchanges' no existe en u303404040_BASE_ACV_LCA; se omite sección opcional.
[17-Jul-2026 21:39:54 UTC] === DEBUG DATA QUALITY ===
[17-Jul-2026 21:39:54 UTC] UUID: cf3487f9-248b-4abd-b4b0-8785b2e6fdd7
[17-Jul-2026 21:39:54 UTC] Total registros: 0
[17-Jul-2026 21:39:54 UTC] Datos: Array
(
)

[17-Jul-2026 21:39:54 UTC] Aviso: 'exchanges' no existe en u303404040_BASE_ACV_LCA; se omite sección opcional.
[17-Jul-2026 21:40:12 UTC] === DEBUG DATA QUALITY ===
[17-Jul-2026 21:40:12 UTC] UUID: f1094aa7-c3d7-43f0-b430-9a6afb8a2eac
[17-Jul-2026 21:40:12 UTC] Total registros: 0
[17-Jul-2026 21:40:12 UTC] Datos: Array
(
)

[17-Jul-2026 21:40:12 UTC] Aviso: 'exchanges' no existe en u303404040_BASE_ACV_LCA; se omite sección opcional.
[17-Jul-2026 21:44:48 UTC] === DEBUG DATA QUALITY ===
[17-Jul-2026 21:44:48 UTC] UUID: 8893049e-d45e-40c8-92ab-4ee1bad0ee17
[17-Jul-2026 21:44:48 UTC] Total registros: 0
[17-Jul-2026 21:44:48 UTC] Datos: Array
(
)

[17-Jul-2026 21:44:48 UTC] Aviso: 'exchanges' no existe en u303404040_BASE_ACV_LCA; se omite sección opcional.
[18-Jul-2026 08:42:20 UTC] PHP Warning:  Undefined variable $filter_creados_por_usuarios in /home/u303404040/domains/ciclodevida.mx/public_html/conjuntos.php on line 435
[19-Jul-2026 02:10:52 UTC] PHP Warning:  Undefined variable $filter_creados_por_usuarios in /home/u303404040/domains/ciclodevida.mx/public_html/conjuntos.php on line 435
[19-Jul-2026 06:35:46 UTC] PHP Warning:  Undefined variable $filter_creados_por_usuarios in /home/u303404040/domains/ciclodevida.mx/public_html/conjuntos.php on line 435
[19-Jul-2026 06:36:16 UTC] === DEBUG DATA QUALITY ===
[19-Jul-2026 06:36:16 UTC] UUID: 0b34d7ff-1c00-42b3-9a42-7db5bed3da89
[19-Jul-2026 06:36:16 UTC] Total registros: 0
[19-Jul-2026 06:36:16 UTC] Datos: Array
(
)

[19-Jul-2026 06:36:16 UTC] Aviso: 'exchanges' no existe en u303404040_BASE_ACV_LCA; se omite sección opcional.
[19-Jul-2026 06:39:45 UTC] === DEBUG DATA QUALITY ===
[19-Jul-2026 06:39:45 UTC] UUID: 0b34d7ff-1c00-42b3-9a42-7db5bed3da89
[19-Jul-2026 06:39:45 UTC] Total registros: 0
[19-Jul-2026 06:39:45 UTC] Datos: Array
(
)

[19-Jul-2026 06:39:45 UTC] Aviso: 'exchanges' no existe en u303404040_BASE_ACV_LCA; se omite sección opcional.
[19-Jul-2026 06:40:07 UTC] === DEBUG DATA QUALITY ===
[19-Jul-2026 06:40:07 UTC] UUID: 53cc27f0-b462-4f89-8a7a-6b9ac6ac0d73
[19-Jul-2026 06:40:07 UTC] Total registros: 0
[19-Jul-2026 06:40:07 UTC] Datos: Array
(
)

[19-Jul-2026 06:40:07 UTC] Aviso: 'exchanges' no existe en u303404040_BASE_ACV_LCA; se omite sección opcional.
[19-Jul-2026 06:46:14 UTC] === DEBUG DATA QUALITY ===
[19-Jul-2026 06:46:14 UTC] UUID: 5cb2e1cc-519f-44e2-9da3-90c6e8c7a1b7
[19-Jul-2026 06:46:14 UTC] Total registros: 0
[19-Jul-2026 06:46:14 UTC] Datos: Array
(
)

[19-Jul-2026 06:46:14 UTC] Aviso: 'exchanges' no existe en u303404040_BASE_ACV_LCA; se omite sección opcional.
[19-Jul-2026 22:05:43 UTC] === DEBUG DATA QUALITY ===
[19-Jul-2026 22:05:43 UTC] UUID: ba0767b0-15e8-3f05-bb40-38fa8bf660c8
[19-Jul-2026 22:05:43 UTC] Total registros: 0
[19-Jul-2026 22:05:43 UTC] Datos: Array
(
)

[19-Jul-2026 22:05:43 UTC] Aviso: 'exchanges' no existe en u303404040_BASE_ACV_LCA; se omite sección opcional.
[20-Jul-2026 17:25:42 UTC] === DEBUG DATA QUALITY ===
[20-Jul-2026 17:25:42 UTC] UUID: c61b5fc2-1f55-4fe5-a8ba-3f77e53e4b11
[20-Jul-2026 17:25:42 UTC] Total registros: 0
[20-Jul-2026 17:25:42 UTC] Datos: Array
(
)

[20-Jul-2026 17:25:42 UTC] Aviso: 'exchanges' no existe en u303404040_BASE_ACV_LCA; se omite sección opcional.
[20-Jul-2026 18:07:05 UTC] === DEBUG DATA QUALITY ===
[20-Jul-2026 18:07:05 UTC] UUID: 07777d69-deb4-48c9-8cf6-e70cffeb5e33
[20-Jul-2026 18:07:05 UTC] Total registros: 0
[20-Jul-2026 18:07:05 UTC] Datos: Array
(
)

[20-Jul-2026 18:07:05 UTC] Aviso: 'exchanges' no existe en u303404040_BASE_ACV_LCA; se omite sección opcional.
[20-Jul-2026 18:10:43 UTC] === DEBUG DATA QUALITY ===
[20-Jul-2026 18:10:43 UTC] UUID: cc1ee966-bdb6-40a7-87bb-0b9aed6ff9f9
[20-Jul-2026 18:10:43 UTC] Total registros: 0
[20-Jul-2026 18:10:43 UTC] Datos: Array
(
)

[20-Jul-2026 18:10:43 UTC] Aviso: 'exchanges' no existe en u303404040_BASE_ACV_LCA; se omite sección opcional.
[20-Jul-2026 18:11:01 UTC] === DEBUG DATA QUALITY ===
[20-Jul-2026 18:11:01 UTC] UUID: 27f2407d-2fd3-4880-bde8-92ba0fe23235
[20-Jul-2026 18:11:01 UTC] Total registros: 0
[20-Jul-2026 18:11:01 UTC] Datos: Array
(
)

[20-Jul-2026 18:11:01 UTC] Aviso: 'exchanges' no existe en u303404040_BASE_ACV_LCA; se omite sección opcional.
[20-Jul-2026 18:11:55 UTC] === DEBUG DATA QUALITY ===
[20-Jul-2026 18:11:55 UTC] UUID: ac87cf28-3408-4e58-9a24-061519f83132
[20-Jul-2026 18:11:55 UTC] Total registros: 0
[20-Jul-2026 18:11:55 UTC] Datos: Array
(
)

[20-Jul-2026 18:11:55 UTC] Aviso: 'exchanges' no existe en u303404040_BASE_ACV_LCA; se omite sección opcional.
[20-Jul-2026 18:18:21 UTC] === DEBUG DATA QUALITY ===
[20-Jul-2026 18:18:21 UTC] UUID: 25cd080d-4b12-4a71-a801-6d310ce4ef24
[20-Jul-2026 18:18:21 UTC] Total registros: 0
[20-Jul-2026 18:18:21 UTC] Datos: Array
(
)

[20-Jul-2026 18:18:21 UTC] Aviso: 'exchanges' no existe en u303404040_BASE_ACV_LCA; se omite sección opcional.
[20-Jul-2026 19:30:27 UTC] === DEBUG DATA QUALITY ===
[20-Jul-2026 19:30:27 UTC] UUID: f4e7caef-865f-4868-8734-f7a0598b9430
[20-Jul-2026 19:30:27 UTC] Total registros: 0
[20-Jul-2026 19:30:27 UTC] Datos: Array
(
)

[20-Jul-2026 19:30:27 UTC] Aviso: 'exchanges' no existe en u303404040_BASE_ACV_LCA; se omite sección opcional.
[20-Jul-2026 19:53:11 UTC] === DEBUG DATA QUALITY ===
[20-Jul-2026 19:53:11 UTC] UUID: 4011ff2d-7931-41ee-80fe-d23f6ce1bb11
[20-Jul-2026 19:53:11 UTC] Total registros: 0
[20-Jul-2026 19:53:11 UTC] Datos: Array
(
)

[20-Jul-2026 19:53:11 UTC] Aviso: 'exchanges' no existe en u303404040_BASE_ACV_LCA; se omite sección opcional.
[20-Jul-2026 19:59:58 UTC] === DEBUG DATA QUALITY ===
[20-Jul-2026 19:59:58 UTC] UUID: c63256e0-cee6-43a3-b9f4-7dfd9fc2ea32
[20-Jul-2026 19:59:58 UTC] Total registros: 0
[20-Jul-2026 19:59:58 UTC] Datos: Array
(
)

[20-Jul-2026 19:59:58 UTC] Aviso: 'exchanges' no existe en u303404040_BASE_ACV_LCA; se omite sección opcional.
[20-Jul-2026 20:03:51 UTC] === DEBUG DATA QUALITY ===
[20-Jul-2026 20:03:51 UTC] UUID: 375dbfcb-93f4-4f53-90ec-820c12fffafd
[20-Jul-2026 20:03:51 UTC] Total registros: 0
[20-Jul-2026 20:03:51 UTC] Datos: Array
(
)

[20-Jul-2026 20:03:51 UTC] Aviso: 'exchanges' no existe en u303404040_BASE_ACV_LCA; se omite sección opcional.
[20-Jul-2026 20:07:31 UTC] === DEBUG DATA QUALITY ===
[20-Jul-2026 20:07:31 UTC] UUID: 9966694d-0c43-42f7-9b3b-b1f238a2f4ef
[20-Jul-2026 20:07:31 UTC] Total registros: 0
[20-Jul-2026 20:07:31 UTC] Datos: Array
(
)

[20-Jul-2026 20:07:31 UTC] Aviso: 'exchanges' no existe en u303404040_BASE_ACV_LCA; se omite sección opcional.
[20-Jul-2026 20:10:21 UTC] === DEBUG DATA QUALITY ===
[20-Jul-2026 20:10:21 UTC] UUID: 70104019-0c68-4041-ab75-6503d8b2b4ad
[20-Jul-2026 20:10:21 UTC] Total registros: 0
[20-Jul-2026 20:10:21 UTC] Datos: Array
(
)

[20-Jul-2026 20:10:21 UTC] Aviso: 'exchanges' no existe en u303404040_BASE_ACV_LCA; se omite sección opcional.
[20-Jul-2026 20:14:51 UTC] === DEBUG DATA QUALITY ===
[20-Jul-2026 20:14:51 UTC] UUID: 46cf8113-29e8-4b37-9ec4-3ca94042d53a
[20-Jul-2026 20:14:51 UTC] Total registros: 0
[20-Jul-2026 20:14:51 UTC] Datos: Array
(
)

[20-Jul-2026 20:14:51 UTC] Aviso: 'exchanges' no existe en u303404040_BASE_ACV_LCA; se omite sección opcional.
[20-Jul-2026 20:14:55 UTC] === DEBUG DATA QUALITY ===
[20-Jul-2026 20:14:55 UTC] UUID: cf3487f9-248b-4abd-b4b0-8785b2e6fdd7
[20-Jul-2026 20:14:55 UTC] Total registros: 0
[20-Jul-2026 20:14:55 UTC] Datos: Array
(
)

[20-Jul-2026 20:14:55 UTC] Aviso: 'exchanges' no existe en u303404040_BASE_ACV_LCA; se omite sección opcional.
[20-Jul-2026 20:14:56 UTC] === DEBUG DATA QUALITY ===
[20-Jul-2026 20:14:56 UTC] UUID: a1ff1ba0-5206-4783-961d-5dd065073dec
[20-Jul-2026 20:14:56 UTC] Total registros: 0
[20-Jul-2026 20:14:56 UTC] Datos: Array
(
)

[20-Jul-2026 20:14:56 UTC] Aviso: 'exchanges' no existe en u303404040_BASE_ACV_LCA; se omite sección opcional.
[20-Jul-2026 20:14:58 UTC] === DEBUG DATA QUALITY ===
[20-Jul-2026 20:14:58 UTC] UUID: ba0767b0-15e8-3f05-bb40-38fa8bf660c8
[20-Jul-2026 20:14:58 UTC] Total registros: 0
[20-Jul-2026 20:14:58 UTC] Datos: Array
(
)

[20-Jul-2026 20:14:58 UTC] Aviso: 'exchanges' no existe en u303404040_BASE_ACV_LCA; se omite sección opcional.
[20-Jul-2026 20:15:01 UTC] === DEBUG DATA QUALITY ===
[20-Jul-2026 20:15:01 UTC] UUID: ecc3b8b4-cce4-47e8-b7c5-824cf1b73c03
[20-Jul-2026 20:15:01 UTC] Total registros: 0
[20-Jul-2026 20:15:01 UTC] Datos: Array
(
)

[20-Jul-2026 20:15:01 UTC] Aviso: 'exchanges' no existe en u303404040_BASE_ACV_LCA; se omite sección opcional.
[20-Jul-2026 20:24:50 UTC] === DEBUG DATA QUALITY ===
[20-Jul-2026 20:24:50 UTC] UUID: 456ebe52-6d3a-41c1-8c15-b6dd0cf5ffa7
[20-Jul-2026 20:24:50 UTC] Total registros: 0
[20-Jul-2026 20:24:50 UTC] Datos: Array
(
)

[20-Jul-2026 20:24:50 UTC] Aviso: 'exchanges' no existe en u303404040_BASE_ACV_LCA; se omite sección opcional.
[20-Jul-2026 23:46:10 UTC] === DEBUG DATA QUALITY ===
[20-Jul-2026 23:46:10 UTC] UUID: 27f2407d-2fd3-4880-bde8-92ba0fe23235
[20-Jul-2026 23:46:10 UTC] Total registros: 0
[20-Jul-2026 23:46:10 UTC] Datos: Array
(
)

[20-Jul-2026 23:46:10 UTC] Aviso: 'exchanges' no existe en u303404040_BASE_ACV_LCA; se omite sección opcional.
[21-Jul-2026 17:01:55 UTC] PHP Warning:  Undefined variable $filter_creados_por_usuarios in /home/u303404040/domains/ciclodevida.mx/public_html/conjuntos.php on line 435
[21-Jul-2026 19:56:53 UTC] PHP Warning:  Undefined variable $filter_creados_por_usuarios in /home/u303404040/domains/ciclodevida.mx/public_html/conjuntos.php on line 435
[21-Jul-2026 19:58:09 UTC] PHP Warning:  Undefined variable $filter_creados_por_usuarios in /home/u303404040/domains/ciclodevida.mx/public_html/conjuntos.php on line 435
[21-Jul-2026 21:20:12 UTC] PHP Warning:  Undefined variable $filter_creados_por_usuarios in /home/u303404040/domains/ciclodevida.mx/public_html/conjuntos.php on line 435
[22-Jul-2026 00:51:11 UTC] === DEBUG DATA QUALITY ===
[22-Jul-2026 00:51:11 UTC] UUID: 8d35f22a-e41f-479a-be66-d3f7aa64da45
[22-Jul-2026 00:51:11 UTC] Total registros: 0
[22-Jul-2026 00:51:11 UTC] Datos: Array
(
)

[22-Jul-2026 00:51:11 UTC] Aviso: 'exchanges' no existe en u303404040_BASE_ACV_LCA; se omite sección opcional.
[22-Jul-2026 16:59:43 UTC] === DEBUG DATA QUALITY ===
[22-Jul-2026 16:59:43 UTC] UUID: 7caceef8-4a97-3de3-97fb-53241bdc8448
[22-Jul-2026 16:59:43 UTC] Total registros: 0
[22-Jul-2026 16:59:43 UTC] Datos: Array
(
)

[22-Jul-2026 16:59:43 UTC] Aviso: 'exchanges' no existe en u303404040_BASE_ACV_LCA; se omite sección opcional.
[22-Jul-2026 17:30:03 UTC] PHP Warning:  Undefined variable $filter_creados_por_usuarios in /home/u303404040/domains/ciclodevida.mx/public_html/conjuntos.php on line 435
[22-Jul-2026 17:51:01 UTC] PHP Warning:  Undefined variable $filter_creados_por_usuarios in /home/u303404040/domains/ciclodevida.mx/public_html/conjuntos.php on line 435
[22-Jul-2026 17:51:08 UTC] === DEBUG DATA QUALITY ===
[22-Jul-2026 17:51:08 UTC] UUID: 07777d69-deb4-48c9-8cf6-e70cffeb5e33
[22-Jul-2026 17:51:08 UTC] Total registros: 0
[22-Jul-2026 17:51:08 UTC] Datos: Array
(
)

[22-Jul-2026 17:51:08 UTC] Aviso: 'exchanges' no existe en u303404040_BASE_ACV_LCA; se omite sección opcional.
[22-Jul-2026 18:07:44 UTC] === DEBUG DATA QUALITY ===
[22-Jul-2026 18:07:44 UTC] UUID: 8d35f22a-e41f-479a-be66-d3f7aa64da45
[22-Jul-2026 18:07:44 UTC] Total registros: 0
[22-Jul-2026 18:07:44 UTC] Datos: Array
(
)

[22-Jul-2026 18:07:44 UTC] Aviso: 'exchanges' no existe en u303404040_BASE_ACV_LCA; se omite sección opcional.
[22-Jul-2026 18:16:20 UTC] === DEBUG DATA QUALITY ===
[22-Jul-2026 18:16:20 UTC] UUID: ba059dc5-ff2a-4215-aaf2-4a44d337c46a
[22-Jul-2026 18:16:20 UTC] Total registros: 0
[22-Jul-2026 18:16:20 UTC] Datos: Array
(
)

[22-Jul-2026 18:16:20 UTC] Aviso: 'exchanges' no existe en u303404040_BASE_ACV_LCA; se omite sección opcional.
[22-Jul-2026 19:36:43 UTC] === DEBUG DATA QUALITY ===
[22-Jul-2026 19:36:43 UTC] UUID: d6af4203-07ce-43bd-b538-e979f8b9cdd6
[22-Jul-2026 19:36:43 UTC] Total registros: 0
[22-Jul-2026 19:36:43 UTC] Datos: Array
(
)

[22-Jul-2026 19:36:43 UTC] Aviso: 'exchanges' no existe en u303404040_BASE_ACV_LCA; se omite sección opcional.
[22-Jul-2026 19:39:10 UTC] === DEBUG DATA QUALITY ===
[22-Jul-2026 19:39:10 UTC] UUID: 9d6adb77-0604-4eda-a7e6-9c5a0ab5b003
[22-Jul-2026 19:39:10 UTC] Total registros: 0
[22-Jul-2026 19:39:10 UTC] Datos: Array
(
)

[22-Jul-2026 19:39:10 UTC] Aviso: 'exchanges' no existe en u303404040_BASE_ACV_LCA; se omite sección opcional.
[22-Jul-2026 20:02:38 UTC] === DEBUG DATA QUALITY ===
[22-Jul-2026 20:02:38 UTC] UUID: 9d6adb77-0604-4eda-a7e6-9c5a0ab5b003
[22-Jul-2026 20:02:38 UTC] Total registros: 0
[22-Jul-2026 20:02:38 UTC] Datos: Array
(
)

[22-Jul-2026 20:02:38 UTC] Aviso: 'exchanges' no existe en u303404040_BASE_ACV_LCA; se omite sección opcional.
[22-Jul-2026 20:13:36 UTC] === DEBUG DATA QUALITY ===
[22-Jul-2026 20:13:36 UTC] UUID: 7b1d3421-fdac-4dcf-9316-00bbe4505b10
[22-Jul-2026 20:13:36 UTC] Total registros: 0
[22-Jul-2026 20:13:36 UTC] Datos: Array
(
)

[22-Jul-2026 20:13:36 UTC] Aviso: 'exchanges' no existe en u303404040_BASE_ACV_LCA; se omite sección opcional.
[22-Jul-2026 20:17:21 UTC] === DEBUG DATA QUALITY ===
[22-Jul-2026 20:17:21 UTC] UUID: 4f7b4f6a-b8bd-42a2-bd9a-10860eceacce
[22-Jul-2026 20:17:21 UTC] Total registros: 0
[22-Jul-2026 20:17:21 UTC] Datos: Array
(
)

[22-Jul-2026 20:17:21 UTC] Aviso: 'exchanges' no existe en u303404040_BASE_ACV_LCA; se omite sección opcional.
[22-Jul-2026 20:18:21 UTC] === DEBUG DATA QUALITY ===
[22-Jul-2026 20:18:21 UTC] UUID: 13831a46-f865-4b82-97d2-1a8e69978476
[22-Jul-2026 20:18:21 UTC] Total registros: 0
[22-Jul-2026 20:18:21 UTC] Datos: Array
(
)

[22-Jul-2026 20:18:21 UTC] Aviso: 'exchanges' no existe en u303404040_BASE_ACV_LCA; se omite sección opcional.
[22-Jul-2026 20:22:16 UTC] === DEBUG DATA QUALITY ===
[22-Jul-2026 20:22:16 UTC] UUID: 67edb0c0-1723-437c-b660-b05e2b15a683
[22-Jul-2026 20:22:16 UTC] Total registros: 0
[22-Jul-2026 20:22:16 UTC] Datos: Array
(
)

[22-Jul-2026 20:22:16 UTC] Aviso: 'exchanges' no existe en u303404040_BASE_ACV_LCA; se omite sección opcional.
[22-Jul-2026 20:55:52 UTC] === DEBUG DATA QUALITY ===
[22-Jul-2026 20:55:52 UTC] UUID: 67eb1819-187c-4e1e-b6cd-876da0118043
[22-Jul-2026 20:55:52 UTC] Total registros: 0
[22-Jul-2026 20:55:52 UTC] Datos: Array
(
)

[22-Jul-2026 20:55:52 UTC] Aviso: 'exchanges' no existe en u303404040_BASE_ACV_LCA; se omite sección opcional.
[22-Jul-2026 20:55:54 UTC] === DEBUG DATA QUALITY ===
[22-Jul-2026 20:55:54 UTC] UUID: 67eb1819-187c-4e1e-b6cd-876da0118043
[22-Jul-2026 20:55:54 UTC] Total registros: 0
[22-Jul-2026 20:55:54 UTC] Datos: Array
(
)

[22-Jul-2026 20:55:54 UTC] Aviso: 'exchanges' no existe en u303404040_BASE_ACV_LCA; se omite sección opcional.
[22-Jul-2026 20:56:58 UTC] === DEBUG DATA QUALITY ===
[22-Jul-2026 20:56:58 UTC] UUID: 4da44ea3-ce37-41c5-8457-096445dc55af
[22-Jul-2026 20:56:58 UTC] Total registros: 0
[22-Jul-2026 20:56:58 UTC] Datos: Array
(
)

[22-Jul-2026 20:56:58 UTC] Aviso: 'exchanges' no existe en u303404040_BASE_ACV_LCA; se omite sección opcional.
[22-Jul-2026 20:58:11 UTC] === DEBUG DATA QUALITY ===
[22-Jul-2026 20:58:11 UTC] UUID: 6fae8d94-a52f-45c5-86b6-ba7b15be62a0
[22-Jul-2026 20:58:11 UTC] Total registros: 0
[22-Jul-2026 20:58:11 UTC] Datos: Array
(
)

[22-Jul-2026 20:58:11 UTC] Aviso: 'exchanges' no existe en u303404040_BASE_ACV_LCA; se omite sección opcional.
[22-Jul-2026 21:00:26 UTC] === DEBUG DATA QUALITY ===
[22-Jul-2026 21:00:26 UTC] UUID: 9d6adb77-0604-4eda-a7e6-9c5a0ab5b003
[22-Jul-2026 21:00:26 UTC] Total registros: 0
[22-Jul-2026 21:00:26 UTC] Datos: Array
(
)

[22-Jul-2026 21:00:26 UTC] Aviso: 'exchanges' no existe en u303404040_BASE_ACV_LCA; se omite sección opcional.
[22-Jul-2026 21:01:32 UTC] === DEBUG DATA QUALITY ===
[22-Jul-2026 21:01:32 UTC] UUID: dc1832b0-36c6-4dcd-aaa8-cac51cb35527
[22-Jul-2026 21:01:32 UTC] Total registros: 0
[22-Jul-2026 21:01:32 UTC] Datos: Array
(
)

[22-Jul-2026 21:01:32 UTC] Aviso: 'exchanges' no existe en u303404040_BASE_ACV_LCA; se omite sección opcional.
[22-Jul-2026 21:01:46 UTC] === DEBUG DATA QUALITY ===
[22-Jul-2026 21:01:46 UTC] UUID: 0336bfc9-78d8-47bb-a1cc-cc86bfd24f03
[22-Jul-2026 21:01:46 UTC] Total registros: 0
[22-Jul-2026 21:01:46 UTC] Datos: Array
(
)

[22-Jul-2026 21:01:46 UTC] Aviso: 'exchanges' no existe en u303404040_BASE_ACV_LCA; se omite sección opcional.
[22-Jul-2026 22:42:12 UTC] === DEBUG DATA QUALITY ===
[22-Jul-2026 22:42:12 UTC] UUID: 0dbe58bb-3c5e-4a2e-8376-7d93ace30418
[22-Jul-2026 22:42:12 UTC] Total registros: 0
[22-Jul-2026 22:42:12 UTC] Datos: Array
(
)

[22-Jul-2026 22:42:12 UTC] Aviso: 'exchanges' no existe en u303404040_BASE_ACV_LCA; se omite sección opcional.
[22-Jul-2026 22:47:10 UTC] === DEBUG DATA QUALITY ===
[22-Jul-2026 22:47:10 UTC] UUID: 37438604-4465-497b-ab86-e4b6af017fcc
[22-Jul-2026 22:47:10 UTC] Total registros: 0
[22-Jul-2026 22:47:10 UTC] Datos: Array
(
)

[22-Jul-2026 22:47:10 UTC] Aviso: 'exchanges' no existe en u303404040_BASE_ACV_LCA; se omite sección opcional.
[22-Jul-2026 22:48:58 UTC] === DEBUG DATA QUALITY ===
[22-Jul-2026 22:48:58 UTC] UUID: 5a237ade-f3de-3283-baf1-ffc0607419d8
[22-Jul-2026 22:48:58 UTC] Total registros: 0
[22-Jul-2026 22:48:58 UTC] Datos: Array
(
)

[22-Jul-2026 22:48:58 UTC] Aviso: 'exchanges' no existe en u303404040_BASE_ACV_LCA; se omite sección opcional.
[22-Jul-2026 22:50:05 UTC] === DEBUG DATA QUALITY ===
[22-Jul-2026 22:50:05 UTC] UUID: 5d1b1a8c-53d7-337c-828a-fe3317af0d3c
[22-Jul-2026 22:50:05 UTC] Total registros: 0
[22-Jul-2026 22:50:05 UTC] Datos: Array
(
)

[22-Jul-2026 22:50:05 UTC] Aviso: 'exchanges' no existe en u303404040_BASE_ACV_LCA; se omite sección opcional.
[22-Jul-2026 22:54:51 UTC] === DEBUG DATA QUALITY ===
[22-Jul-2026 22:54:51 UTC] UUID: f816fa57-dc42-4aa0-8eb2-4e8f5487ff77
[22-Jul-2026 22:54:51 UTC] Total registros: 0
[22-Jul-2026 22:54:51 UTC] Datos: Array
(
)

[22-Jul-2026 22:54:51 UTC] Aviso: 'exchanges' no existe en u303404040_BASE_ACV_LCA; se omite sección opcional.
[22-Jul-2026 22:56:33 UTC] === DEBUG DATA QUALITY ===
[22-Jul-2026 22:56:33 UTC] UUID: 3a013d14-5ac8-3339-91a0-ba798dd646a6
[22-Jul-2026 22:56:33 UTC] Total registros: 0
[22-Jul-2026 22:56:33 UTC] Datos: Array
(
)

[22-Jul-2026 22:56:33 UTC] Aviso: 'exchanges' no existe en u303404040_BASE_ACV_LCA; se omite sección opcional.
[22-Jul-2026 23:11:27 UTC] === DEBUG DATA QUALITY ===
[22-Jul-2026 23:11:27 UTC] UUID: bdba21b7-5981-4517-889e-a3d6b41e13de
[22-Jul-2026 23:11:27 UTC] Total registros: 0
[22-Jul-2026 23:11:27 UTC] Datos: Array
(
)

[22-Jul-2026 23:11:27 UTC] Aviso: 'exchanges' no existe en u303404040_BASE_ACV_LCA; se omite sección opcional.
[22-Jul-2026 23:12:52 UTC] === DEBUG DATA QUALITY ===
[22-Jul-2026 23:12:52 UTC] UUID: 7c8850a0-8a74-4622-99c8-88e007013a52
[22-Jul-2026 23:12:52 UTC] Total registros: 0
[22-Jul-2026 23:12:52 UTC] Datos: Array
(
)

[22-Jul-2026 23:12:52 UTC] Aviso: 'exchanges' no existe en u303404040_BASE_ACV_LCA; se omite sección opcional.
[22-Jul-2026 23:26:09 UTC] === DEBUG DATA QUALITY ===
[22-Jul-2026 23:26:09 UTC] UUID: 8487d63d-c14c-444d-ab1a-42c07b1b957c
[22-Jul-2026 23:26:09 UTC] Total registros: 0
[22-Jul-2026 23:26:09 UTC] Datos: Array
(
)

[22-Jul-2026 23:26:09 UTC] Aviso: 'exchanges' no existe en u303404040_BASE_ACV_LCA; se omite sección opcional.
[22-Jul-2026 23:28:00 UTC] === DEBUG DATA QUALITY ===
[22-Jul-2026 23:28:00 UTC] UUID: c5bd9194-40a5-4d3f-a87b-56ab45c3fc1e
[22-Jul-2026 23:28:00 UTC] Total registros: 0
[22-Jul-2026 23:28:00 UTC] Datos: Array
(
)

[22-Jul-2026 23:28:00 UTC] Aviso: 'exchanges' no existe en u303404040_BASE_ACV_LCA; se omite sección opcional.
[22-Jul-2026 23:28:57 UTC] === DEBUG DATA QUALITY ===
[22-Jul-2026 23:28:57 UTC] UUID: 21954933-9698-48a4-a492-d77a21dd5f53
[22-Jul-2026 23:28:57 UTC] Total registros: 0
[22-Jul-2026 23:28:57 UTC] Datos: Array
(
)

[22-Jul-2026 23:28:57 UTC] Aviso: 'exchanges' no existe en u303404040_BASE_ACV_LCA; se omite sección opcional.
[22-Jul-2026 23:29:46 UTC] === DEBUG DATA QUALITY ===
[22-Jul-2026 23:29:46 UTC] UUID: 89fb11f7-2219-3578-afe1-1b13133cb037
[22-Jul-2026 23:29:46 UTC] Total registros: 0
[22-Jul-2026 23:29:46 UTC] Datos: Array
(
)

[22-Jul-2026 23:29:46 UTC] Aviso: 'exchanges' no existe en u303404040_BASE_ACV_LCA; se omite sección opcional.
[22-Jul-2026 23:29:55 UTC] === DEBUG DATA QUALITY ===
[22-Jul-2026 23:29:55 UTC] UUID: 80cb2260-e65e-3c20-af55-66c31d4f2c9a
[22-Jul-2026 23:29:55 UTC] Total registros: 0
[22-Jul-2026 23:29:55 UTC] Datos: Array
(
)

[22-Jul-2026 23:29:55 UTC] Aviso: 'exchanges' no existe en u303404040_BASE_ACV_LCA; se omite sección opcional.
[23-Jul-2026 00:12:50 UTC] === DEBUG DATA QUALITY ===
[23-Jul-2026 00:12:50 UTC] UUID: 89fb11f7-2219-3578-afe1-1b13133cb037
[23-Jul-2026 00:12:50 UTC] Total registros: 0
[23-Jul-2026 00:12:50 UTC] Datos: Array
(
)

[23-Jul-2026 00:12:50 UTC] Aviso: 'exchanges' no existe en u303404040_BASE_ACV_LCA; se omite sección opcional.
[23-Jul-2026 00:12:53 UTC] === DEBUG DATA QUALITY ===
[23-Jul-2026 00:12:53 UTC] UUID: 89fb11f7-2219-3578-afe1-1b13133cb037
[23-Jul-2026 00:12:53 UTC] Total registros: 0
[23-Jul-2026 00:12:53 UTC] Datos: Array
(
)

[23-Jul-2026 00:12:53 UTC] Aviso: 'exchanges' no existe en u303404040_BASE_ACV_LCA; se omite sección opcional.
[23-Jul-2026 12:41:48 UTC] === DEBUG DATA QUALITY ===
[23-Jul-2026 12:41:48 UTC] UUID: f1ee34e9-45af-4af2-9256-6b8684f4d932
[23-Jul-2026 12:41:48 UTC] Total registros: 0
[23-Jul-2026 12:41:48 UTC] Datos: Array
(
)

[23-Jul-2026 12:41:48 UTC] Aviso: 'exchanges' no existe en u303404040_BASE_ACV_LCA; se omite sección opcional.
[23-Jul-2026 17:14:20 UTC] PHP Warning:  Undefined variable $filter_creados_por_usuarios in /home/u303404040/domains/ciclodevida.mx/public_html/conjuntos.php on line 435
[23-Jul-2026 17:17:30 UTC] === DEBUG DATA QUALITY ===
[23-Jul-2026 17:17:30 UTC] UUID: 07777d69-deb4-48c9-8cf6-e70cffeb5e33
[23-Jul-2026 17:17:30 UTC] Total registros: 0
[23-Jul-2026 17:17:30 UTC] Datos: Array
(
)

[23-Jul-2026 17:17:30 UTC] Aviso: 'exchanges' no existe en u303404040_BASE_ACV_LCA; se omite sección opcional.
[23-Jul-2026 17:18:34 UTC] === DEBUG DATA QUALITY ===
[23-Jul-2026 17:18:34 UTC] UUID: 7c8850a0-8a74-4622-99c8-88e007013a52
[23-Jul-2026 17:18:34 UTC] Total registros: 0
[23-Jul-2026 17:18:34 UTC] Datos: Array
(
)

[23-Jul-2026 17:18:34 UTC] Aviso: 'exchanges' no existe en u303404040_BASE_ACV_LCA; se omite sección opcional.
[23-Jul-2026 18:13:36 UTC] === DEBUG DATA QUALITY ===
[23-Jul-2026 18:13:36 UTC] UUID: 8893049e-d45e-40c8-92ab-4ee1bad0ee17
[23-Jul-2026 18:13:36 UTC] Total registros: 0
[23-Jul-2026 18:13:36 UTC] Datos: Array
(
)

[23-Jul-2026 18:13:36 UTC] Aviso: 'exchanges' no existe en u303404040_BASE_ACV_LCA; se omite sección opcional.
[23-Jul-2026 18:20:05 UTC] PHP Warning:  Undefined variable $filter_creados_por_usuarios in /home/u303404040/domains/ciclodevida.mx/public_html/conjuntos.php on line 435
[23-Jul-2026 18:20:17 UTC] === DEBUG DATA QUALITY ===
[23-Jul-2026 18:20:17 UTC] UUID: 53cc27f0-b462-4f89-8a7a-6b9ac6ac0d73
[23-Jul-2026 18:20:17 UTC] Total registros: 0
[23-Jul-2026 18:20:17 UTC] Datos: Array
(
)

[23-Jul-2026 18:20:17 UTC] Aviso: 'exchanges' no existe en u303404040_BASE_ACV_LCA; se omite sección opcional.
[23-Jul-2026 18:20:28 UTC] === DEBUG DATA QUALITY ===
[23-Jul-2026 18:20:28 UTC] UUID: ca186aba-2d4e-415e-893f-9487bc75c790
[23-Jul-2026 18:20:28 UTC] Total registros: 0
[23-Jul-2026 18:20:28 UTC] Datos: Array
(
)

[23-Jul-2026 18:20:28 UTC] Aviso: 'exchanges' no existe en u303404040_BASE_ACV_LCA; se omite sección opcional.
[23-Jul-2026 18:26:31 UTC] PHP Warning:  Undefined variable $filter_creados_por_usuarios in /home/u303404040/domains/ciclodevida.mx/public_html/conjuntos.php on line 435
[23-Jul-2026 18:30:03 UTC] === DEBUG DATA QUALITY ===
[23-Jul-2026 18:30:03 UTC] UUID: 29ab6a7d-1384-3bea-bf1f-be8061efb361
[23-Jul-2026 18:30:03 UTC] Total registros: 0
[23-Jul-2026 18:30:03 UTC] Datos: Array
(
)

[23-Jul-2026 18:30:03 UTC] Aviso: 'exchanges' no existe en u303404040_BASE_ACV_LCA; se omite sección opcional.
[23-Jul-2026 18:57:35 UTC] PHP Warning:  Undefined variable $filter_creados_por_usuarios in /home/u303404040/domains/ciclodevida.mx/public_html/conjuntos.php on line 435
[23-Jul-2026 18:57:49 UTC] === DEBUG DATA QUALITY ===
[23-Jul-2026 18:57:49 UTC] UUID: 4011ff2d-7931-41ee-80fe-d23f6ce1bb11
[23-Jul-2026 18:57:49 UTC] Total registros: 0
[23-Jul-2026 18:57:49 UTC] Datos: Array
(
)

[23-Jul-2026 18:57:49 UTC] Aviso: 'exchanges' no existe en u303404040_BASE_ACV_LCA; se omite sección opcional.
[23-Jul-2026 18:58:17 UTC] === DEBUG DATA QUALITY ===
[23-Jul-2026 18:58:17 UTC] UUID: 5f88d9c1-2ee8-4b49-aec5-d435e48b3635
[23-Jul-2026 18:58:17 UTC] Total registros: 0
[23-Jul-2026 18:58:17 UTC] Datos: Array
(
)

[23-Jul-2026 18:58:17 UTC] Aviso: 'exchanges' no existe en u303404040_BASE_ACV_LCA; se omite sección opcional.
[23-Jul-2026 19:01:11 UTC] === DEBUG DATA QUALITY ===
[23-Jul-2026 19:01:11 UTC] UUID: 08a6f21a-7c61-404d-afd1-a2e528efbac1
[23-Jul-2026 19:01:11 UTC] Total registros: 0
[23-Jul-2026 19:01:11 UTC] Datos: Array
(
)

[23-Jul-2026 19:01:11 UTC] Aviso: 'exchanges' no existe en u303404040_BASE_ACV_LCA; se omite sección opcional.
[23-Jul-2026 19:22:56 UTC] === DEBUG DATA QUALITY ===
[23-Jul-2026 19:22:56 UTC] UUID: 0d972cb4-e78b-482a-9532-1e5aa867ce4a
[23-Jul-2026 19:22:56 UTC] Total registros: 0
[23-Jul-2026 19:22:56 UTC] Datos: Array
(
)

[23-Jul-2026 19:22:56 UTC] Aviso: 'exchanges' no existe en u303404040_BASE_ACV_LCA; se omite sección opcional.
[24-Jul-2026 01:51:12 UTC] PHP Warning:  Undefined variable $filter_creados_por_usuarios in /home/u303404040/domains/ciclodevida.mx/public_html/conjuntos.php on line 435
[24-Jul-2026 01:52:09 UTC] PHP Warning:  Undefined variable $filter_creados_por_usuarios in /home/u303404040/domains/ciclodevida.mx/public_html/conjuntos.php on line 435
[24-Jul-2026 01:53:11 UTC] PHP Warning:  Undefined variable $filter_creados_por_usuarios in /home/u303404040/domains/ciclodevida.mx/public_html/conjuntos.php on line 435
[24-Jul-2026 01:53:11 UTC] PHP Warning:  Undefined variable $filter_creados_por_usuarios in /home/u303404040/domains/ciclodevida.mx/public_html/conjuntos.php on line 435
[24-Jul-2026 03:42:10 UTC] PHP Warning:  Undefined variable $filter_creados_por_usuarios in /home/u303404040/domains/ciclodevida.mx/public_html/conjuntos.php on line 435
[24-Jul-2026 11:10:57 UTC] === DEBUG DATA QUALITY ===
[24-Jul-2026 11:10:57 UTC] UUID: f4e7caef-865f-4868-8734-f7a0598b9430
[24-Jul-2026 11:10:57 UTC] Total registros: 0
[24-Jul-2026 11:10:57 UTC] Datos: Array
(
)

[24-Jul-2026 11:10:57 UTC] Aviso: 'exchanges' no existe en u303404040_BASE_ACV_LCA; se omite sección opcional.
[24-Jul-2026 14:36:21 UTC] PHP Warning:  Undefined variable $filter_creados_por_usuarios in /home/u303404040/domains/ciclodevida.mx/public_html/conjuntos.php on line 435
[24-Jul-2026 14:36:29 UTC] PHP Warning:  Undefined variable $filter_creados_por_usuarios in /home/u303404040/domains/ciclodevida.mx/public_html/conjuntos.php on line 435
[24-Jul-2026 16:17:52 UTC] PHP Warning:  Undefined variable $filter_creados_por_usuarios in /home/u303404040/domains/ciclodevida.mx/public_html/conjuntos.php on line 435
[24-Jul-2026 17:04:22 UTC] PHP Warning:  Undefined variable $filter_creados_por_usuarios in /home/u303404040/domains/ciclodevida.mx/public_html/conjuntos.php on line 435
[24-Jul-2026 17:06:03 UTC] PHP Warning:  Undefined variable $filter_creados_por_usuarios in /home/u303404040/domains/ciclodevida.mx/public_html/conjuntos.php on line 435
[24-Jul-2026 17:06:11 UTC] === DEBUG DATA QUALITY ===
[24-Jul-2026 17:06:11 UTC] UUID: 07777d69-deb4-48c9-8cf6-e70cffeb5e33
[24-Jul-2026 17:06:11 UTC] Total registros: 0
[24-Jul-2026 17:06:11 UTC] Datos: Array
(
)

[24-Jul-2026 17:06:11 UTC] Aviso: 'exchanges' no existe en u303404040_BASE_ACV_LCA; se omite sección opcional.
[24-Jul-2026 17:06:19 UTC] === DEBUG DATA QUALITY ===
[24-Jul-2026 17:06:19 UTC] UUID: cc1ee966-bdb6-40a7-87bb-0b9aed6ff9f9
[24-Jul-2026 17:06:19 UTC] Total registros: 0
[24-Jul-2026 17:06:19 UTC] Datos: Array
(
)

[24-Jul-2026 17:06:19 UTC] Aviso: 'exchanges' no existe en u303404040_BASE_ACV_LCA; se omite sección opcional.
[24-Jul-2026 18:47:36 UTC] PHP Warning:  Undefined variable $filter_creados_por_usuarios in /home/u303404040/domains/ciclodevida.mx/public_html/conjuntos.php on line 435
[24-Jul-2026 18:48:37 UTC] === DEBUG DATA QUALITY ===
[24-Jul-2026 18:48:37 UTC] UUID: 53cc27f0-b462-4f89-8a7a-6b9ac6ac0d73
[24-Jul-2026 18:48:37 UTC] Total registros: 0
[24-Jul-2026 18:48:37 UTC] Datos: Array
(
)

[24-Jul-2026 18:48:37 UTC] Aviso: 'exchanges' no existe en u303404040_BASE_ACV_LCA; se omite sección opcional.
[24-Jul-2026 19:03:42 UTC] PHP Warning:  Undefined variable $filter_creados_por_usuarios in /home/u303404040/domains/ciclodevida.mx/public_html/conjuntos.php on line 435
[24-Jul-2026 19:47:34 UTC] PHP Warning:  Undefined variable $filter_creados_por_usuarios in /home/u303404040/domains/ciclodevida.mx/public_html/conjuntos.php on line 435
[24-Jul-2026 19:51:44 UTC] === DEBUG DATA QUALITY ===
[24-Jul-2026 19:51:44 UTC] UUID: f816fa57-dc42-4aa0-8eb2-4e8f5487ff77
[24-Jul-2026 19:51:44 UTC] Total registros: 0
[24-Jul-2026 19:51:44 UTC] Datos: Array
(
)

[24-Jul-2026 19:51:44 UTC] Aviso: 'exchanges' no existe en u303404040_BASE_ACV_LCA; se omite sección opcional.
[24-Jul-2026 20:07:21 UTC] PHP Warning:  Undefined variable $filter_creados_por_usuarios in /home/u303404040/domains/ciclodevida.mx/public_html/conjuntos.php on line 435
[24-Jul-2026 20:07:25 UTC] === DEBUG DATA QUALITY ===
[24-Jul-2026 20:07:25 UTC] UUID: 3a013d14-5ac8-3339-91a0-ba798dd646a6
[24-Jul-2026 20:07:25 UTC] Total registros: 0
[24-Jul-2026 20:07:25 UTC] Datos: Array
(
)

[24-Jul-2026 20:07:25 UTC] Aviso: 'exchanges' no existe en u303404040_BASE_ACV_LCA; se omite sección opcional.
[24-Jul-2026 22:46:16 UTC] PHP Warning:  Undefined variable $filter_creados_por_usuarios in /home/u303404040/domains/ciclodevida.mx/public_html/conjuntos.php on line 435
[24-Jul-2026 22:46:21 UTC] === DEBUG DATA QUALITY ===
[24-Jul-2026 22:46:21 UTC] UUID: 375dbfcb-93f4-4f53-90ec-820c12fffafd
[24-Jul-2026 22:46:21 UTC] Total registros: 0
[24-Jul-2026 22:46:21 UTC] Datos: Array
(
)

[24-Jul-2026 22:46:21 UTC] Aviso: 'exchanges' no existe en u303404040_BASE_ACV_LCA; se omite sección opcional.
[24-Jul-2026 22:46:56 UTC] PHP Warning:  Undefined variable $filter_creados_por_usuarios in /home/u303404040/domains/ciclodevida.mx/public_html/conjuntos.php on line 435
[24-Jul-2026 22:47:02 UTC] === DEBUG DATA QUALITY ===
[24-Jul-2026 22:47:02 UTC] UUID: 53cc27f0-b462-4f89-8a7a-6b9ac6ac0d73
[24-Jul-2026 22:47:02 UTC] Total registros: 0
[24-Jul-2026 22:47:02 UTC] Datos: Array
(
)

[24-Jul-2026 22:47:02 UTC] Aviso: 'exchanges' no existe en u303404040_BASE_ACV_LCA; se omite sección opcional.
[24-Jul-2026 22:58:41 UTC] PHP Warning:  Undefined variable $filter_creados_por_usuarios in /home/u303404040/domains/ciclodevida.mx/public_html/conjuntos.php on line 435
[24-Jul-2026 23:01:01 UTC] === DEBUG DATA QUALITY ===
[24-Jul-2026 23:01:01 UTC] UUID: d6af4203-07ce-43bd-b538-e979f8b9cdd6
[24-Jul-2026 23:01:01 UTC] Total registros: 0
[24-Jul-2026 23:01:01 UTC] Datos: Array
(
)

[24-Jul-2026 23:01:01 UTC] Aviso: 'exchanges' no existe en u303404040_BASE_ACV_LCA; se omite sección opcional.
[24-Jul-2026 23:01:05 UTC] === DEBUG DATA QUALITY ===
[24-Jul-2026 23:01:05 UTC] UUID: 9d6adb77-0604-4eda-a7e6-9c5a0ab5b003
[24-Jul-2026 23:01:05 UTC] Total registros: 0
[24-Jul-2026 23:01:05 UTC] Datos: Array
(
)

[24-Jul-2026 23:01:05 UTC] Aviso: 'exchanges' no existe en u303404040_BASE_ACV_LCA; se omite sección opcional.
[24-Jul-2026 23:02:41 UTC] PHP Warning:  Undefined variable $filter_creados_por_usuarios in /home/u303404040/domains/ciclodevida.mx/public_html/conjuntos.php on line 435
[24-Jul-2026 23:02:49 UTC] === DEBUG DATA QUALITY ===
[24-Jul-2026 23:02:49 UTC] UUID: 01218263-c233-412d-9268-9018cd48faa2
[24-Jul-2026 23:02:49 UTC] Total registros: 0
[24-Jul-2026 23:02:49 UTC] Datos: Array
(
)

[24-Jul-2026 23:02:49 UTC] Aviso: 'exchanges' no existe en u303404040_BASE_ACV_LCA; se omite sección opcional.
[24-Jul-2026 23:02:55 UTC] === DEBUG DATA QUALITY ===
[24-Jul-2026 23:02:55 UTC] UUID: 01218263-c233-412d-9268-9018cd48faa2
[24-Jul-2026 23:02:55 UTC] Total registros: 0
[24-Jul-2026 23:02:55 UTC] Datos: Array
(
)

[24-Jul-2026 23:02:55 UTC] Aviso: 'exchanges' no existe en u303404040_BASE_ACV_LCA; se omite sección opcional.
[24-Jul-2026 23:05:49 UTC] PHP Warning:  Undefined variable $filter_creados_por_usuarios in /home/u303404040/domains/ciclodevida.mx/public_html/conjuntos.php on line 435
[24-Jul-2026 23:05:53 UTC] === DEBUG DATA QUALITY ===
[24-Jul-2026 23:05:53 UTC] UUID: 07777d69-deb4-48c9-8cf6-e70cffeb5e33
[24-Jul-2026 23:05:53 UTC] Total registros: 0
[24-Jul-2026 23:05:53 UTC] Datos: Array
(
)

[24-Jul-2026 23:05:53 UTC] Aviso: 'exchanges' no existe en u303404040_BASE_ACV_LCA; se omite sección opcional.
[24-Jul-2026 23:05:58 UTC] === DEBUG DATA QUALITY ===
[24-Jul-2026 23:05:58 UTC] UUID: 7dff4b94-bb53-47f2-8b20-46f3ee3bc21e
[24-Jul-2026 23:05:58 UTC] Total registros: 0
[24-Jul-2026 23:05:58 UTC] Datos: Array
(
)

[24-Jul-2026 23:05:58 UTC] Aviso: 'exchanges' no existe en u303404040_BASE_ACV_LCA; se omite sección opcional.
[25-Jul-2026 00:20:00 UTC] PHP Warning:  Undefined variable $filter_creados_por_usuarios in /home/u303404040/domains/ciclodevida.mx/public_html/conjuntos.php on line 435
[25-Jul-2026 13:15:45 UTC] === DEBUG DATA QUALITY ===
[25-Jul-2026 13:15:45 UTC] UUID: 86a0849a-96b0-4009-b782-61a965fac010
[25-Jul-2026 13:15:45 UTC] Total registros: 0
[25-Jul-2026 13:15:45 UTC] Datos: Array
(
)

[25-Jul-2026 13:15:45 UTC] Aviso: 'exchanges' no existe en u303404040_BASE_ACV_LCA; se omite sección opcional.
[26-Jul-2026 02:12:49 UTC] === DEBUG DATA QUALITY ===
[26-Jul-2026 02:12:49 UTC] UUID: 37438604-4465-497b-ab86-e4b6af017fcc
[26-Jul-2026 02:12:49 UTC] Total registros: 0
[26-Jul-2026 02:12:49 UTC] Datos: Array
(
)

[26-Jul-2026 02:12:49 UTC] Aviso: 'exchanges' no existe en u303404040_BASE_ACV_LCA; se omite sección opcional.
[26-Jul-2026 16:06:07 UTC] === DEBUG DATA QUALITY ===
[26-Jul-2026 16:06:07 UTC] UUID: e8699882-5c64-4665-8825-464907d56250
[26-Jul-2026 16:06:07 UTC] Total registros: 0
[26-Jul-2026 16:06:07 UTC] Datos: Array
(
)

[26-Jul-2026 16:06:07 UTC] Aviso: 'exchanges' no existe en u303404040_BASE_ACV_LCA; se omite sección opcional.
[27-Jul-2026 18:27:46 UTC] === DEBUG DATA QUALITY ===
[27-Jul-2026 18:27:46 UTC] UUID: ba059dc5-ff2a-4215-aaf2-4a44d337c46a
[27-Jul-2026 18:27:46 UTC] Total registros: 0
[27-Jul-2026 18:27:46 UTC] Datos: Array
(
)

[27-Jul-2026 18:27:46 UTC] Aviso: 'exchanges' no existe en u303404040_BASE_ACV_LCA; se omite sección opcional.
[27-Jul-2026 18:39:10 UTC] PHP Warning:  Undefined variable $filter_creados_por_usuarios in /home/u303404040/domains/ciclodevida.mx/public_html/conjuntos.php on line 435
[27-Jul-2026 18:51:56 UTC] PHP Warning:  Undefined variable $filter_creados_por_usuarios in /home/u303404040/domains/ciclodevida.mx/public_html/conjuntos.php on line 435
[27-Jul-2026 18:52:11 UTC] === DEBUG DATA QUALITY ===
[27-Jul-2026 18:52:11 UTC] UUID: 0b34d7ff-1c00-42b3-9a42-7db5bed3da89
[27-Jul-2026 18:52:11 UTC] Total registros: 0
[27-Jul-2026 18:52:11 UTC] Datos: Array
(
)

[27-Jul-2026 18:52:11 UTC] Aviso: 'exchanges' no existe en u303404040_BASE_ACV_LCA; se omite sección opcional.
[27-Jul-2026 18:52:45 UTC] === DEBUG DATA QUALITY ===
[27-Jul-2026 18:52:45 UTC] UUID: 4011ff2d-7931-41ee-80fe-d23f6ce1bb11
[27-Jul-2026 18:52:45 UTC] Total registros: 0
[27-Jul-2026 18:52:45 UTC] Datos: Array
(
)

[27-Jul-2026 18:52:45 UTC] Aviso: 'exchanges' no existe en u303404040_BASE_ACV_LCA; se omite sección opcional.
[27-Jul-2026 18:57:08 UTC] PHP Warning:  Undefined variable $filter_creados_por_usuarios in /home/u303404040/domains/ciclodevida.mx/public_html/conjuntos.php on line 435
[27-Jul-2026 18:57:12 UTC] PHP Warning:  Undefined variable $filter_creados_por_usuarios in /home/u303404040/domains/ciclodevida.mx/public_html/conjuntos.php on line 435
[27-Jul-2026 19:07:59 UTC] === DEBUG DATA QUALITY ===
[27-Jul-2026 19:07:59 UTC] UUID: 70104019-0c68-4041-ab75-6503d8b2b4ad
[27-Jul-2026 19:07:59 UTC] Total registros: 0
[27-Jul-2026 19:07:59 UTC] Datos: Array
(
)

[27-Jul-2026 19:07:59 UTC] Aviso: 'exchanges' no existe en u303404040_BASE_ACV_LCA; se omite sección opcional.
[27-Jul-2026 19:08:06 UTC] === DEBUG DATA QUALITY ===
[27-Jul-2026 19:08:06 UTC] UUID: cf3487f9-248b-4abd-b4b0-8785b2e6fdd7
[27-Jul-2026 19:08:06 UTC] Total registros: 0
[27-Jul-2026 19:08:06 UTC] Datos: Array
(
)

[27-Jul-2026 19:08:06 UTC] Aviso: 'exchanges' no existe en u303404040_BASE_ACV_LCA; se omite sección opcional.
[27-Jul-2026 19:10:19 UTC] PHP Warning:  Undefined variable $filter_creados_por_usuarios in /home/u303404040/domains/ciclodevida.mx/public_html/conjuntos.php on line 435
[27-Jul-2026 19:10:23 UTC] === DEBUG DATA QUALITY ===
[27-Jul-2026 19:10:23 UTC] UUID: ca186aba-2d4e-415e-893f-9487bc75c790
[27-Jul-2026 19:10:23 UTC] Total registros: 0
[27-Jul-2026 19:10:23 UTC] Datos: Array
(
)

[27-Jul-2026 19:10:23 UTC] Aviso: 'exchanges' no existe en u303404040_BASE_ACV_LCA; se omite sección opcional.
[27-Jul-2026 19:59:16 UTC] PHP Warning:  Undefined variable $filter_creados_por_usuarios in /home/u303404040/domains/ciclodevida.mx/public_html/conjuntos.php on line 435
[27-Jul-2026 20:28:36 UTC] === DEBUG DATA QUALITY ===
[27-Jul-2026 20:28:36 UTC] UUID: ba0767b0-15e8-3f05-bb40-38fa8bf660c8
[27-Jul-2026 20:28:36 UTC] Total registros: 0
[27-Jul-2026 20:28:36 UTC] Datos: Array
(
)

[27-Jul-2026 20:28:36 UTC] Aviso: 'exchanges' no existe en u303404040_BASE_ACV_LCA; se omite sección opcional.
[27-Jul-2026 20:31:24 UTC] PHP Warning:  Undefined variable $filter_creados_por_usuarios in /home/u303404040/domains/ciclodevida.mx/public_html/conjuntos.php on line 435
[27-Jul-2026 20:31:46 UTC] === DEBUG DATA QUALITY ===
[27-Jul-2026 20:31:46 UTC] UUID: 53cc27f0-b462-4f89-8a7a-6b9ac6ac0d73
[27-Jul-2026 20:31:46 UTC] Total registros: 0
[27-Jul-2026 20:31:46 UTC] Datos: Array
(
)

[27-Jul-2026 20:31:46 UTC] Aviso: 'exchanges' no existe en u303404040_BASE_ACV_LCA; se omite sección opcional.
[27-Jul-2026 21:03:24 UTC] PHP Warning:  Undefined variable $filter_creados_por_usuarios in /home/u303404040/domains/ciclodevida.mx/public_html/conjuntos.php on line 435
[27-Jul-2026 21:03:50 UTC] === DEBUG DATA QUALITY ===
[27-Jul-2026 21:03:50 UTC] UUID: d6af4203-07ce-43bd-b538-e979f8b9cdd6
[27-Jul-2026 21:03:50 UTC] Total registros: 0
[27-Jul-2026 21:03:50 UTC] Datos: Array
(
)

[27-Jul-2026 21:03:50 UTC] Aviso: 'exchanges' no existe en u303404040_BASE_ACV_LCA; se omite sección opcional.
[27-Jul-2026 21:04:13 UTC] === DEBUG DATA QUALITY ===
[27-Jul-2026 21:04:13 UTC] UUID: 9d6adb77-0604-4eda-a7e6-9c5a0ab5b003
[27-Jul-2026 21:04:13 UTC] Total registros: 0
[27-Jul-2026 21:04:13 UTC] Datos: Array
(
)

[27-Jul-2026 21:04:13 UTC] Aviso: 'exchanges' no existe en u303404040_BASE_ACV_LCA; se omite sección opcional.
[28-Jul-2026 09:54:36 UTC] === DEBUG DATA QUALITY ===
[28-Jul-2026 09:54:36 UTC] UUID: 6e7966de-f184-4a77-9359-7f37bfdb10b8
[28-Jul-2026 09:54:36 UTC] Total registros: 0
[28-Jul-2026 09:54:36 UTC] Datos: Array
(
)

[28-Jul-2026 09:54:36 UTC] Aviso: 'exchanges' no existe en u303404040_BASE_ACV_LCA; se omite sección opcional.
[28-Jul-2026 10:43:47 UTC] === DEBUG DATA QUALITY ===
[28-Jul-2026 10:43:47 UTC] UUID: 7e82b21e-5b43-42f4-bcd7-4f7052d59908
[28-Jul-2026 10:43:47 UTC] Total registros: 0
[28-Jul-2026 10:43:47 UTC] Datos: Array
(
)

[28-Jul-2026 10:43:47 UTC] Aviso: 'exchanges' no existe en u303404040_BASE_ACV_LCA; se omite sección opcional.
[28-Jul-2026 16:52:00 UTC] PHP Warning:  Undefined variable $filter_creados_por_usuarios in /home/u303404040/domains/ciclodevida.mx/public_html/conjuntos.php on line 435
[28-Jul-2026 23:35:26 UTC] PHP Warning:  Undefined variable $filter_creados_por_usuarios in /home/u303404040/domains/ciclodevida.mx/public_html/conjuntos.php on line 435
[29-Jul-2026 15:45:20 UTC] PHP Warning:  Undefined variable $filter_creados_por_usuarios in /home/u303404040/domains/ciclodevida.mx/public_html/conjuntos.php on line 435
[29-Jul-2026 15:49:40 UTC] PHP Warning:  Undefined variable $filter_creados_por_usuarios in /home/u303404040/domains/ciclodevida.mx/public_html/conjuntos.php on line 435
[29-Jul-2026 15:50:22 UTC] PHP Warning:  Undefined variable $filter_creados_por_usuarios in /home/u303404040/domains/ciclodevida.mx/public_html/conjuntos.php on line 435
[29-Jul-2026 15:50:34 UTC] PHP Warning:  Undefined variable $filter_creados_por_usuarios in /home/u303404040/domains/ciclodevida.mx/public_html/conjuntos.php on line 435
[29-Jul-2026 15:50:47 UTC] === DEBUG DATA QUALITY ===
[29-Jul-2026 15:50:47 UTC] UUID: 5f5743f6-56e0-4496-9048-81fd8758a318
[29-Jul-2026 15:50:47 UTC] Total registros: 0
[29-Jul-2026 15:50:47 UTC] Datos: Array
(
)

[29-Jul-2026 15:50:47 UTC] Aviso: 'exchanges' no existe en u303404040_BASE_ACV_LCA; se omite sección opcional.
[29-Jul-2026 15:52:51 UTC] === DEBUG DATA QUALITY ===
[29-Jul-2026 15:52:51 UTC] UUID: a6fd667e-2d54-40e6-ae0d-f84350864ad4
[29-Jul-2026 15:52:51 UTC] Total registros: 0
[29-Jul-2026 15:52:51 UTC] Datos: Array
(
)

[29-Jul-2026 15:52:51 UTC] Aviso: 'exchanges' no existe en u303404040_BASE_ACV_LCA; se omite sección opcional.
[29-Jul-2026 18:31:26 UTC] PHP Warning:  Undefined variable $filter_creados_por_usuarios in /home/u303404040/domains/ciclodevida.mx/public_html/conjuntos.php on line 435
[29-Jul-2026 18:31:37 UTC] === DEBUG DATA QUALITY ===
[29-Jul-2026 18:31:37 UTC] UUID: 07777d69-deb4-48c9-8cf6-e70cffeb5e33
[29-Jul-2026 18:31:37 UTC] Total registros: 0
[29-Jul-2026 18:31:37 UTC] Datos: Array
(
)

[29-Jul-2026 18:31:37 UTC] Aviso: 'exchanges' no existe en u303404040_BASE_ACV_LCA; se omite sección opcional.
[29-Jul-2026 22:17:05 UTC] PHP Warning:  Undefined variable $filter_creados_por_usuarios in /home/u303404040/domains/ciclodevida.mx/public_html/conjuntos.php on line 435
[30-Jul-2026 11:39:13 UTC] PHP Warning:  Undefined variable $filter_creados_por_usuarios in /home/u303404040/domains/ciclodevida.mx/public_html/conjuntos.php on line 435
[30-Jul-2026 11:39:13 UTC] PHP Warning:  Undefined variable $filter_creados_por_usuarios in /home/u303404040/domains/ciclodevida.mx/public_html/conjuntos.php on line 435
[30-Jul-2026 11:39:15 UTC] PHP Warning:  Undefined variable $filter_creados_por_usuarios in /home/u303404040/domains/ciclodevida.mx/public_html/conjuntos.php on line 435
[30-Jul-2026 11:39:15 UTC] PHP Warning:  Undefined variable $filter_creados_por_usuarios in /home/u303404040/domains/ciclodevida.mx/public_html/conjuntos.php on line 435
[30-Jul-2026 13:26:16 UTC] === DEBUG DATA QUALITY ===
[30-Jul-2026 13:26:16 UTC] UUID: a1ff1ba0-5206-4783-961d-5dd065073dec
[30-Jul-2026 13:26:16 UTC] Total registros: 0
[30-Jul-2026 13:26:16 UTC] Datos: Array
(
)

[30-Jul-2026 13:26:16 UTC] Aviso: 'exchanges' no existe en u303404040_BASE_ACV_LCA; se omite sección opcional.
[30-Jul-2026 20:56:48 UTC] === DEBUG DATA QUALITY ===
[30-Jul-2026 20:56:48 UTC] UUID: ecc3b8b4-cce4-47e8-b7c5-824cf1b73c03
[30-Jul-2026 20:56:48 UTC] Total registros: 0
[30-Jul-2026 20:56:48 UTC] Datos: Array
(
)

[30-Jul-2026 20:56:48 UTC] Aviso: 'exchanges' no existe en u303404040_BASE_ACV_LCA; se omite sección opcional.
[30-Jul-2026 22:28:34 UTC] PHP Warning:  Undefined variable $filter_creados_por_usuarios in /home/u303404040/domains/ciclodevida.mx/public_html/conjuntos.php on line 435
[31-Jul-2026 00:08:35 UTC] PHP Warning:  Undefined variable $filter_creados_por_usuarios in /home/u303404040/domains/ciclodevida.mx/public_html/conjuntos.php on line 435
[31-Jul-2026 01:19:30 UTC] === DEBUG DATA QUALITY ===
[31-Jul-2026 01:19:30 UTC] UUID: 92c8b023-13da-4086-a376-2b1b8a566639
[31-Jul-2026 01:19:30 UTC] Total registros: 0
[31-Jul-2026 01:19:30 UTC] Datos: Array
(
)

[31-Jul-2026 01:19:30 UTC] Aviso: 'exchanges' no existe en u303404040_BASE_ACV_LCA; se omite sección opcional.
[31-Jul-2026 03:22:24 UTC] === DEBUG DATA QUALITY ===
[31-Jul-2026 03:22:24 UTC] UUID: 2140462f-5b0a-4e18-81fd-45735c7d1272
[31-Jul-2026 03:22:24 UTC] Total registros: 0
[31-Jul-2026 03:22:24 UTC] Datos: Array
(
)

[31-Jul-2026 03:22:24 UTC] Aviso: 'exchanges' no existe en u303404040_BASE_ACV_LCA; se omite sección opcional.
[31-Jul-2026 07:39:57 UTC] === DEBUG DATA QUALITY ===
[31-Jul-2026 07:39:57 UTC] UUID: 8fdea55d-fcd6-4c87-976c-af961beabdba
[31-Jul-2026 07:39:57 UTC] Total registros: 0
[31-Jul-2026 07:39:57 UTC] Datos: Array
(
)

[31-Jul-2026 07:39:57 UTC] Aviso: 'exchanges' no existe en u303404040_BASE_ACV_LCA; se omite sección opcional.
[31-Jul-2026 09:24:43 UTC] === DEBUG DATA QUALITY ===
[31-Jul-2026 09:24:43 UTC] UUID: 6fae8d94-a52f-45c5-86b6-ba7b15be62a0
[31-Jul-2026 09:24:43 UTC] Total registros: 0
[31-Jul-2026 09:24:43 UTC] Datos: Array
(
)

[31-Jul-2026 09:24:43 UTC] Aviso: 'exchanges' no existe en u303404040_BASE_ACV_LCA; se omite sección opcional.
[31-Jul-2026 16:51:29 UTC] === DEBUG DATA QUALITY ===
[31-Jul-2026 16:51:29 UTC] UUID: 07777d69-deb4-48c9-8cf6-e70cffeb5e33
[31-Jul-2026 16:51:29 UTC] Total registros: 0
[31-Jul-2026 16:51:29 UTC] Datos: Array
(
)

[31-Jul-2026 16:51:29 UTC] Aviso: 'exchanges' no existe en u303404040_BASE_ACV_LCA; se omite sección opcional.
[31-Jul-2026 23:56:25 UTC] PHP Warning:  Undefined variable $filter_creados_por_usuarios in /home/u303404040/domains/ciclodevida.mx/public_html/conjuntos.php on line 435
[01-Aug-2026 00:00:21 UTC] PHP Warning:  Undefined variable $filter_creados_por_usuarios in /home/u303404040/domains/ciclodevida.mx/public_html/conjuntos.php on line 435
[01-Aug-2026 08:40:48 UTC] PHP Warning:  Undefined variable $filter_creados_por_usuarios in /home/u303404040/domains/ciclodevida.mx/public_html/conjuntos.php on line 435
[02-Aug-2026 02:27:27 UTC] === DEBUG DATA QUALITY ===
[02-Aug-2026 02:27:27 UTC] UUID: 117f394e-0181-3295-883a-113c7e60414b
[02-Aug-2026 02:27:27 UTC] Total registros: 0
[02-Aug-2026 02:27:27 UTC] Datos: Array
(
)

[02-Aug-2026 02:27:28 UTC] Aviso: 'exchanges' no existe en u303404040_BASE_ACV_LCA; se omite sección opcional.
[02-Aug-2026 12:23:44 UTC] PHP Warning:  Undefined variable $filter_creados_por_usuarios in /home/u303404040/domains/ciclodevida.mx/public_html/conjuntos.php on line 435
[03-Aug-2026 18:45:46 UTC] === DEBUG DATA QUALITY ===
[03-Aug-2026 18:45:46 UTC] UUID: 73939ab0-9c98-4246-be26-03fa24e9fe5a
[03-Aug-2026 18:45:46 UTC] Total registros: 0
[03-Aug-2026 18:45:46 UTC] Datos: Array
(
)

[03-Aug-2026 18:45:46 UTC] Aviso: 'exchanges' no existe en u303404040_BASE_ACV_LCA; se omite sección opcional.
[04-Aug-2026 17:24:23 UTC] PHP Warning:  Undefined variable $filter_creados_por_usuarios in /home/u303404040/domains/ciclodevida.mx/public_html/conjuntos.php on line 435
[05-Aug-2026 03:34:08 UTC] === DEBUG DATA QUALITY ===
[05-Aug-2026 03:34:08 UTC] UUID: f1094aa7-c3d7-43f0-b430-9a6afb8a2eac
[05-Aug-2026 03:34:08 UTC] Total registros: 0
[05-Aug-2026 03:34:08 UTC] Datos: Array
(
)

[05-Aug-2026 03:34:08 UTC] Aviso: 'exchanges' no existe en u303404040_BASE_ACV_LCA; se omite sección opcional.
[05-Aug-2026 04:23:24 UTC] === DEBUG DATA QUALITY ===
[05-Aug-2026 04:23:24 UTC] UUID: e8ea6303-d77c-40d2-9818-4cab27af6871
[05-Aug-2026 04:23:24 UTC] Total registros: 0
[05-Aug-2026 04:23:24 UTC] Datos: Array
(
)

[05-Aug-2026 04:23:24 UTC] Aviso: 'exchanges' no existe en u303404040_BASE_ACV_LCA; se omite sección opcional.
[05-Aug-2026 18:54:11 UTC] PHP Warning:  Undefined variable $filter_creados_por_usuarios in /home/u303404040/domains/ciclodevida.mx/public_html/conjuntos.php on line 435
[05-Aug-2026 19:02:47 UTC] PHP Warning:  Undefined variable $filter_creados_por_usuarios in /home/u303404040/domains/ciclodevida.mx/public_html/conjuntos.php on line 435
