[12-Dec-2025 01:47:07 UTC] === CHECK STATUS ===
[12-Dec-2025 01:47:07 UTC] Job ID: pdf_693b7417c13571.76501540
[12-Dec-2025 01:47:07 UTC] Result path: /home/u303404040/domains/ciclodevida.mx/public_html/temp_uploads/pdf_693b7417c13571.76501540_result.json
[12-Dec-2025 01:47:07 UTC] Result exists: NO
[12-Dec-2025 01:47:07 UTC] Meta exists: YES
[12-Dec-2025 01:47:07 UTC] Metadata encontrada - Elapsed: 4s - Status: sent_to_n8n
[12-Dec-2025 01:47:10 UTC] === CHECK STATUS ===
[12-Dec-2025 01:47:10 UTC] Job ID: pdf_693b7417c13571.76501540
[12-Dec-2025 01:47:10 UTC] Result path: /home/u303404040/domains/ciclodevida.mx/public_html/temp_uploads/pdf_693b7417c13571.76501540_result.json
[12-Dec-2025 01:47:10 UTC] Result exists: NO
[12-Dec-2025 01:47:10 UTC] Meta exists: YES
[12-Dec-2025 01:47:10 UTC] Metadata encontrada - Elapsed: 7s - Status: sent_to_n8n
[12-Dec-2025 01:47:13 UTC] === CHECK STATUS ===
[12-Dec-2025 01:47:13 UTC] Job ID: pdf_693b7417c13571.76501540
[12-Dec-2025 01:47:13 UTC] Result path: /home/u303404040/domains/ciclodevida.mx/public_html/temp_uploads/pdf_693b7417c13571.76501540_result.json
[12-Dec-2025 01:47:13 UTC] Result exists: NO
[12-Dec-2025 01:47:13 UTC] Meta exists: YES
[12-Dec-2025 01:47:13 UTC] Metadata encontrada - Elapsed: 10s - Status: sent_to_n8n
[12-Dec-2025 01:47:16 UTC] === CHECK STATUS ===
[12-Dec-2025 01:47:16 UTC] Job ID: pdf_693b7417c13571.76501540
[12-Dec-2025 01:47:16 UTC] Result path: /home/u303404040/domains/ciclodevida.mx/public_html/temp_uploads/pdf_693b7417c13571.76501540_result.json
[12-Dec-2025 01:47:16 UTC] Result exists: NO
[12-Dec-2025 01:47:16 UTC] Meta exists: YES
[12-Dec-2025 01:47:16 UTC] Metadata encontrada - Elapsed: 13s - Status: sent_to_n8n
[12-Dec-2025 01:47:19 UTC] === CHECK STATUS ===
[12-Dec-2025 01:47:19 UTC] Job ID: pdf_693b7417c13571.76501540
[12-Dec-2025 01:47:19 UTC] Result path: /home/u303404040/domains/ciclodevida.mx/public_html/temp_uploads/pdf_693b7417c13571.76501540_result.json
[12-Dec-2025 01:47:19 UTC] Result exists: NO
[12-Dec-2025 01:47:19 UTC] Meta exists: YES
[12-Dec-2025 01:47:19 UTC] Metadata encontrada - Elapsed: 16s - Status: sent_to_n8n
[12-Dec-2025 01:47:22 UTC] === CHECK STATUS ===
[12-Dec-2025 01:47:22 UTC] Job ID: pdf_693b7417c13571.76501540
[12-Dec-2025 01:47:22 UTC] Result path: /home/u303404040/domains/ciclodevida.mx/public_html/temp_uploads/pdf_693b7417c13571.76501540_result.json
[12-Dec-2025 01:47:22 UTC] Result exists: NO
[12-Dec-2025 01:47:22 UTC] Meta exists: YES
[12-Dec-2025 01:47:22 UTC] Metadata encontrada - Elapsed: 19s - Status: sent_to_n8n
[12-Dec-2025 01:47:25 UTC] === CHECK STATUS ===
[12-Dec-2025 01:47:25 UTC] Job ID: pdf_693b7417c13571.76501540
[12-Dec-2025 01:47:25 UTC] Result path: /home/u303404040/domains/ciclodevida.mx/public_html/temp_uploads/pdf_693b7417c13571.76501540_result.json
[12-Dec-2025 01:47:25 UTC] Result exists: NO
[12-Dec-2025 01:47:25 UTC] Meta exists: YES
[12-Dec-2025 01:47:25 UTC] Metadata encontrada - Elapsed: 22s - Status: sent_to_n8n
[12-Dec-2025 01:47:28 UTC] === CHECK STATUS ===
[12-Dec-2025 01:47:28 UTC] Job ID: pdf_693b7417c13571.76501540
[12-Dec-2025 01:47:28 UTC] Result path: /home/u303404040/domains/ciclodevida.mx/public_html/temp_uploads/pdf_693b7417c13571.76501540_result.json
[12-Dec-2025 01:47:28 UTC] Result exists: NO
[12-Dec-2025 01:47:28 UTC] Meta exists: YES
[12-Dec-2025 01:47:28 UTC] Metadata encontrada - Elapsed: 25s - Status: sent_to_n8n
[12-Dec-2025 01:47:31 UTC] === CHECK STATUS ===
[12-Dec-2025 01:47:31 UTC] Job ID: pdf_693b7417c13571.76501540
[12-Dec-2025 01:47:31 UTC] Result path: /home/u303404040/domains/ciclodevida.mx/public_html/temp_uploads/pdf_693b7417c13571.76501540_result.json
[12-Dec-2025 01:47:31 UTC] Result exists: NO
[12-Dec-2025 01:47:31 UTC] Meta exists: YES
[12-Dec-2025 01:47:31 UTC] Metadata encontrada - Elapsed: 28s - Status: sent_to_n8n
[12-Dec-2025 01:47:34 UTC] === CHECK STATUS ===
[12-Dec-2025 01:47:34 UTC] Job ID: pdf_693b7417c13571.76501540
[12-Dec-2025 01:47:34 UTC] Result path: /home/u303404040/domains/ciclodevida.mx/public_html/temp_uploads/pdf_693b7417c13571.76501540_result.json
[12-Dec-2025 01:47:34 UTC] Result exists: NO
[12-Dec-2025 01:47:34 UTC] Meta exists: YES
[12-Dec-2025 01:47:34 UTC] Metadata encontrada - Elapsed: 31s - Status: sent_to_n8n
[12-Dec-2025 01:47:37 UTC] === CHECK STATUS ===
[12-Dec-2025 01:47:37 UTC] Job ID: pdf_693b7417c13571.76501540
[12-Dec-2025 01:47:37 UTC] Result path: /home/u303404040/domains/ciclodevida.mx/public_html/temp_uploads/pdf_693b7417c13571.76501540_result.json
[12-Dec-2025 01:47:37 UTC] Result exists: NO
[12-Dec-2025 01:47:37 UTC] Meta exists: YES
[12-Dec-2025 01:47:37 UTC] Metadata encontrada - Elapsed: 34s - Status: sent_to_n8n
[12-Dec-2025 01:47:40 UTC] === CHECK STATUS ===
[12-Dec-2025 01:47:40 UTC] Job ID: pdf_693b7417c13571.76501540
[12-Dec-2025 01:47:40 UTC] Result path: /home/u303404040/domains/ciclodevida.mx/public_html/temp_uploads/pdf_693b7417c13571.76501540_result.json
[12-Dec-2025 01:47:40 UTC] Result exists: NO
[12-Dec-2025 01:47:40 UTC] Meta exists: YES
[12-Dec-2025 01:47:40 UTC] Metadata encontrada - Elapsed: 37s - Status: sent_to_n8n
[12-Dec-2025 01:47:43 UTC] === CHECK STATUS ===
[12-Dec-2025 01:47:43 UTC] Job ID: pdf_693b7417c13571.76501540
[12-Dec-2025 01:47:43 UTC] Result path: /home/u303404040/domains/ciclodevida.mx/public_html/temp_uploads/pdf_693b7417c13571.76501540_result.json
[12-Dec-2025 01:47:43 UTC] Result exists: NO
[12-Dec-2025 01:47:43 UTC] Meta exists: YES
[12-Dec-2025 01:47:43 UTC] Metadata encontrada - Elapsed: 40s - Status: sent_to_n8n
[12-Dec-2025 01:47:46 UTC] === CHECK STATUS ===
[12-Dec-2025 01:47:46 UTC] Job ID: pdf_693b7417c13571.76501540
[12-Dec-2025 01:47:46 UTC] Result path: /home/u303404040/domains/ciclodevida.mx/public_html/temp_uploads/pdf_693b7417c13571.76501540_result.json
[12-Dec-2025 01:47:46 UTC] Result exists: NO
[12-Dec-2025 01:47:46 UTC] Meta exists: YES
[12-Dec-2025 01:47:46 UTC] Metadata encontrada - Elapsed: 43s - Status: sent_to_n8n
[12-Dec-2025 01:47:49 UTC] === CHECK STATUS ===
[12-Dec-2025 01:47:49 UTC] Job ID: pdf_693b7417c13571.76501540
[12-Dec-2025 01:47:49 UTC] Result path: /home/u303404040/domains/ciclodevida.mx/public_html/temp_uploads/pdf_693b7417c13571.76501540_result.json
[12-Dec-2025 01:47:49 UTC] Result exists: NO
[12-Dec-2025 01:47:49 UTC] Meta exists: YES
[12-Dec-2025 01:47:49 UTC] Metadata encontrada - Elapsed: 46s - Status: sent_to_n8n
[12-Dec-2025 01:47:52 UTC] === CHECK STATUS ===
[12-Dec-2025 01:47:52 UTC] Job ID: pdf_693b7417c13571.76501540
[12-Dec-2025 01:47:52 UTC] Result path: /home/u303404040/domains/ciclodevida.mx/public_html/temp_uploads/pdf_693b7417c13571.76501540_result.json
[12-Dec-2025 01:47:52 UTC] Result exists: NO
[12-Dec-2025 01:47:52 UTC] Meta exists: YES
[12-Dec-2025 01:47:52 UTC] Metadata encontrada - Elapsed: 49s - Status: sent_to_n8n
[12-Dec-2025 01:47:55 UTC] === CHECK STATUS ===
[12-Dec-2025 01:47:55 UTC] Job ID: pdf_693b7417c13571.76501540
[12-Dec-2025 01:47:55 UTC] Result path: /home/u303404040/domains/ciclodevida.mx/public_html/temp_uploads/pdf_693b7417c13571.76501540_result.json
[12-Dec-2025 01:47:55 UTC] Result exists: NO
[12-Dec-2025 01:47:55 UTC] Meta exists: YES
[12-Dec-2025 01:47:55 UTC] Metadata encontrada - Elapsed: 52s - Status: sent_to_n8n
[12-Dec-2025 01:47:58 UTC] === CHECK STATUS ===
[12-Dec-2025 01:47:58 UTC] Job ID: pdf_693b7417c13571.76501540
[12-Dec-2025 01:47:58 UTC] Result path: /home/u303404040/domains/ciclodevida.mx/public_html/temp_uploads/pdf_693b7417c13571.76501540_result.json
[12-Dec-2025 01:47:58 UTC] Result exists: NO
[12-Dec-2025 01:47:58 UTC] Meta exists: YES
[12-Dec-2025 01:47:58 UTC] Metadata encontrada - Elapsed: 55s - Status: sent_to_n8n
[12-Dec-2025 01:48:01 UTC] === CHECK STATUS ===
[12-Dec-2025 01:48:01 UTC] Job ID: pdf_693b7417c13571.76501540
[12-Dec-2025 01:48:01 UTC] Result path: /home/u303404040/domains/ciclodevida.mx/public_html/temp_uploads/pdf_693b7417c13571.76501540_result.json
[12-Dec-2025 01:48:01 UTC] Result exists: NO
[12-Dec-2025 01:48:01 UTC] Meta exists: YES
[12-Dec-2025 01:48:01 UTC] Metadata encontrada - Elapsed: 58s - Status: sent_to_n8n
[12-Dec-2025 01:48:04 UTC] === CHECK STATUS ===
[12-Dec-2025 01:48:04 UTC] Job ID: pdf_693b7417c13571.76501540
[12-Dec-2025 01:48:04 UTC] Result path: /home/u303404040/domains/ciclodevida.mx/public_html/temp_uploads/pdf_693b7417c13571.76501540_result.json
[12-Dec-2025 01:48:04 UTC] Result exists: NO
[12-Dec-2025 01:48:04 UTC] Meta exists: YES
[12-Dec-2025 01:48:04 UTC] Metadata encontrada - Elapsed: 61s - Status: sent_to_n8n
[12-Dec-2025 01:48:07 UTC] === CHECK STATUS ===
[12-Dec-2025 01:48:07 UTC] Job ID: pdf_693b7417c13571.76501540
[12-Dec-2025 01:48:07 UTC] Result path: /home/u303404040/domains/ciclodevida.mx/public_html/temp_uploads/pdf_693b7417c13571.76501540_result.json
[12-Dec-2025 01:48:07 UTC] Result exists: YES
[12-Dec-2025 01:48:07 UTC] Meta exists: YES
[12-Dec-2025 01:48:07 UTC] Resultado encontrado - Status: completed
[12-Dec-2025 01:48:07 UTC] Limpiando archivos temporales para job: pdf_693b7417c13571.76501540
[12-Dec-2025 02:04:44 UTC] Check status para job_id: pdf_693b7838891f15.74666611
[12-Dec-2025 02:04:47 UTC] Check status para job_id: pdf_693b7838891f15.74666611
[12-Dec-2025 02:04:50 UTC] Check status para job_id: pdf_693b7838891f15.74666611
[12-Dec-2025 02:04:53 UTC] Check status para job_id: pdf_693b7838891f15.74666611
[12-Dec-2025 02:04:56 UTC] Check status para job_id: pdf_693b7838891f15.74666611
[12-Dec-2025 02:04:59 UTC] Check status para job_id: pdf_693b7838891f15.74666611
[12-Dec-2025 02:05:02 UTC] Check status para job_id: pdf_693b7838891f15.74666611
[12-Dec-2025 02:05:05 UTC] Check status para job_id: pdf_693b7838891f15.74666611
[12-Dec-2025 02:05:08 UTC] Check status para job_id: pdf_693b7838891f15.74666611
[12-Dec-2025 02:05:11 UTC] Check status para job_id: pdf_693b7838891f15.74666611
[12-Dec-2025 02:05:14 UTC] Check status para job_id: pdf_693b7838891f15.74666611
[12-Dec-2025 02:05:17 UTC] Check status para job_id: pdf_693b7838891f15.74666611
[12-Dec-2025 02:05:20 UTC] Check status para job_id: pdf_693b7838891f15.74666611
[12-Dec-2025 02:05:23 UTC] Check status para job_id: pdf_693b7838891f15.74666611
[12-Dec-2025 02:05:26 UTC] Check status para job_id: pdf_693b7838891f15.74666611
[12-Dec-2025 02:05:29 UTC] Check status para job_id: pdf_693b7838891f15.74666611
[12-Dec-2025 02:05:32 UTC] Check status para job_id: pdf_693b7838891f15.74666611
[12-Dec-2025 02:05:35 UTC] Check status para job_id: pdf_693b7838891f15.74666611
[12-Dec-2025 02:05:38 UTC] Check status para job_id: pdf_693b7838891f15.74666611
[12-Dec-2025 02:05:41 UTC] Check status para job_id: pdf_693b7838891f15.74666611
[12-Dec-2025 02:05:44 UTC] Check status para job_id: pdf_693b7838891f15.74666611
[12-Dec-2025 02:05:47 UTC] Check status para job_id: pdf_693b7838891f15.74666611
[12-Dec-2025 02:05:50 UTC] Check status para job_id: pdf_693b7838891f15.74666611
[12-Dec-2025 02:05:53 UTC] Check status para job_id: pdf_693b7838891f15.74666611
[12-Dec-2025 02:05:56 UTC] Check status para job_id: pdf_693b7838891f15.74666611
[12-Dec-2025 02:05:59 UTC] Check status para job_id: pdf_693b7838891f15.74666611
[12-Dec-2025 02:06:02 UTC] Check status para job_id: pdf_693b7838891f15.74666611
[12-Dec-2025 02:06:05 UTC] Check status para job_id: pdf_693b7838891f15.74666611
[12-Dec-2025 02:06:05 UTC] Resultado encontrado - Status: completed
[12-Dec-2025 02:08:35 UTC] Check status para job_id: pdf_693b791fc6b3a8.01685129
[12-Dec-2025 02:08:38 UTC] Check status para job_id: pdf_693b791fc6b3a8.01685129
[12-Dec-2025 02:08:41 UTC] Check status para job_id: pdf_693b791fc6b3a8.01685129
[12-Dec-2025 02:08:44 UTC] Check status para job_id: pdf_693b791fc6b3a8.01685129
[12-Dec-2025 02:08:47 UTC] Check status para job_id: pdf_693b791fc6b3a8.01685129
[12-Dec-2025 02:08:50 UTC] Check status para job_id: pdf_693b791fc6b3a8.01685129
[12-Dec-2025 02:08:53 UTC] Check status para job_id: pdf_693b791fc6b3a8.01685129
[12-Dec-2025 02:08:56 UTC] Check status para job_id: pdf_693b791fc6b3a8.01685129
[12-Dec-2025 02:08:59 UTC] Check status para job_id: pdf_693b791fc6b3a8.01685129
[12-Dec-2025 02:09:02 UTC] Check status para job_id: pdf_693b791fc6b3a8.01685129
[12-Dec-2025 02:09:05 UTC] Check status para job_id: pdf_693b791fc6b3a8.01685129
[12-Dec-2025 02:09:08 UTC] Check status para job_id: pdf_693b791fc6b3a8.01685129
[12-Dec-2025 02:09:11 UTC] Check status para job_id: pdf_693b791fc6b3a8.01685129
[12-Dec-2025 02:09:14 UTC] Check status para job_id: pdf_693b791fc6b3a8.01685129
[12-Dec-2025 02:09:17 UTC] Check status para job_id: pdf_693b791fc6b3a8.01685129
[12-Dec-2025 02:09:20 UTC] Check status para job_id: pdf_693b791fc6b3a8.01685129
[12-Dec-2025 02:09:23 UTC] Check status para job_id: pdf_693b791fc6b3a8.01685129
[12-Dec-2025 02:09:26 UTC] Check status para job_id: pdf_693b791fc6b3a8.01685129
[12-Dec-2025 02:09:29 UTC] Check status para job_id: pdf_693b791fc6b3a8.01685129
[12-Dec-2025 02:09:32 UTC] Check status para job_id: pdf_693b791fc6b3a8.01685129
[12-Dec-2025 02:09:35 UTC] Check status para job_id: pdf_693b791fc6b3a8.01685129
[12-Dec-2025 02:09:38 UTC] Check status para job_id: pdf_693b791fc6b3a8.01685129
[12-Dec-2025 02:09:38 UTC] Resultado encontrado - Status: completed
[12-Dec-2025 02:10:13 UTC] Check status para job_id: pdf_693b7981e0bde0.02450154
[12-Dec-2025 02:10:16 UTC] Check status para job_id: pdf_693b7981e0bde0.02450154
[12-Dec-2025 02:10:19 UTC] Check status para job_id: pdf_693b7981e0bde0.02450154
[12-Dec-2025 02:10:22 UTC] Check status para job_id: pdf_693b7981e0bde0.02450154
[12-Dec-2025 02:10:25 UTC] Check status para job_id: pdf_693b7981e0bde0.02450154
[12-Dec-2025 02:10:28 UTC] Check status para job_id: pdf_693b7981e0bde0.02450154
[12-Dec-2025 02:10:31 UTC] Check status para job_id: pdf_693b7981e0bde0.02450154
[12-Dec-2025 02:10:34 UTC] Check status para job_id: pdf_693b7981e0bde0.02450154
[12-Dec-2025 02:10:37 UTC] Check status para job_id: pdf_693b7981e0bde0.02450154
[12-Dec-2025 02:10:40 UTC] Check status para job_id: pdf_693b7981e0bde0.02450154
[12-Dec-2025 02:10:43 UTC] Check status para job_id: pdf_693b7981e0bde0.02450154
[12-Dec-2025 02:10:46 UTC] Check status para job_id: pdf_693b7981e0bde0.02450154
[12-Dec-2025 02:10:49 UTC] Check status para job_id: pdf_693b7981e0bde0.02450154
[12-Dec-2025 02:10:52 UTC] Check status para job_id: pdf_693b7981e0bde0.02450154
[12-Dec-2025 02:10:55 UTC] Check status para job_id: pdf_693b7981e0bde0.02450154
[12-Dec-2025 02:10:58 UTC] Check status para job_id: pdf_693b7981e0bde0.02450154
[12-Dec-2025 02:11:01 UTC] Check status para job_id: pdf_693b7981e0bde0.02450154
[12-Dec-2025 02:11:23 UTC] Check status para job_id: pdf_693b7981e0bde0.02450154
[12-Dec-2025 02:11:23 UTC] Resultado encontrado - Status: completed
[12-Dec-2025 02:11:24 UTC] Check status para job_id: pdf_693b7981e0bde0.02450154
[12-Dec-2025 02:11:24 UTC] Resultado encontrado - Status: completed
[12-Dec-2025 02:11:25 UTC] Check status para job_id: pdf_693b7981e0bde0.02450154
[12-Dec-2025 02:11:25 UTC] Resultado encontrado - Status: completed
[12-Dec-2025 02:11:26 UTC] Check status para job_id: pdf_693b7981e0bde0.02450154
[12-Dec-2025 02:11:26 UTC] Resultado encontrado - Status: completed
[12-Dec-2025 02:11:26 UTC] Check status para job_id: pdf_693b7981e0bde0.02450154
[12-Dec-2025 02:11:26 UTC] Resultado encontrado - Status: completed
[12-Dec-2025 02:11:26 UTC] Check status para job_id: pdf_693b7981e0bde0.02450154
[12-Dec-2025 02:11:26 UTC] Resultado encontrado - Status: completed
[12-Dec-2025 02:11:26 UTC] Check status para job_id: pdf_693b7981e0bde0.02450154
[12-Dec-2025 02:11:26 UTC] Resultado encontrado - Status: completed
[12-Dec-2025 02:14:21 UTC] Check status para job_id: pdf_693b7a797bf596.71882072
[12-Dec-2025 02:14:24 UTC] Check status para job_id: pdf_693b7a797bf596.71882072
[12-Dec-2025 02:14:27 UTC] Check status para job_id: pdf_693b7a797bf596.71882072
[12-Dec-2025 02:14:30 UTC] Check status para job_id: pdf_693b7a797bf596.71882072
[12-Dec-2025 02:14:33 UTC] Check status para job_id: pdf_693b7a797bf596.71882072
[12-Dec-2025 02:14:36 UTC] Check status para job_id: pdf_693b7a797bf596.71882072
[12-Dec-2025 02:14:39 UTC] Check status para job_id: pdf_693b7a797bf596.71882072
[12-Dec-2025 02:14:42 UTC] Check status para job_id: pdf_693b7a797bf596.71882072
[12-Dec-2025 02:14:45 UTC] Check status para job_id: pdf_693b7a797bf596.71882072
[12-Dec-2025 02:14:48 UTC] Check status para job_id: pdf_693b7a797bf596.71882072
[12-Dec-2025 02:14:51 UTC] Check status para job_id: pdf_693b7a797bf596.71882072
[12-Dec-2025 02:14:54 UTC] Check status para job_id: pdf_693b7a797bf596.71882072
[12-Dec-2025 02:14:57 UTC] Check status para job_id: pdf_693b7a797bf596.71882072
[12-Dec-2025 02:15:00 UTC] Check status para job_id: pdf_693b7a797bf596.71882072
[12-Dec-2025 02:15:03 UTC] Check status para job_id: pdf_693b7a797bf596.71882072
[12-Dec-2025 02:15:06 UTC] Check status para job_id: pdf_693b7a797bf596.71882072
[12-Dec-2025 02:15:09 UTC] Check status para job_id: pdf_693b7a797bf596.71882072
[12-Dec-2025 02:15:12 UTC] Check status para job_id: pdf_693b7a797bf596.71882072
[12-Dec-2025 02:15:15 UTC] Check status para job_id: pdf_693b7a797bf596.71882072
[12-Dec-2025 02:15:18 UTC] Check status para job_id: pdf_693b7a797bf596.71882072
[12-Dec-2025 02:15:21 UTC] Check status para job_id: pdf_693b7a797bf596.71882072
[12-Dec-2025 02:15:25 UTC] Check status para job_id: pdf_693b7a797bf596.71882072
[12-Dec-2025 02:15:27 UTC] Check status para job_id: pdf_693b7a797bf596.71882072
[12-Dec-2025 02:15:30 UTC] Check status para job_id: pdf_693b7a797bf596.71882072
[12-Dec-2025 02:15:33 UTC] Check status para job_id: pdf_693b7a797bf596.71882072
[12-Dec-2025 02:15:36 UTC] Check status para job_id: pdf_693b7a797bf596.71882072
[12-Dec-2025 02:15:39 UTC] Check status para job_id: pdf_693b7a797bf596.71882072
[12-Dec-2025 02:15:42 UTC] Check status para job_id: pdf_693b7a797bf596.71882072
[12-Dec-2025 02:15:45 UTC] Check status para job_id: pdf_693b7a797bf596.71882072
[12-Dec-2025 02:15:48 UTC] Check status para job_id: pdf_693b7a797bf596.71882072
[12-Dec-2025 02:15:51 UTC] Check status para job_id: pdf_693b7a797bf596.71882072
[12-Dec-2025 02:15:54 UTC] Check status para job_id: pdf_693b7a797bf596.71882072
[12-Dec-2025 02:15:57 UTC] Check status para job_id: pdf_693b7a797bf596.71882072
[12-Dec-2025 02:16:00 UTC] Check status para job_id: pdf_693b7a797bf596.71882072
[12-Dec-2025 02:16:03 UTC] Check status para job_id: pdf_693b7a797bf596.71882072
[12-Dec-2025 02:16:06 UTC] Check status para job_id: pdf_693b7a797bf596.71882072
[12-Dec-2025 02:16:09 UTC] Check status para job_id: pdf_693b7a797bf596.71882072
[12-Dec-2025 02:16:09 UTC] Resultado encontrado - Status: completed
[12-Dec-2025 02:27:31 UTC] Check status para job_id: pdf_693b7d90021f32.23054830
[12-Dec-2025 02:27:34 UTC] Check status para job_id: pdf_693b7d90021f32.23054830
[12-Dec-2025 02:27:37 UTC] Check status para job_id: pdf_693b7d90021f32.23054830
[12-Dec-2025 02:27:40 UTC] Check status para job_id: pdf_693b7d90021f32.23054830
[12-Dec-2025 02:27:43 UTC] Check status para job_id: pdf_693b7d90021f32.23054830
[12-Dec-2025 02:27:46 UTC] Check status para job_id: pdf_693b7d90021f32.23054830
[12-Dec-2025 02:27:49 UTC] Check status para job_id: pdf_693b7d90021f32.23054830
[12-Dec-2025 02:27:52 UTC] Check status para job_id: pdf_693b7d90021f32.23054830
[12-Dec-2025 02:27:55 UTC] Check status para job_id: pdf_693b7d90021f32.23054830
[12-Dec-2025 02:27:58 UTC] Check status para job_id: pdf_693b7d90021f32.23054830
[12-Dec-2025 02:28:01 UTC] Check status para job_id: pdf_693b7d90021f32.23054830
[12-Dec-2025 02:28:04 UTC] Check status para job_id: pdf_693b7d90021f32.23054830
[12-Dec-2025 02:28:07 UTC] Check status para job_id: pdf_693b7d90021f32.23054830
[12-Dec-2025 02:28:10 UTC] Check status para job_id: pdf_693b7d90021f32.23054830
[12-Dec-2025 02:28:13 UTC] Check status para job_id: pdf_693b7d90021f32.23054830
[12-Dec-2025 02:28:16 UTC] Check status para job_id: pdf_693b7d90021f32.23054830
[12-Dec-2025 02:28:19 UTC] Check status para job_id: pdf_693b7d90021f32.23054830
[12-Dec-2025 02:28:22 UTC] Check status para job_id: pdf_693b7d90021f32.23054830
[12-Dec-2025 02:28:25 UTC] Check status para job_id: pdf_693b7d90021f32.23054830
[12-Dec-2025 02:28:28 UTC] Check status para job_id: pdf_693b7d90021f32.23054830
[12-Dec-2025 02:28:31 UTC] Check status para job_id: pdf_693b7d90021f32.23054830
[12-Dec-2025 02:28:34 UTC] Check status para job_id: pdf_693b7d90021f32.23054830
[12-Dec-2025 02:28:37 UTC] Check status para job_id: pdf_693b7d90021f32.23054830
[12-Dec-2025 02:28:40 UTC] Check status para job_id: pdf_693b7d90021f32.23054830
[12-Dec-2025 02:28:43 UTC] Check status para job_id: pdf_693b7d90021f32.23054830
[12-Dec-2025 02:28:46 UTC] Check status para job_id: pdf_693b7d90021f32.23054830
[12-Dec-2025 02:28:49 UTC] Check status para job_id: pdf_693b7d90021f32.23054830
[12-Dec-2025 02:28:52 UTC] Check status para job_id: pdf_693b7d90021f32.23054830
[12-Dec-2025 02:28:55 UTC] Check status para job_id: pdf_693b7d90021f32.23054830
[12-Dec-2025 02:28:55 UTC] Resultado encontrado - Status: completed
[12-Dec-2025 02:29:37 UTC] Check status para job_id: pdf_693b7e0deeef34.31666343
[12-Dec-2025 02:29:40 UTC] Check status para job_id: pdf_693b7e0deeef34.31666343
[12-Dec-2025 02:29:43 UTC] Check status para job_id: pdf_693b7e0deeef34.31666343
[12-Dec-2025 02:29:46 UTC] Check status para job_id: pdf_693b7e0deeef34.31666343
[12-Dec-2025 02:29:49 UTC] Check status para job_id: pdf_693b7e0deeef34.31666343
[12-Dec-2025 02:29:52 UTC] Check status para job_id: pdf_693b7e0deeef34.31666343
[12-Dec-2025 02:29:55 UTC] Check status para job_id: pdf_693b7e0deeef34.31666343
[12-Dec-2025 02:29:58 UTC] Check status para job_id: pdf_693b7e0deeef34.31666343
[12-Dec-2025 02:30:01 UTC] Check status para job_id: pdf_693b7e0deeef34.31666343
[12-Dec-2025 02:30:04 UTC] Check status para job_id: pdf_693b7e0deeef34.31666343
[12-Dec-2025 02:30:07 UTC] Check status para job_id: pdf_693b7e0deeef34.31666343
[12-Dec-2025 02:30:10 UTC] Check status para job_id: pdf_693b7e0deeef34.31666343
[12-Dec-2025 02:30:13 UTC] Check status para job_id: pdf_693b7e0deeef34.31666343
[12-Dec-2025 02:30:16 UTC] Check status para job_id: pdf_693b7e0deeef34.31666343
[12-Dec-2025 02:30:19 UTC] Check status para job_id: pdf_693b7e0deeef34.31666343
[12-Dec-2025 02:30:22 UTC] Check status para job_id: pdf_693b7e0deeef34.31666343
[12-Dec-2025 02:30:25 UTC] Check status para job_id: pdf_693b7e0deeef34.31666343
[12-Dec-2025 02:30:28 UTC] Check status para job_id: pdf_693b7e0deeef34.31666343
[12-Dec-2025 02:30:31 UTC] Check status para job_id: pdf_693b7e0deeef34.31666343
[12-Dec-2025 02:30:34 UTC] Check status para job_id: pdf_693b7e0deeef34.31666343
[12-Dec-2025 02:30:37 UTC] Check status para job_id: pdf_693b7e0deeef34.31666343
[12-Dec-2025 02:30:40 UTC] Check status para job_id: pdf_693b7e0deeef34.31666343
[12-Dec-2025 02:30:43 UTC] Check status para job_id: pdf_693b7e0deeef34.31666343
[12-Dec-2025 02:30:46 UTC] Check status para job_id: pdf_693b7e0deeef34.31666343
[12-Dec-2025 02:30:49 UTC] Check status para job_id: pdf_693b7e0deeef34.31666343
[12-Dec-2025 02:30:52 UTC] Check status para job_id: pdf_693b7e0deeef34.31666343
[12-Dec-2025 02:30:55 UTC] Check status para job_id: pdf_693b7e0deeef34.31666343
[12-Dec-2025 02:30:58 UTC] Check status para job_id: pdf_693b7e0deeef34.31666343
[12-Dec-2025 02:31:01 UTC] Check status para job_id: pdf_693b7e0deeef34.31666343
[12-Dec-2025 02:31:04 UTC] Check status para job_id: pdf_693b7e0deeef34.31666343
[12-Dec-2025 02:31:07 UTC] Check status para job_id: pdf_693b7e0deeef34.31666343
[12-Dec-2025 02:31:07 UTC] Resultado encontrado - Status: completed
[12-Dec-2025 02:33:36 UTC] Check status para job_id: pdf_693b7efd48a329.18296893
[12-Dec-2025 02:33:39 UTC] Check status para job_id: pdf_693b7efd48a329.18296893
[12-Dec-2025 02:33:42 UTC] Check status para job_id: pdf_693b7efd48a329.18296893
[12-Dec-2025 02:33:45 UTC] Check status para job_id: pdf_693b7efd48a329.18296893
[12-Dec-2025 02:33:48 UTC] Check status para job_id: pdf_693b7efd48a329.18296893
[12-Dec-2025 02:33:52 UTC] Check status para job_id: pdf_693b7efd48a329.18296893
[12-Dec-2025 02:33:54 UTC] Check status para job_id: pdf_693b7efd48a329.18296893
[12-Dec-2025 02:33:57 UTC] Check status para job_id: pdf_693b7efd48a329.18296893
[12-Dec-2025 02:34:00 UTC] Check status para job_id: pdf_693b7efd48a329.18296893
[12-Dec-2025 02:34:03 UTC] Check status para job_id: pdf_693b7efd48a329.18296893
[12-Dec-2025 02:34:06 UTC] Check status para job_id: pdf_693b7efd48a329.18296893
[12-Dec-2025 02:34:09 UTC] Check status para job_id: pdf_693b7efd48a329.18296893
[12-Dec-2025 02:34:12 UTC] Check status para job_id: pdf_693b7efd48a329.18296893
[12-Dec-2025 02:34:12 UTC] Resultado encontrado - Status: completed
[12-Dec-2025 02:36:41 UTC] Check status para job_id: pdf_693b7fb3aaada4.78831665
[12-Dec-2025 02:36:47 UTC] Check status para job_id: pdf_693b7fb3aaada4.78831665
[12-Dec-2025 02:36:48 UTC] Check status para job_id: pdf_693b7fb3aaada4.78831665
[12-Dec-2025 02:36:49 UTC] Check status para job_id: pdf_693b7fb3aaada4.78831665
[12-Dec-2025 02:36:52 UTC] Check status para job_id: pdf_693b7fb3aaada4.78831665
[12-Dec-2025 02:36:55 UTC] Check status para job_id: pdf_693b7fb3aaada4.78831665
[12-Dec-2025 02:36:58 UTC] Check status para job_id: pdf_693b7fb3aaada4.78831665
[12-Dec-2025 02:37:01 UTC] Check status para job_id: pdf_693b7fb3aaada4.78831665
[12-Dec-2025 02:37:03 UTC] Check status para job_id: pdf_693b7fb3aaada4.78831665
[12-Dec-2025 02:37:06 UTC] Check status para job_id: pdf_693b7fb3aaada4.78831665
[12-Dec-2025 02:37:10 UTC] Check status para job_id: pdf_693b7fb3aaada4.78831665
[12-Dec-2025 02:37:13 UTC] Check status para job_id: pdf_693b7fb3aaada4.78831665
[12-Dec-2025 02:37:16 UTC] Check status para job_id: pdf_693b7fb3aaada4.78831665
[12-Dec-2025 02:37:19 UTC] Check status para job_id: pdf_693b7fb3aaada4.78831665
[12-Dec-2025 02:37:21 UTC] Check status para job_id: pdf_693b7fb3aaada4.78831665
[12-Dec-2025 02:37:24 UTC] Check status para job_id: pdf_693b7fb3aaada4.78831665
[12-Dec-2025 02:37:27 UTC] Check status para job_id: pdf_693b7fb3aaada4.78831665
[12-Dec-2025 02:37:30 UTC] Check status para job_id: pdf_693b7fb3aaada4.78831665
[12-Dec-2025 02:37:33 UTC] Check status para job_id: pdf_693b7fb3aaada4.78831665
[12-Dec-2025 02:37:36 UTC] Check status para job_id: pdf_693b7fb3aaada4.78831665
[12-Dec-2025 02:37:39 UTC] Check status para job_id: pdf_693b7fb3aaada4.78831665
[12-Dec-2025 02:37:42 UTC] Check status para job_id: pdf_693b7fb3aaada4.78831665
[12-Dec-2025 02:37:45 UTC] Check status para job_id: pdf_693b7fb3aaada4.78831665
[12-Dec-2025 02:37:48 UTC] Check status para job_id: pdf_693b7fb3aaada4.78831665
[12-Dec-2025 02:37:51 UTC] Check status para job_id: pdf_693b7fb3aaada4.78831665
[12-Dec-2025 02:37:54 UTC] Check status para job_id: pdf_693b7fb3aaada4.78831665
[12-Dec-2025 02:37:57 UTC] Check status para job_id: pdf_693b7fb3aaada4.78831665
[12-Dec-2025 02:38:00 UTC] Check status para job_id: pdf_693b7fb3aaada4.78831665
[12-Dec-2025 02:38:03 UTC] Check status para job_id: pdf_693b7fb3aaada4.78831665
[12-Dec-2025 02:38:03 UTC] Resultado encontrado - Status: completed
[12-Dec-2025 02:46:04 UTC] Check status para job_id: pdf_693b81e84d3418.06667632
[12-Dec-2025 02:46:07 UTC] Check status para job_id: pdf_693b81e84d3418.06667632
[12-Dec-2025 02:46:10 UTC] Check status para job_id: pdf_693b81e84d3418.06667632
[12-Dec-2025 02:46:13 UTC] Check status para job_id: pdf_693b81e84d3418.06667632
[12-Dec-2025 02:46:16 UTC] Check status para job_id: pdf_693b81e84d3418.06667632
[12-Dec-2025 02:46:19 UTC] Check status para job_id: pdf_693b81e84d3418.06667632
[12-Dec-2025 02:46:22 UTC] Check status para job_id: pdf_693b81e84d3418.06667632
[12-Dec-2025 02:46:25 UTC] Check status para job_id: pdf_693b81e84d3418.06667632
[12-Dec-2025 02:46:28 UTC] Check status para job_id: pdf_693b81e84d3418.06667632
[12-Dec-2025 02:46:31 UTC] Check status para job_id: pdf_693b81e84d3418.06667632
[12-Dec-2025 02:46:34 UTC] Check status para job_id: pdf_693b81e84d3418.06667632
[12-Dec-2025 02:46:36 UTC] Check status para job_id: pdf_693b81e84d3418.06667632
[12-Dec-2025 02:46:39 UTC] Check status para job_id: pdf_693b81e84d3418.06667632
[12-Dec-2025 02:46:42 UTC] Check status para job_id: pdf_693b81e84d3418.06667632
[12-Dec-2025 02:46:45 UTC] Check status para job_id: pdf_693b81e84d3418.06667632
[12-Dec-2025 02:46:48 UTC] Check status para job_id: pdf_693b81e84d3418.06667632
[12-Dec-2025 02:46:51 UTC] Check status para job_id: pdf_693b81e84d3418.06667632
[12-Dec-2025 02:46:54 UTC] Check status para job_id: pdf_693b81e84d3418.06667632
[12-Dec-2025 02:46:57 UTC] Check status para job_id: pdf_693b81e84d3418.06667632
[12-Dec-2025 02:47:00 UTC] Check status para job_id: pdf_693b81e84d3418.06667632
[12-Dec-2025 02:47:03 UTC] Check status para job_id: pdf_693b81e84d3418.06667632
[12-Dec-2025 02:47:06 UTC] Check status para job_id: pdf_693b81e84d3418.06667632
[12-Dec-2025 02:47:06 UTC] Resultado encontrado - Status: completed
[12-Dec-2025 02:54:34 UTC] Check status para job_id: pdf_693b83e6cb0e02.62144241
[12-Dec-2025 02:54:37 UTC] Check status para job_id: pdf_693b83e6cb0e02.62144241
[12-Dec-2025 02:54:40 UTC] Check status para job_id: pdf_693b83e6cb0e02.62144241
[12-Dec-2025 02:54:43 UTC] Check status para job_id: pdf_693b83e6cb0e02.62144241
[12-Dec-2025 02:54:46 UTC] Check status para job_id: pdf_693b83e6cb0e02.62144241
[12-Dec-2025 02:54:49 UTC] Check status para job_id: pdf_693b83e6cb0e02.62144241
[12-Dec-2025 02:54:52 UTC] Check status para job_id: pdf_693b83e6cb0e02.62144241
[12-Dec-2025 02:54:55 UTC] Check status para job_id: pdf_693b83e6cb0e02.62144241
[12-Dec-2025 02:54:58 UTC] Check status para job_id: pdf_693b83e6cb0e02.62144241
[12-Dec-2025 02:55:01 UTC] Check status para job_id: pdf_693b83e6cb0e02.62144241
[12-Dec-2025 02:55:04 UTC] Check status para job_id: pdf_693b83e6cb0e02.62144241
[12-Dec-2025 02:55:07 UTC] Check status para job_id: pdf_693b83e6cb0e02.62144241
[12-Dec-2025 02:55:10 UTC] Check status para job_id: pdf_693b83e6cb0e02.62144241
[12-Dec-2025 02:55:13 UTC] Check status para job_id: pdf_693b83e6cb0e02.62144241
[12-Dec-2025 02:55:16 UTC] Check status para job_id: pdf_693b83e6cb0e02.62144241
[12-Dec-2025 02:55:19 UTC] Check status para job_id: pdf_693b83e6cb0e02.62144241
[12-Dec-2025 02:55:22 UTC] Check status para job_id: pdf_693b83e6cb0e02.62144241
[12-Dec-2025 02:55:25 UTC] Check status para job_id: pdf_693b83e6cb0e02.62144241
[12-Dec-2025 02:55:28 UTC] Check status para job_id: pdf_693b83e6cb0e02.62144241
[12-Dec-2025 02:55:31 UTC] Check status para job_id: pdf_693b83e6cb0e02.62144241
[12-Dec-2025 02:55:31 UTC] Resultado encontrado - Status: completed
[12-Dec-2025 03:11:07 UTC] Check status para job_id: pdf_693b87c78b1560.40440807
[12-Dec-2025 03:11:10 UTC] Check status para job_id: pdf_693b87c78b1560.40440807
[12-Dec-2025 03:11:13 UTC] Check status para job_id: pdf_693b87c78b1560.40440807
[12-Dec-2025 03:11:16 UTC] Check status para job_id: pdf_693b87c78b1560.40440807
[12-Dec-2025 03:11:19 UTC] Check status para job_id: pdf_693b87c78b1560.40440807
[12-Dec-2025 03:11:22 UTC] Check status para job_id: pdf_693b87c78b1560.40440807
[12-Dec-2025 03:11:25 UTC] Check status para job_id: pdf_693b87c78b1560.40440807
[12-Dec-2025 03:11:28 UTC] Check status para job_id: pdf_693b87c78b1560.40440807
[12-Dec-2025 03:11:31 UTC] Check status para job_id: pdf_693b87c78b1560.40440807
[12-Dec-2025 03:11:34 UTC] Check status para job_id: pdf_693b87c78b1560.40440807
[12-Dec-2025 03:11:37 UTC] Check status para job_id: pdf_693b87c78b1560.40440807
[12-Dec-2025 03:11:40 UTC] Check status para job_id: pdf_693b87c78b1560.40440807
[12-Dec-2025 03:11:43 UTC] Check status para job_id: pdf_693b87c78b1560.40440807
[12-Dec-2025 03:11:46 UTC] Check status para job_id: pdf_693b87c78b1560.40440807
[12-Dec-2025 03:11:49 UTC] Check status para job_id: pdf_693b87c78b1560.40440807
[12-Dec-2025 03:11:52 UTC] Check status para job_id: pdf_693b87c78b1560.40440807
[12-Dec-2025 03:11:55 UTC] Check status para job_id: pdf_693b87c78b1560.40440807
[12-Dec-2025 03:11:58 UTC] Check status para job_id: pdf_693b87c78b1560.40440807
[12-Dec-2025 03:12:01 UTC] Check status para job_id: pdf_693b87c78b1560.40440807
[12-Dec-2025 03:12:04 UTC] Check status para job_id: pdf_693b87c78b1560.40440807
[12-Dec-2025 03:12:07 UTC] Check status para job_id: pdf_693b87c78b1560.40440807
[12-Dec-2025 03:12:07 UTC] Resultado encontrado - Status: completed
[12-Dec-2025 03:15:09 UTC] Check status para job_id: pdf_693b88ba29c910.71369104
[12-Dec-2025 03:15:12 UTC] Check status para job_id: pdf_693b88ba29c910.71369104
[12-Dec-2025 03:15:15 UTC] Check status para job_id: pdf_693b88ba29c910.71369104
[12-Dec-2025 03:15:18 UTC] Check status para job_id: pdf_693b88ba29c910.71369104
[12-Dec-2025 03:15:21 UTC] Check status para job_id: pdf_693b88ba29c910.71369104
[12-Dec-2025 03:15:24 UTC] Check status para job_id: pdf_693b88ba29c910.71369104
[12-Dec-2025 03:15:27 UTC] Check status para job_id: pdf_693b88ba29c910.71369104
[12-Dec-2025 03:15:30 UTC] Check status para job_id: pdf_693b88ba29c910.71369104
[12-Dec-2025 03:15:33 UTC] Check status para job_id: pdf_693b88ba29c910.71369104
[12-Dec-2025 03:15:36 UTC] Check status para job_id: pdf_693b88ba29c910.71369104
[12-Dec-2025 03:15:39 UTC] Check status para job_id: pdf_693b88ba29c910.71369104
[12-Dec-2025 03:15:42 UTC] Check status para job_id: pdf_693b88ba29c910.71369104
[12-Dec-2025 03:15:45 UTC] Check status para job_id: pdf_693b88ba29c910.71369104
[12-Dec-2025 03:15:48 UTC] Check status para job_id: pdf_693b88ba29c910.71369104
[12-Dec-2025 03:15:51 UTC] Check status para job_id: pdf_693b88ba29c910.71369104
[12-Dec-2025 03:15:54 UTC] Check status para job_id: pdf_693b88ba29c910.71369104
[12-Dec-2025 03:15:57 UTC] Check status para job_id: pdf_693b88ba29c910.71369104
[12-Dec-2025 03:16:00 UTC] Check status para job_id: pdf_693b88ba29c910.71369104
[12-Dec-2025 03:16:03 UTC] Check status para job_id: pdf_693b88ba29c910.71369104
[12-Dec-2025 03:16:07 UTC] Check status para job_id: pdf_693b88ba29c910.71369104
[12-Dec-2025 03:16:07 UTC] Resultado encontrado - Status: completed
[20-Dec-2025 17:29:13 UTC] Check status para job_id: pdf_6946dce5b46b65.12734596
[20-Dec-2025 17:29:16 UTC] Check status para job_id: pdf_6946dce5b46b65.12734596
[20-Dec-2025 17:29:19 UTC] Check status para job_id: pdf_6946dce5b46b65.12734596
[20-Dec-2025 17:29:22 UTC] Check status para job_id: pdf_6946dce5b46b65.12734596
[20-Dec-2025 17:29:25 UTC] Check status para job_id: pdf_6946dce5b46b65.12734596
[20-Dec-2025 17:29:28 UTC] Check status para job_id: pdf_6946dce5b46b65.12734596
[20-Dec-2025 17:29:31 UTC] Check status para job_id: pdf_6946dce5b46b65.12734596
[20-Dec-2025 17:29:34 UTC] Check status para job_id: pdf_6946dce5b46b65.12734596
[20-Dec-2025 17:29:38 UTC] Check status para job_id: pdf_6946dce5b46b65.12734596
[20-Dec-2025 17:29:40 UTC] Check status para job_id: pdf_6946dce5b46b65.12734596
[20-Dec-2025 17:29:43 UTC] Check status para job_id: pdf_6946dce5b46b65.12734596
[20-Dec-2025 17:29:46 UTC] Check status para job_id: pdf_6946dce5b46b65.12734596
[20-Dec-2025 17:29:49 UTC] Check status para job_id: pdf_6946dce5b46b65.12734596
[20-Dec-2025 17:29:52 UTC] Check status para job_id: pdf_6946dce5b46b65.12734596
[20-Dec-2025 17:29:55 UTC] Check status para job_id: pdf_6946dce5b46b65.12734596
[20-Dec-2025 17:29:58 UTC] Check status para job_id: pdf_6946dce5b46b65.12734596
[20-Dec-2025 17:30:01 UTC] Check status para job_id: pdf_6946dce5b46b65.12734596
[20-Dec-2025 17:30:04 UTC] Check status para job_id: pdf_6946dce5b46b65.12734596
[20-Dec-2025 17:30:07 UTC] Check status para job_id: pdf_6946dce5b46b65.12734596
[20-Dec-2025 17:30:10 UTC] Check status para job_id: pdf_6946dce5b46b65.12734596
[20-Dec-2025 17:30:10 UTC] Resultado encontrado - Status: completed
[04-Jan-2026 19:14:15 UTC] Check status para job_id: pdf_695abc01373f67.65765619
[04-Jan-2026 19:14:15 UTC] Resultado encontrado - Status: error
[04-Jan-2026 19:14:15 UTC] Check status para job_id: pdf_695abc01373f67.65765619
[04-Jan-2026 19:14:15 UTC] Resultado encontrado - Status: error
[04-Jan-2026 19:15:45 UTC] Check status para job_id: pdf_695abc5d7038a5.65672623
[04-Jan-2026 19:15:45 UTC] Resultado encontrado - Status: error
[11-Jan-2026 18:55:20 UTC] Check status para job_id: pdf_6963f214954356.61736673
[11-Jan-2026 18:55:23 UTC] Check status para job_id: pdf_6963f214954356.61736673
[11-Jan-2026 18:55:26 UTC] Check status para job_id: pdf_6963f214954356.61736673
[11-Jan-2026 18:55:29 UTC] Check status para job_id: pdf_6963f214954356.61736673
[11-Jan-2026 18:55:32 UTC] Check status para job_id: pdf_6963f214954356.61736673
[11-Jan-2026 18:55:35 UTC] Check status para job_id: pdf_6963f214954356.61736673
[11-Jan-2026 18:55:38 UTC] Check status para job_id: pdf_6963f214954356.61736673
[11-Jan-2026 18:55:41 UTC] Check status para job_id: pdf_6963f214954356.61736673
[11-Jan-2026 18:55:44 UTC] Check status para job_id: pdf_6963f214954356.61736673
[11-Jan-2026 18:55:47 UTC] Check status para job_id: pdf_6963f214954356.61736673
[11-Jan-2026 18:55:50 UTC] Check status para job_id: pdf_6963f214954356.61736673
[11-Jan-2026 18:55:53 UTC] Check status para job_id: pdf_6963f214954356.61736673
[11-Jan-2026 18:55:56 UTC] Check status para job_id: pdf_6963f214954356.61736673
[11-Jan-2026 18:55:59 UTC] Check status para job_id: pdf_6963f214954356.61736673
[11-Jan-2026 18:56:02 UTC] Check status para job_id: pdf_6963f214954356.61736673
[11-Jan-2026 18:56:05 UTC] Check status para job_id: pdf_6963f214954356.61736673
[11-Jan-2026 18:56:08 UTC] Check status para job_id: pdf_6963f214954356.61736673
[11-Jan-2026 18:56:08 UTC] Resultado encontrado - Status: completed
[12-Jan-2026 00:28:47 UTC] Check status para job_id: pdf_6964403c5ad3d5.15634932
[12-Jan-2026 00:28:50 UTC] Check status para job_id: pdf_6964403c5ad3d5.15634932
[12-Jan-2026 00:28:53 UTC] Check status para job_id: pdf_6964403c5ad3d5.15634932
[12-Jan-2026 00:28:56 UTC] Check status para job_id: pdf_6964403c5ad3d5.15634932
[12-Jan-2026 00:28:59 UTC] Check status para job_id: pdf_6964403c5ad3d5.15634932
[12-Jan-2026 00:29:02 UTC] Check status para job_id: pdf_6964403c5ad3d5.15634932
[12-Jan-2026 00:29:06 UTC] Check status para job_id: pdf_6964403c5ad3d5.15634932
[12-Jan-2026 00:29:09 UTC] Check status para job_id: pdf_6964403c5ad3d5.15634932
[12-Jan-2026 00:29:12 UTC] Check status para job_id: pdf_6964403c5ad3d5.15634932
[12-Jan-2026 00:29:15 UTC] Check status para job_id: pdf_6964403c5ad3d5.15634932
[12-Jan-2026 00:29:18 UTC] Check status para job_id: pdf_6964403c5ad3d5.15634932
[12-Jan-2026 00:29:21 UTC] Check status para job_id: pdf_6964403c5ad3d5.15634932
[12-Jan-2026 00:29:24 UTC] Check status para job_id: pdf_6964403c5ad3d5.15634932
[12-Jan-2026 00:29:27 UTC] Check status para job_id: pdf_6964403c5ad3d5.15634932
[12-Jan-2026 00:29:30 UTC] Check status para job_id: pdf_6964403c5ad3d5.15634932
[12-Jan-2026 00:29:33 UTC] Check status para job_id: pdf_6964403c5ad3d5.15634932
[12-Jan-2026 00:29:36 UTC] Check status para job_id: pdf_6964403c5ad3d5.15634932
[12-Jan-2026 00:29:39 UTC] Check status para job_id: pdf_6964403c5ad3d5.15634932
[12-Jan-2026 00:29:42 UTC] Check status para job_id: pdf_6964403c5ad3d5.15634932
[12-Jan-2026 00:29:45 UTC] Check status para job_id: pdf_6964403c5ad3d5.15634932
[12-Jan-2026 00:29:48 UTC] Check status para job_id: pdf_6964403c5ad3d5.15634932
[12-Jan-2026 00:29:51 UTC] Check status para job_id: pdf_6964403c5ad3d5.15634932
[12-Jan-2026 00:29:51 UTC] Resultado encontrado - Status: completed
[14-Jan-2026 08:42:28 UTC] Check status para job_id: pdf_696756f0a40376.99840493
[14-Jan-2026 08:42:32 UTC] Check status para job_id: pdf_696756f0a40376.99840493
[14-Jan-2026 08:42:34 UTC] Check status para job_id: pdf_696756f0a40376.99840493
[14-Jan-2026 08:42:37 UTC] Check status para job_id: pdf_696756f0a40376.99840493
[14-Jan-2026 08:42:41 UTC] Check status para job_id: pdf_696756f0a40376.99840493
[14-Jan-2026 08:42:43 UTC] Check status para job_id: pdf_696756f0a40376.99840493
[14-Jan-2026 08:42:46 UTC] Check status para job_id: pdf_696756f0a40376.99840493
[14-Jan-2026 08:42:49 UTC] Check status para job_id: pdf_696756f0a40376.99840493
[14-Jan-2026 08:42:53 UTC] Check status para job_id: pdf_696756f0a40376.99840493
[14-Jan-2026 08:42:55 UTC] Check status para job_id: pdf_696756f0a40376.99840493
[14-Jan-2026 08:42:58 UTC] Check status para job_id: pdf_696756f0a40376.99840493
[14-Jan-2026 08:43:02 UTC] Check status para job_id: pdf_696756f0a40376.99840493
[14-Jan-2026 08:43:04 UTC] Check status para job_id: pdf_696756f0a40376.99840493
[14-Jan-2026 08:43:08 UTC] Check status para job_id: pdf_696756f0a40376.99840493
[14-Jan-2026 08:43:11 UTC] Check status para job_id: pdf_696756f0a40376.99840493
[14-Jan-2026 08:43:13 UTC] Check status para job_id: pdf_696756f0a40376.99840493
[14-Jan-2026 08:43:16 UTC] Check status para job_id: pdf_696756f0a40376.99840493
[14-Jan-2026 08:43:19 UTC] Check status para job_id: pdf_696756f0a40376.99840493
[14-Jan-2026 08:43:23 UTC] Check status para job_id: pdf_696756f0a40376.99840493
[14-Jan-2026 08:43:25 UTC] Check status para job_id: pdf_696756f0a40376.99840493
[14-Jan-2026 08:43:28 UTC] Check status para job_id: pdf_696756f0a40376.99840493
[14-Jan-2026 08:43:32 UTC] Check status para job_id: pdf_696756f0a40376.99840493
[14-Jan-2026 08:43:34 UTC] Check status para job_id: pdf_696756f0a40376.99840493
[14-Jan-2026 08:43:37 UTC] Check status para job_id: pdf_696756f0a40376.99840493
[14-Jan-2026 08:43:41 UTC] Check status para job_id: pdf_696756f0a40376.99840493
[14-Jan-2026 08:43:44 UTC] Check status para job_id: pdf_696756f0a40376.99840493
[14-Jan-2026 08:43:46 UTC] Check status para job_id: pdf_696756f0a40376.99840493
[14-Jan-2026 08:43:49 UTC] Check status para job_id: pdf_696756f0a40376.99840493
[14-Jan-2026 08:43:53 UTC] Check status para job_id: pdf_696756f0a40376.99840493
[14-Jan-2026 08:43:55 UTC] Check status para job_id: pdf_696756f0a40376.99840493
[14-Jan-2026 08:43:58 UTC] Check status para job_id: pdf_696756f0a40376.99840493
[14-Jan-2026 08:44:02 UTC] Check status para job_id: pdf_696756f0a40376.99840493
[14-Jan-2026 08:44:04 UTC] Check status para job_id: pdf_696756f0a40376.99840493
[14-Jan-2026 08:44:08 UTC] Check status para job_id: pdf_696756f0a40376.99840493
[14-Jan-2026 08:44:11 UTC] Check status para job_id: pdf_696756f0a40376.99840493
[14-Jan-2026 08:44:13 UTC] Check status para job_id: pdf_696756f0a40376.99840493
[14-Jan-2026 08:44:16 UTC] Check status para job_id: pdf_696756f0a40376.99840493
[14-Jan-2026 08:44:19 UTC] Check status para job_id: pdf_696756f0a40376.99840493
[14-Jan-2026 08:44:23 UTC] Check status para job_id: pdf_696756f0a40376.99840493
[14-Jan-2026 08:44:25 UTC] Check status para job_id: pdf_696756f0a40376.99840493
[14-Jan-2026 08:44:28 UTC] Check status para job_id: pdf_696756f0a40376.99840493
[14-Jan-2026 08:44:32 UTC] Check status para job_id: pdf_696756f0a40376.99840493
[14-Jan-2026 08:44:34 UTC] Check status para job_id: pdf_696756f0a40376.99840493
[14-Jan-2026 08:44:37 UTC] Check status para job_id: pdf_696756f0a40376.99840493
[14-Jan-2026 08:44:41 UTC] Check status para job_id: pdf_696756f0a40376.99840493
[14-Jan-2026 08:44:43 UTC] Check status para job_id: pdf_696756f0a40376.99840493
[14-Jan-2026 08:44:46 UTC] Check status para job_id: pdf_696756f0a40376.99840493
[14-Jan-2026 08:44:49 UTC] Check status para job_id: pdf_696756f0a40376.99840493
[14-Jan-2026 08:44:53 UTC] Check status para job_id: pdf_696756f0a40376.99840493
[14-Jan-2026 08:44:55 UTC] Check status para job_id: pdf_696756f0a40376.99840493
[14-Jan-2026 08:44:58 UTC] Check status para job_id: pdf_696756f0a40376.99840493
[14-Jan-2026 08:45:02 UTC] Check status para job_id: pdf_696756f0a40376.99840493
[14-Jan-2026 08:45:04 UTC] Check status para job_id: pdf_696756f0a40376.99840493
[14-Jan-2026 08:45:08 UTC] Check status para job_id: pdf_696756f0a40376.99840493
[14-Jan-2026 08:45:11 UTC] Check status para job_id: pdf_696756f0a40376.99840493
[14-Jan-2026 08:45:13 UTC] Check status para job_id: pdf_696756f0a40376.99840493
[14-Jan-2026 08:45:16 UTC] Check status para job_id: pdf_696756f0a40376.99840493
[14-Jan-2026 08:45:19 UTC] Check status para job_id: pdf_696756f0a40376.99840493
[14-Jan-2026 08:45:23 UTC] Check status para job_id: pdf_696756f0a40376.99840493
[14-Jan-2026 08:45:25 UTC] Check status para job_id: pdf_696756f0a40376.99840493
[14-Jan-2026 08:45:28 UTC] Check status para job_id: pdf_696756f0a40376.99840493
[14-Jan-2026 08:45:32 UTC] Check status para job_id: pdf_696756f0a40376.99840493
[14-Jan-2026 08:45:32 UTC] Resultado encontrado - Status: completed
[14-Jan-2026 08:45:38 UTC] Check status para job_id: pdf_696756f0a40376.99840493
[14-Jan-2026 08:45:38 UTC] Resultado encontrado - Status: completed
[14-Jan-2026 08:45:38 UTC] Check status para job_id: pdf_696756f0a40376.99840493
[14-Jan-2026 08:45:38 UTC] Resultado encontrado - Status: completed
[14-Jan-2026 15:59:31 UTC] Check status para job_id: pdf_6967bd5f262e94.20242837
[14-Jan-2026 15:59:34 UTC] Check status para job_id: pdf_6967bd5f262e94.20242837
[14-Jan-2026 15:59:37 UTC] Check status para job_id: pdf_6967bd5f262e94.20242837
[14-Jan-2026 15:59:40 UTC] Check status para job_id: pdf_6967bd5f262e94.20242837
[14-Jan-2026 15:59:43 UTC] Check status para job_id: pdf_6967bd5f262e94.20242837
[14-Jan-2026 15:59:46 UTC] Check status para job_id: pdf_6967bd5f262e94.20242837
[14-Jan-2026 15:59:49 UTC] Check status para job_id: pdf_6967bd5f262e94.20242837
[14-Jan-2026 15:59:52 UTC] Check status para job_id: pdf_6967bd5f262e94.20242837
[14-Jan-2026 15:59:55 UTC] Check status para job_id: pdf_6967bd5f262e94.20242837
[14-Jan-2026 15:59:58 UTC] Check status para job_id: pdf_6967bd5f262e94.20242837
[14-Jan-2026 16:00:01 UTC] Check status para job_id: pdf_6967bd5f262e94.20242837
[14-Jan-2026 16:00:04 UTC] Check status para job_id: pdf_6967bd5f262e94.20242837
[14-Jan-2026 16:00:06 UTC] Check status para job_id: pdf_6967bd5f262e94.20242837
[14-Jan-2026 16:00:09 UTC] Check status para job_id: pdf_6967bd5f262e94.20242837
[14-Jan-2026 16:00:13 UTC] Check status para job_id: pdf_6967bd5f262e94.20242837
[14-Jan-2026 16:00:16 UTC] Check status para job_id: pdf_6967bd5f262e94.20242837
[14-Jan-2026 16:00:18 UTC] Check status para job_id: pdf_6967bd5f262e94.20242837
[14-Jan-2026 16:00:22 UTC] Check status para job_id: pdf_6967bd5f262e94.20242837
[14-Jan-2026 16:00:25 UTC] Check status para job_id: pdf_6967bd5f262e94.20242837
[14-Jan-2026 16:00:28 UTC] Check status para job_id: pdf_6967bd5f262e94.20242837
[14-Jan-2026 16:00:31 UTC] Check status para job_id: pdf_6967bd5f262e94.20242837
[14-Jan-2026 16:00:34 UTC] Check status para job_id: pdf_6967bd5f262e94.20242837
[14-Jan-2026 16:00:37 UTC] Check status para job_id: pdf_6967bd5f262e94.20242837
[14-Jan-2026 16:00:40 UTC] Check status para job_id: pdf_6967bd5f262e94.20242837
[14-Jan-2026 16:00:43 UTC] Check status para job_id: pdf_6967bd5f262e94.20242837
[14-Jan-2026 16:00:46 UTC] Check status para job_id: pdf_6967bd5f262e94.20242837
[14-Jan-2026 16:00:49 UTC] Check status para job_id: pdf_6967bd5f262e94.20242837
[14-Jan-2026 16:00:52 UTC] Check status para job_id: pdf_6967bd5f262e94.20242837
[14-Jan-2026 16:00:55 UTC] Check status para job_id: pdf_6967bd5f262e94.20242837
[14-Jan-2026 16:00:58 UTC] Check status para job_id: pdf_6967bd5f262e94.20242837
[14-Jan-2026 16:00:58 UTC] Resultado encontrado - Status: completed
[14-Jan-2026 21:10:48 UTC] Check status para job_id: pdf_696806543dc024.52033712
[14-Jan-2026 21:10:51 UTC] Check status para job_id: pdf_696806543dc024.52033712
[14-Jan-2026 21:10:54 UTC] Check status para job_id: pdf_696806543dc024.52033712
[14-Jan-2026 21:10:57 UTC] Check status para job_id: pdf_696806543dc024.52033712
[14-Jan-2026 21:11:00 UTC] Check status para job_id: pdf_696806543dc024.52033712
[14-Jan-2026 21:11:03 UTC] Check status para job_id: pdf_696806543dc024.52033712
[14-Jan-2026 21:11:06 UTC] Check status para job_id: pdf_696806543dc024.52033712
[14-Jan-2026 21:11:09 UTC] Check status para job_id: pdf_696806543dc024.52033712
[14-Jan-2026 21:11:12 UTC] Check status para job_id: pdf_696806543dc024.52033712
[14-Jan-2026 21:11:15 UTC] Check status para job_id: pdf_696806543dc024.52033712
[14-Jan-2026 21:11:18 UTC] Check status para job_id: pdf_696806543dc024.52033712
[14-Jan-2026 21:11:21 UTC] Check status para job_id: pdf_696806543dc024.52033712
[14-Jan-2026 21:11:24 UTC] Check status para job_id: pdf_696806543dc024.52033712
[14-Jan-2026 21:11:27 UTC] Check status para job_id: pdf_696806543dc024.52033712
[14-Jan-2026 21:11:30 UTC] Check status para job_id: pdf_696806543dc024.52033712
[14-Jan-2026 21:11:33 UTC] Check status para job_id: pdf_696806543dc024.52033712
[14-Jan-2026 21:11:36 UTC] Check status para job_id: pdf_696806543dc024.52033712
[14-Jan-2026 21:11:39 UTC] Check status para job_id: pdf_696806543dc024.52033712
[14-Jan-2026 21:11:42 UTC] Check status para job_id: pdf_696806543dc024.52033712
[14-Jan-2026 21:11:45 UTC] Check status para job_id: pdf_696806543dc024.52033712
[14-Jan-2026 21:11:47 UTC] Check status para job_id: pdf_696806543dc024.52033712
[14-Jan-2026 21:11:51 UTC] Check status para job_id: pdf_696806543dc024.52033712
[14-Jan-2026 21:11:54 UTC] Check status para job_id: pdf_696806543dc024.52033712
[14-Jan-2026 21:11:57 UTC] Check status para job_id: pdf_696806543dc024.52033712
[14-Jan-2026 21:12:00 UTC] Check status para job_id: pdf_696806543dc024.52033712
[14-Jan-2026 21:12:03 UTC] Check status para job_id: pdf_696806543dc024.52033712
[14-Jan-2026 21:12:06 UTC] Check status para job_id: pdf_696806543dc024.52033712
[14-Jan-2026 21:12:09 UTC] Check status para job_id: pdf_696806543dc024.52033712
[14-Jan-2026 21:12:12 UTC] Check status para job_id: pdf_696806543dc024.52033712
[14-Jan-2026 21:12:15 UTC] Check status para job_id: pdf_696806543dc024.52033712
[14-Jan-2026 21:12:18 UTC] Check status para job_id: pdf_696806543dc024.52033712
[14-Jan-2026 21:12:21 UTC] Check status para job_id: pdf_696806543dc024.52033712
[14-Jan-2026 21:12:24 UTC] Check status para job_id: pdf_696806543dc024.52033712
[14-Jan-2026 21:12:27 UTC] Check status para job_id: pdf_696806543dc024.52033712
[14-Jan-2026 21:12:30 UTC] Check status para job_id: pdf_696806543dc024.52033712
[14-Jan-2026 21:12:33 UTC] Check status para job_id: pdf_696806543dc024.52033712
[14-Jan-2026 21:12:33 UTC] Resultado encontrado - Status: completed
[15-Jan-2026 19:25:22 UTC] Check status para job_id: pdf_69693f1e557287.59201602
[15-Jan-2026 19:25:25 UTC] Check status para job_id: pdf_69693f1e557287.59201602
[15-Jan-2026 19:25:28 UTC] Check status para job_id: pdf_69693f1e557287.59201602
[15-Jan-2026 19:25:31 UTC] Check status para job_id: pdf_69693f1e557287.59201602
[15-Jan-2026 19:25:34 UTC] Check status para job_id: pdf_69693f1e557287.59201602
[15-Jan-2026 19:25:37 UTC] Check status para job_id: pdf_69693f1e557287.59201602
[15-Jan-2026 19:25:40 UTC] Check status para job_id: pdf_69693f1e557287.59201602
[15-Jan-2026 19:25:43 UTC] Check status para job_id: pdf_69693f1e557287.59201602
[15-Jan-2026 19:25:46 UTC] Check status para job_id: pdf_69693f1e557287.59201602
[15-Jan-2026 19:25:49 UTC] Check status para job_id: pdf_69693f1e557287.59201602
[15-Jan-2026 19:25:52 UTC] Check status para job_id: pdf_69693f1e557287.59201602
[15-Jan-2026 19:25:55 UTC] Check status para job_id: pdf_69693f1e557287.59201602
[15-Jan-2026 19:25:58 UTC] Check status para job_id: pdf_69693f1e557287.59201602
[15-Jan-2026 19:26:01 UTC] Check status para job_id: pdf_69693f1e557287.59201602
[15-Jan-2026 19:26:04 UTC] Check status para job_id: pdf_69693f1e557287.59201602
[15-Jan-2026 19:26:07 UTC] Check status para job_id: pdf_69693f1e557287.59201602
[15-Jan-2026 19:26:10 UTC] Check status para job_id: pdf_69693f1e557287.59201602
[15-Jan-2026 19:26:13 UTC] Check status para job_id: pdf_69693f1e557287.59201602
[15-Jan-2026 19:26:16 UTC] Check status para job_id: pdf_69693f1e557287.59201602
[15-Jan-2026 19:26:19 UTC] Check status para job_id: pdf_69693f1e557287.59201602
[15-Jan-2026 19:26:22 UTC] Check status para job_id: pdf_69693f1e557287.59201602
[15-Jan-2026 19:26:25 UTC] Check status para job_id: pdf_69693f1e557287.59201602
[15-Jan-2026 19:26:28 UTC] Check status para job_id: pdf_69693f1e557287.59201602
[15-Jan-2026 19:26:31 UTC] Check status para job_id: pdf_69693f1e557287.59201602
[15-Jan-2026 19:26:34 UTC] Check status para job_id: pdf_69693f1e557287.59201602
[15-Jan-2026 19:26:37 UTC] Check status para job_id: pdf_69693f1e557287.59201602
[15-Jan-2026 19:26:40 UTC] Check status para job_id: pdf_69693f1e557287.59201602
[15-Jan-2026 19:26:43 UTC] Check status para job_id: pdf_69693f1e557287.59201602
[15-Jan-2026 19:26:46 UTC] Check status para job_id: pdf_69693f1e557287.59201602
[15-Jan-2026 19:26:49 UTC] Check status para job_id: pdf_69693f1e557287.59201602
[15-Jan-2026 19:26:52 UTC] Check status para job_id: pdf_69693f1e557287.59201602
[15-Jan-2026 19:26:55 UTC] Check status para job_id: pdf_69693f1e557287.59201602
[15-Jan-2026 19:26:58 UTC] Check status para job_id: pdf_69693f1e557287.59201602
[15-Jan-2026 19:27:01 UTC] Check status para job_id: pdf_69693f1e557287.59201602
[15-Jan-2026 19:27:04 UTC] Check status para job_id: pdf_69693f1e557287.59201602
[15-Jan-2026 19:27:07 UTC] Check status para job_id: pdf_69693f1e557287.59201602
[15-Jan-2026 19:27:10 UTC] Check status para job_id: pdf_69693f1e557287.59201602
[15-Jan-2026 19:27:13 UTC] Check status para job_id: pdf_69693f1e557287.59201602
[15-Jan-2026 19:27:16 UTC] Check status para job_id: pdf_69693f1e557287.59201602
[15-Jan-2026 19:27:19 UTC] Check status para job_id: pdf_69693f1e557287.59201602
[15-Jan-2026 19:27:19 UTC] Resultado encontrado - Status: completed
[15-Jan-2026 19:34:39 UTC] Check status para job_id: pdf_6969414b8db663.37569360
[15-Jan-2026 19:34:42 UTC] Check status para job_id: pdf_6969414b8db663.37569360
[15-Jan-2026 19:34:45 UTC] Check status para job_id: pdf_6969414b8db663.37569360
[15-Jan-2026 19:34:48 UTC] Check status para job_id: pdf_6969414b8db663.37569360
[15-Jan-2026 19:34:51 UTC] Check status para job_id: pdf_6969414b8db663.37569360
[15-Jan-2026 19:34:56 UTC] Check status para job_id: pdf_6969414b8db663.37569360
[15-Jan-2026 19:34:57 UTC] Check status para job_id: pdf_6969414b8db663.37569360
[15-Jan-2026 19:35:00 UTC] Check status para job_id: pdf_6969414b8db663.37569360
[15-Jan-2026 19:35:03 UTC] Check status para job_id: pdf_6969414b8db663.37569360
[15-Jan-2026 19:35:06 UTC] Check status para job_id: pdf_6969414b8db663.37569360
[15-Jan-2026 19:35:09 UTC] Check status para job_id: pdf_6969414b8db663.37569360
[15-Jan-2026 19:35:12 UTC] Check status para job_id: pdf_6969414b8db663.37569360
[15-Jan-2026 19:35:15 UTC] Check status para job_id: pdf_6969414b8db663.37569360
[15-Jan-2026 19:35:19 UTC] Check status para job_id: pdf_6969414b8db663.37569360
[15-Jan-2026 19:35:22 UTC] Check status para job_id: pdf_6969414b8db663.37569360
[15-Jan-2026 19:35:24 UTC] Check status para job_id: pdf_6969414b8db663.37569360
[15-Jan-2026 19:35:28 UTC] Check status para job_id: pdf_6969414b8db663.37569360
[15-Jan-2026 19:35:31 UTC] Check status para job_id: pdf_6969414b8db663.37569360
[15-Jan-2026 19:35:34 UTC] Check status para job_id: pdf_6969414b8db663.37569360
[15-Jan-2026 19:35:37 UTC] Check status para job_id: pdf_6969414b8db663.37569360
[15-Jan-2026 19:35:40 UTC] Check status para job_id: pdf_6969414b8db663.37569360
[15-Jan-2026 19:35:43 UTC] Check status para job_id: pdf_6969414b8db663.37569360
[15-Jan-2026 19:35:46 UTC] Check status para job_id: pdf_6969414b8db663.37569360
[15-Jan-2026 19:35:49 UTC] Check status para job_id: pdf_6969414b8db663.37569360
[15-Jan-2026 19:35:52 UTC] Check status para job_id: pdf_6969414b8db663.37569360
[15-Jan-2026 19:35:55 UTC] Check status para job_id: pdf_6969414b8db663.37569360
[15-Jan-2026 19:35:55 UTC] Resultado encontrado - Status: completed
[25-Jan-2026 23:31:28 UTC] Check status para job_id: pdf_6976a7cc221fb5.20684958
[25-Jan-2026 23:31:31 UTC] Check status para job_id: pdf_6976a7cc221fb5.20684958
[25-Jan-2026 23:31:34 UTC] Check status para job_id: pdf_6976a7cc221fb5.20684958
[25-Jan-2026 23:31:37 UTC] Check status para job_id: pdf_6976a7cc221fb5.20684958
[25-Jan-2026 23:31:40 UTC] Check status para job_id: pdf_6976a7cc221fb5.20684958
[25-Jan-2026 23:31:43 UTC] Check status para job_id: pdf_6976a7cc221fb5.20684958
[25-Jan-2026 23:31:46 UTC] Check status para job_id: pdf_6976a7cc221fb5.20684958
[25-Jan-2026 23:31:49 UTC] Check status para job_id: pdf_6976a7cc221fb5.20684958
[25-Jan-2026 23:31:52 UTC] Check status para job_id: pdf_6976a7cc221fb5.20684958
[25-Jan-2026 23:31:55 UTC] Check status para job_id: pdf_6976a7cc221fb5.20684958
[25-Jan-2026 23:31:58 UTC] Check status para job_id: pdf_6976a7cc221fb5.20684958
[25-Jan-2026 23:32:01 UTC] Check status para job_id: pdf_6976a7cc221fb5.20684958
[25-Jan-2026 23:32:04 UTC] Check status para job_id: pdf_6976a7cc221fb5.20684958
[25-Jan-2026 23:32:07 UTC] Check status para job_id: pdf_6976a7cc221fb5.20684958
[25-Jan-2026 23:32:10 UTC] Check status para job_id: pdf_6976a7cc221fb5.20684958
[25-Jan-2026 23:32:13 UTC] Check status para job_id: pdf_6976a7cc221fb5.20684958
[25-Jan-2026 23:32:16 UTC] Check status para job_id: pdf_6976a7cc221fb5.20684958
[25-Jan-2026 23:32:19 UTC] Check status para job_id: pdf_6976a7cc221fb5.20684958
[25-Jan-2026 23:32:22 UTC] Check status para job_id: pdf_6976a7cc221fb5.20684958
[25-Jan-2026 23:32:25 UTC] Check status para job_id: pdf_6976a7cc221fb5.20684958
[25-Jan-2026 23:32:28 UTC] Check status para job_id: pdf_6976a7cc221fb5.20684958
[25-Jan-2026 23:32:31 UTC] Check status para job_id: pdf_6976a7cc221fb5.20684958
[25-Jan-2026 23:32:34 UTC] Check status para job_id: pdf_6976a7cc221fb5.20684958
[25-Jan-2026 23:32:37 UTC] Check status para job_id: pdf_6976a7cc221fb5.20684958
[25-Jan-2026 23:32:40 UTC] Check status para job_id: pdf_6976a7cc221fb5.20684958
[25-Jan-2026 23:32:43 UTC] Check status para job_id: pdf_6976a7cc221fb5.20684958
[25-Jan-2026 23:32:46 UTC] Check status para job_id: pdf_6976a7cc221fb5.20684958
[25-Jan-2026 23:32:49 UTC] Check status para job_id: pdf_6976a7cc221fb5.20684958
[25-Jan-2026 23:32:52 UTC] Check status para job_id: pdf_6976a7cc221fb5.20684958
[25-Jan-2026 23:32:55 UTC] Check status para job_id: pdf_6976a7cc221fb5.20684958
[25-Jan-2026 23:32:58 UTC] Check status para job_id: pdf_6976a7cc221fb5.20684958
[25-Jan-2026 23:33:01 UTC] Check status para job_id: pdf_6976a7cc221fb5.20684958
[25-Jan-2026 23:33:29 UTC] Check status para job_id: pdf_6976a7cc221fb5.20684958
[25-Jan-2026 23:33:30 UTC] Check status para job_id: pdf_6976a7cc221fb5.20684958
[25-Jan-2026 23:33:34 UTC] Check status para job_id: pdf_6976a7cc221fb5.20684958
[25-Jan-2026 23:33:37 UTC] Check status para job_id: pdf_6976a7cc221fb5.20684958
[25-Jan-2026 23:33:40 UTC] Check status para job_id: pdf_6976a7cc221fb5.20684958
[25-Jan-2026 23:33:43 UTC] Check status para job_id: pdf_6976a7cc221fb5.20684958
[25-Jan-2026 23:33:46 UTC] Check status para job_id: pdf_6976a7cc221fb5.20684958
[25-Jan-2026 23:33:49 UTC] Check status para job_id: pdf_6976a7cc221fb5.20684958
[25-Jan-2026 23:33:52 UTC] Check status para job_id: pdf_6976a7cc221fb5.20684958
[25-Jan-2026 23:33:55 UTC] Check status para job_id: pdf_6976a7cc221fb5.20684958
[25-Jan-2026 23:33:57 UTC] Check status para job_id: pdf_6976a7cc221fb5.20684958
[25-Jan-2026 23:34:01 UTC] Check status para job_id: pdf_6976a7cc221fb5.20684958
[25-Jan-2026 23:34:04 UTC] Check status para job_id: pdf_6976a7cc221fb5.20684958
[25-Jan-2026 23:34:07 UTC] Check status para job_id: pdf_6976a7cc221fb5.20684958
[25-Jan-2026 23:34:10 UTC] Check status para job_id: pdf_6976a7cc221fb5.20684958
[25-Jan-2026 23:34:13 UTC] Check status para job_id: pdf_6976a7cc221fb5.20684958
[25-Jan-2026 23:34:16 UTC] Check status para job_id: pdf_6976a7cc221fb5.20684958
[25-Jan-2026 23:34:19 UTC] Check status para job_id: pdf_6976a7cc221fb5.20684958
[25-Jan-2026 23:34:22 UTC] Check status para job_id: pdf_6976a7cc221fb5.20684958
[25-Jan-2026 23:34:25 UTC] Check status para job_id: pdf_6976a7cc221fb5.20684958
[25-Jan-2026 23:34:28 UTC] Check status para job_id: pdf_6976a7cc221fb5.20684958
[25-Jan-2026 23:34:31 UTC] Check status para job_id: pdf_6976a7cc221fb5.20684958
[25-Jan-2026 23:34:34 UTC] Check status para job_id: pdf_6976a7cc221fb5.20684958
[25-Jan-2026 23:34:37 UTC] Check status para job_id: pdf_6976a7cc221fb5.20684958
[25-Jan-2026 23:34:40 UTC] Check status para job_id: pdf_6976a7cc221fb5.20684958
[25-Jan-2026 23:34:43 UTC] Check status para job_id: pdf_6976a7cc221fb5.20684958
[25-Jan-2026 23:34:46 UTC] Check status para job_id: pdf_6976a7cc221fb5.20684958
[25-Jan-2026 23:34:49 UTC] Check status para job_id: pdf_6976a7cc221fb5.20684958
[25-Jan-2026 23:34:52 UTC] Check status para job_id: pdf_6976a7cc221fb5.20684958
[25-Jan-2026 23:34:55 UTC] Check status para job_id: pdf_6976a7cc221fb5.20684958
[25-Jan-2026 23:34:58 UTC] Check status para job_id: pdf_6976a7cc221fb5.20684958
[25-Jan-2026 23:35:15 UTC] Check status para job_id: pdf_6976a7cc221fb5.20684958
[25-Jan-2026 23:35:19 UTC] Check status para job_id: pdf_6976a7cc221fb5.20684958
[25-Jan-2026 23:35:22 UTC] Check status para job_id: pdf_6976a7cc221fb5.20684958
[25-Jan-2026 23:35:25 UTC] Check status para job_id: pdf_6976a7cc221fb5.20684958
[25-Jan-2026 23:35:28 UTC] Check status para job_id: pdf_6976a7cc221fb5.20684958
[25-Jan-2026 23:35:31 UTC] Check status para job_id: pdf_6976a7cc221fb5.20684958
[25-Jan-2026 23:35:34 UTC] Check status para job_id: pdf_6976a7cc221fb5.20684958
[25-Jan-2026 23:35:37 UTC] Check status para job_id: pdf_6976a7cc221fb5.20684958
[25-Jan-2026 23:35:40 UTC] Check status para job_id: pdf_6976a7cc221fb5.20684958
[25-Jan-2026 23:35:43 UTC] Check status para job_id: pdf_6976a7cc221fb5.20684958
[25-Jan-2026 23:35:46 UTC] Check status para job_id: pdf_6976a7cc221fb5.20684958
[25-Jan-2026 23:35:49 UTC] Check status para job_id: pdf_6976a7cc221fb5.20684958
[25-Jan-2026 23:35:52 UTC] Check status para job_id: pdf_6976a7cc221fb5.20684958
[25-Jan-2026 23:35:55 UTC] Check status para job_id: pdf_6976a7cc221fb5.20684958
[25-Jan-2026 23:35:58 UTC] Check status para job_id: pdf_6976a7cc221fb5.20684958
[25-Jan-2026 23:36:01 UTC] Check status para job_id: pdf_6976a7cc221fb5.20684958
[25-Jan-2026 23:36:04 UTC] Check status para job_id: pdf_6976a7cc221fb5.20684958
[25-Jan-2026 23:36:07 UTC] Check status para job_id: pdf_6976a7cc221fb5.20684958
[25-Jan-2026 23:36:10 UTC] Check status para job_id: pdf_6976a7cc221fb5.20684958
[25-Jan-2026 23:36:13 UTC] Check status para job_id: pdf_6976a7cc221fb5.20684958
[25-Jan-2026 23:36:16 UTC] Check status para job_id: pdf_6976a7cc221fb5.20684958
[25-Jan-2026 23:36:45 UTC] Check status para job_id: pdf_6976a7cc221fb5.20684958
[25-Jan-2026 23:37:13 UTC] Check status para job_id: pdf_6976a7cc221fb5.20684958
[25-Jan-2026 23:37:24 UTC] Check status para job_id: pdf_6976a9300b6d20.04296364
[25-Jan-2026 23:37:27 UTC] Check status para job_id: pdf_6976a9300b6d20.04296364
[25-Jan-2026 23:37:30 UTC] Check status para job_id: pdf_6976a9300b6d20.04296364
[25-Jan-2026 23:37:33 UTC] Check status para job_id: pdf_6976a9300b6d20.04296364
[25-Jan-2026 23:37:36 UTC] Check status para job_id: pdf_6976a9300b6d20.04296364
[25-Jan-2026 23:37:39 UTC] Check status para job_id: pdf_6976a9300b6d20.04296364
[25-Jan-2026 23:37:42 UTC] Check status para job_id: pdf_6976a9300b6d20.04296364
[25-Jan-2026 23:37:45 UTC] Check status para job_id: pdf_6976a9300b6d20.04296364
[25-Jan-2026 23:37:48 UTC] Check status para job_id: pdf_6976a9300b6d20.04296364
[25-Jan-2026 23:37:51 UTC] Check status para job_id: pdf_6976a9300b6d20.04296364
[25-Jan-2026 23:37:54 UTC] Check status para job_id: pdf_6976a9300b6d20.04296364
[25-Jan-2026 23:37:57 UTC] Check status para job_id: pdf_6976a9300b6d20.04296364
[25-Jan-2026 23:37:59 UTC] Check status para job_id: pdf_6976a9300b6d20.04296364
[25-Jan-2026 23:38:03 UTC] Check status para job_id: pdf_6976a9300b6d20.04296364
[25-Jan-2026 23:38:06 UTC] Check status para job_id: pdf_6976a9300b6d20.04296364
[25-Jan-2026 23:38:09 UTC] Check status para job_id: pdf_6976a9300b6d20.04296364
[25-Jan-2026 23:38:12 UTC] Check status para job_id: pdf_6976a9300b6d20.04296364
[25-Jan-2026 23:38:15 UTC] Check status para job_id: pdf_6976a9300b6d20.04296364
[25-Jan-2026 23:38:18 UTC] Check status para job_id: pdf_6976a9300b6d20.04296364
[25-Jan-2026 23:38:21 UTC] Check status para job_id: pdf_6976a9300b6d20.04296364
[25-Jan-2026 23:38:24 UTC] Check status para job_id: pdf_6976a9300b6d20.04296364
[25-Jan-2026 23:38:27 UTC] Check status para job_id: pdf_6976a9300b6d20.04296364
[25-Jan-2026 23:38:30 UTC] Check status para job_id: pdf_6976a9300b6d20.04296364
[25-Jan-2026 23:38:33 UTC] Check status para job_id: pdf_6976a9300b6d20.04296364
[25-Jan-2026 23:38:36 UTC] Check status para job_id: pdf_6976a9300b6d20.04296364
[25-Jan-2026 23:38:39 UTC] Check status para job_id: pdf_6976a9300b6d20.04296364
[25-Jan-2026 23:38:41 UTC] Check status para job_id: pdf_6976a9300b6d20.04296364
[25-Jan-2026 23:38:53 UTC] Check status para job_id: pdf_6976a9890f82a8.85365265
[25-Jan-2026 23:38:56 UTC] Check status para job_id: pdf_6976a9890f82a8.85365265
[25-Jan-2026 23:38:59 UTC] Check status para job_id: pdf_6976a9890f82a8.85365265
[25-Jan-2026 23:39:02 UTC] Check status para job_id: pdf_6976a9890f82a8.85365265
[25-Jan-2026 23:39:05 UTC] Check status para job_id: pdf_6976a9890f82a8.85365265
[25-Jan-2026 23:39:08 UTC] Check status para job_id: pdf_6976a9890f82a8.85365265
[25-Jan-2026 23:39:11 UTC] Check status para job_id: pdf_6976a9890f82a8.85365265
[25-Jan-2026 23:39:13 UTC] Check status para job_id: pdf_6976a9890f82a8.85365265
[25-Jan-2026 23:39:17 UTC] Check status para job_id: pdf_6976a9890f82a8.85365265
[25-Jan-2026 23:39:20 UTC] Check status para job_id: pdf_6976a9890f82a8.85365265
[25-Jan-2026 23:39:23 UTC] Check status para job_id: pdf_6976a9890f82a8.85365265
[25-Jan-2026 23:39:26 UTC] Check status para job_id: pdf_6976a9890f82a8.85365265
[25-Jan-2026 23:39:29 UTC] Check status para job_id: pdf_6976a9890f82a8.85365265
[25-Jan-2026 23:39:32 UTC] Check status para job_id: pdf_6976a9890f82a8.85365265
[25-Jan-2026 23:39:35 UTC] Check status para job_id: pdf_6976a9890f82a8.85365265
[25-Jan-2026 23:39:38 UTC] Check status para job_id: pdf_6976a9890f82a8.85365265
[25-Jan-2026 23:39:41 UTC] Check status para job_id: pdf_6976a9890f82a8.85365265
[25-Jan-2026 23:39:44 UTC] Check status para job_id: pdf_6976a9890f82a8.85365265
[25-Jan-2026 23:39:47 UTC] Check status para job_id: pdf_6976a9890f82a8.85365265
[25-Jan-2026 23:39:50 UTC] Check status para job_id: pdf_6976a9890f82a8.85365265
[25-Jan-2026 23:39:53 UTC] Check status para job_id: pdf_6976a9890f82a8.85365265
[25-Jan-2026 23:39:56 UTC] Check status para job_id: pdf_6976a9890f82a8.85365265
[25-Jan-2026 23:39:59 UTC] Check status para job_id: pdf_6976a9890f82a8.85365265
[25-Jan-2026 23:40:02 UTC] Check status para job_id: pdf_6976a9890f82a8.85365265
[25-Jan-2026 23:40:05 UTC] Check status para job_id: pdf_6976a9890f82a8.85365265
[25-Jan-2026 23:40:08 UTC] Check status para job_id: pdf_6976a9890f82a8.85365265
[25-Jan-2026 23:40:11 UTC] Check status para job_id: pdf_6976a9890f82a8.85365265
[25-Jan-2026 23:40:14 UTC] Check status para job_id: pdf_6976a9890f82a8.85365265
[25-Jan-2026 23:40:45 UTC] Check status para job_id: pdf_6976a9890f82a8.85365265
[25-Jan-2026 23:41:45 UTC] Check status para job_id: pdf_6976a9890f82a8.85365265
[25-Jan-2026 23:42:00 UTC] Check status para job_id: pdf_6976a9890f82a8.85365265
[25-Jan-2026 23:42:01 UTC] Check status para job_id: pdf_6976a9890f82a8.85365265
[25-Jan-2026 23:42:12 UTC] Check status para job_id: pdf_6976aa5028d004.20278081
[25-Jan-2026 23:42:14 UTC] Check status para job_id: pdf_6976aa5028d004.20278081
[25-Jan-2026 23:42:17 UTC] Check status para job_id: pdf_6976aa5028d004.20278081
[25-Jan-2026 23:42:21 UTC] Check status para job_id: pdf_6976aa5028d004.20278081
[25-Jan-2026 23:42:24 UTC] Check status para job_id: pdf_6976aa5028d004.20278081
[25-Jan-2026 23:42:27 UTC] Check status para job_id: pdf_6976aa5028d004.20278081
[25-Jan-2026 23:42:30 UTC] Check status para job_id: pdf_6976aa5028d004.20278081
[25-Jan-2026 23:42:33 UTC] Check status para job_id: pdf_6976aa5028d004.20278081
[25-Jan-2026 23:42:35 UTC] Check status para job_id: pdf_6976aa5028d004.20278081
[25-Jan-2026 23:43:15 UTC] Check status para job_id: pdf_6976aa8f9a3459.26942887
[25-Jan-2026 23:43:18 UTC] Check status para job_id: pdf_6976aa8f9a3459.26942887
[25-Jan-2026 23:43:21 UTC] Check status para job_id: pdf_6976aa8f9a3459.26942887
[25-Jan-2026 23:43:24 UTC] Check status para job_id: pdf_6976aa8f9a3459.26942887
[25-Jan-2026 23:43:27 UTC] Check status para job_id: pdf_6976aa8f9a3459.26942887
[25-Jan-2026 23:43:30 UTC] Check status para job_id: pdf_6976aa8f9a3459.26942887
[25-Jan-2026 23:43:33 UTC] Check status para job_id: pdf_6976aa8f9a3459.26942887
[25-Jan-2026 23:43:36 UTC] Check status para job_id: pdf_6976aa8f9a3459.26942887
[25-Jan-2026 23:43:39 UTC] Check status para job_id: pdf_6976aa8f9a3459.26942887
[25-Jan-2026 23:43:42 UTC] Check status para job_id: pdf_6976aa8f9a3459.26942887
[25-Jan-2026 23:43:45 UTC] Check status para job_id: pdf_6976aa8f9a3459.26942887
[25-Jan-2026 23:43:48 UTC] Check status para job_id: pdf_6976aa8f9a3459.26942887
[25-Jan-2026 23:43:51 UTC] Check status para job_id: pdf_6976aa8f9a3459.26942887
[25-Jan-2026 23:43:54 UTC] Check status para job_id: pdf_6976aa8f9a3459.26942887
[25-Jan-2026 23:43:57 UTC] Check status para job_id: pdf_6976aa8f9a3459.26942887
[25-Jan-2026 23:44:00 UTC] Check status para job_id: pdf_6976aa8f9a3459.26942887
[25-Jan-2026 23:44:03 UTC] Check status para job_id: pdf_6976aa8f9a3459.26942887
[25-Jan-2026 23:44:06 UTC] Check status para job_id: pdf_6976aa8f9a3459.26942887
[25-Jan-2026 23:44:09 UTC] Check status para job_id: pdf_6976aa8f9a3459.26942887
[25-Jan-2026 23:44:12 UTC] Check status para job_id: pdf_6976aa8f9a3459.26942887
[25-Jan-2026 23:44:15 UTC] Check status para job_id: pdf_6976aa8f9a3459.26942887
[25-Jan-2026 23:44:45 UTC] Check status para job_id: pdf_6976aa8f9a3459.26942887
[25-Jan-2026 23:45:14 UTC] Check status para job_id: pdf_6976aa8f9a3459.26942887
[25-Jan-2026 23:45:15 UTC] Check status para job_id: pdf_6976aa8f9a3459.26942887
[25-Jan-2026 23:45:26 UTC] Check status para job_id: pdf_6976ab121bc024.06443965
[25-Jan-2026 23:45:29 UTC] Check status para job_id: pdf_6976ab121bc024.06443965
[25-Jan-2026 23:45:32 UTC] Check status para job_id: pdf_6976ab121bc024.06443965
[25-Jan-2026 23:45:35 UTC] Check status para job_id: pdf_6976ab121bc024.06443965
[25-Jan-2026 23:45:38 UTC] Check status para job_id: pdf_6976ab121bc024.06443965
[25-Jan-2026 23:45:41 UTC] Check status para job_id: pdf_6976ab121bc024.06443965
[25-Jan-2026 23:45:44 UTC] Check status para job_id: pdf_6976ab121bc024.06443965
[25-Jan-2026 23:45:47 UTC] Check status para job_id: pdf_6976ab121bc024.06443965
[25-Jan-2026 23:45:50 UTC] Check status para job_id: pdf_6976ab121bc024.06443965
[25-Jan-2026 23:45:53 UTC] Check status para job_id: pdf_6976ab121bc024.06443965
[25-Jan-2026 23:45:56 UTC] Check status para job_id: pdf_6976ab121bc024.06443965
[25-Jan-2026 23:45:59 UTC] Check status para job_id: pdf_6976ab121bc024.06443965
[25-Jan-2026 23:46:02 UTC] Check status para job_id: pdf_6976ab121bc024.06443965
[25-Jan-2026 23:46:05 UTC] Check status para job_id: pdf_6976ab121bc024.06443965
[25-Jan-2026 23:46:08 UTC] Check status para job_id: pdf_6976ab121bc024.06443965
[25-Jan-2026 23:46:11 UTC] Check status para job_id: pdf_6976ab121bc024.06443965
[25-Jan-2026 23:46:14 UTC] Check status para job_id: pdf_6976ab121bc024.06443965
[25-Jan-2026 23:46:17 UTC] Check status para job_id: pdf_6976ab121bc024.06443965
[25-Jan-2026 23:46:20 UTC] Check status para job_id: pdf_6976ab121bc024.06443965
[25-Jan-2026 23:46:23 UTC] Check status para job_id: pdf_6976ab121bc024.06443965
[25-Jan-2026 23:46:25 UTC] Check status para job_id: pdf_6976ab121bc024.06443965
[25-Jan-2026 23:46:41 UTC] Check status para job_id: pdf_6976ab5b058947.49273396
[25-Jan-2026 23:46:44 UTC] Check status para job_id: pdf_6976ab5b058947.49273396
[25-Jan-2026 23:46:47 UTC] Check status para job_id: pdf_6976ab5b058947.49273396
[25-Jan-2026 23:46:50 UTC] Check status para job_id: pdf_6976ab5b058947.49273396
[25-Jan-2026 23:46:53 UTC] Check status para job_id: pdf_6976ab5b058947.49273396
[25-Jan-2026 23:46:56 UTC] Check status para job_id: pdf_6976ab5b058947.49273396
[25-Jan-2026 23:46:59 UTC] Check status para job_id: pdf_6976ab5b058947.49273396
[25-Jan-2026 23:47:02 UTC] Check status para job_id: pdf_6976ab5b058947.49273396
[25-Jan-2026 23:47:05 UTC] Check status para job_id: pdf_6976ab5b058947.49273396
[25-Jan-2026 23:47:08 UTC] Check status para job_id: pdf_6976ab5b058947.49273396
[25-Jan-2026 23:47:18 UTC] Check status para job_id: pdf_6976ab827f6cd0.31502204
[25-Jan-2026 23:47:21 UTC] Check status para job_id: pdf_6976ab827f6cd0.31502204
[25-Jan-2026 23:47:24 UTC] Check status para job_id: pdf_6976ab827f6cd0.31502204
[25-Jan-2026 23:47:27 UTC] Check status para job_id: pdf_6976ab827f6cd0.31502204
[25-Jan-2026 23:47:30 UTC] Check status para job_id: pdf_6976ab827f6cd0.31502204
[25-Jan-2026 23:47:33 UTC] Check status para job_id: pdf_6976ab827f6cd0.31502204
[25-Jan-2026 23:47:36 UTC] Check status para job_id: pdf_6976ab827f6cd0.31502204
[25-Jan-2026 23:47:39 UTC] Check status para job_id: pdf_6976ab827f6cd0.31502204
[25-Jan-2026 23:47:42 UTC] Check status para job_id: pdf_6976ab827f6cd0.31502204
[25-Jan-2026 23:47:45 UTC] Check status para job_id: pdf_6976ab827f6cd0.31502204
[25-Jan-2026 23:47:48 UTC] Check status para job_id: pdf_6976ab827f6cd0.31502204
[25-Jan-2026 23:47:51 UTC] Check status para job_id: pdf_6976ab827f6cd0.31502204
[25-Jan-2026 23:47:54 UTC] Check status para job_id: pdf_6976ab827f6cd0.31502204
[25-Jan-2026 23:47:57 UTC] Check status para job_id: pdf_6976ab827f6cd0.31502204
[25-Jan-2026 23:48:00 UTC] Check status para job_id: pdf_6976ab827f6cd0.31502204
[25-Jan-2026 23:48:03 UTC] Check status para job_id: pdf_6976ab827f6cd0.31502204
[25-Jan-2026 23:48:06 UTC] Check status para job_id: pdf_6976ab827f6cd0.31502204
[25-Jan-2026 23:48:09 UTC] Check status para job_id: pdf_6976ab827f6cd0.31502204
[25-Jan-2026 23:48:12 UTC] Check status para job_id: pdf_6976ab827f6cd0.31502204
[25-Jan-2026 23:48:19 UTC] Check status para job_id: pdf_6976ab827f6cd0.31502204
[25-Jan-2026 23:48:20 UTC] Check status para job_id: pdf_6976ab827f6cd0.31502204
[25-Jan-2026 23:48:30 UTC] Check status para job_id: pdf_6976abca79fd00.08359788
[25-Jan-2026 23:48:33 UTC] Check status para job_id: pdf_6976abca79fd00.08359788
[25-Jan-2026 23:48:36 UTC] Check status para job_id: pdf_6976abca79fd00.08359788
[25-Jan-2026 23:48:39 UTC] Check status para job_id: pdf_6976abca79fd00.08359788
[25-Jan-2026 23:48:42 UTC] Check status para job_id: pdf_6976abca79fd00.08359788
[25-Jan-2026 23:48:45 UTC] Check status para job_id: pdf_6976abca79fd00.08359788
[25-Jan-2026 23:48:48 UTC] Check status para job_id: pdf_6976abca79fd00.08359788
[25-Jan-2026 23:48:51 UTC] Check status para job_id: pdf_6976abca79fd00.08359788
[25-Jan-2026 23:48:54 UTC] Check status para job_id: pdf_6976abca79fd00.08359788
[25-Jan-2026 23:48:57 UTC] Check status para job_id: pdf_6976abca79fd00.08359788
[25-Jan-2026 23:49:00 UTC] Check status para job_id: pdf_6976abca79fd00.08359788
[25-Jan-2026 23:49:03 UTC] Check status para job_id: pdf_6976abca79fd00.08359788
[25-Jan-2026 23:49:06 UTC] Check status para job_id: pdf_6976abca79fd00.08359788
[25-Jan-2026 23:49:09 UTC] Check status para job_id: pdf_6976abca79fd00.08359788
[25-Jan-2026 23:49:12 UTC] Check status para job_id: pdf_6976abca79fd00.08359788
[25-Jan-2026 23:49:15 UTC] Check status para job_id: pdf_6976abca79fd00.08359788
[25-Jan-2026 23:49:18 UTC] Check status para job_id: pdf_6976abca79fd00.08359788
[25-Jan-2026 23:49:21 UTC] Check status para job_id: pdf_6976abca79fd00.08359788
[25-Jan-2026 23:49:24 UTC] Check status para job_id: pdf_6976abca79fd00.08359788
[25-Jan-2026 23:49:27 UTC] Check status para job_id: pdf_6976abca79fd00.08359788
[25-Jan-2026 23:49:37 UTC] Check status para job_id: pdf_6976abca79fd00.08359788
[25-Jan-2026 23:49:39 UTC] Check status para job_id: pdf_6976abca79fd00.08359788
[25-Jan-2026 23:49:42 UTC] Check status para job_id: pdf_6976abca79fd00.08359788
[25-Jan-2026 23:49:45 UTC] Check status para job_id: pdf_6976abca79fd00.08359788
[25-Jan-2026 23:49:48 UTC] Check status para job_id: pdf_6976abca79fd00.08359788
[25-Jan-2026 23:49:51 UTC] Check status para job_id: pdf_6976abca79fd00.08359788
[25-Jan-2026 23:49:54 UTC] Check status para job_id: pdf_6976abca79fd00.08359788
[25-Jan-2026 23:49:57 UTC] Check status para job_id: pdf_6976abca79fd00.08359788
[25-Jan-2026 23:50:00 UTC] Check status para job_id: pdf_6976abca79fd00.08359788
[25-Jan-2026 23:50:19 UTC] Check status para job_id: pdf_6976ac3748fb43.68224159
[25-Jan-2026 23:50:32 UTC] Check status para job_id: pdf_6976ac3748fb43.68224159
[25-Jan-2026 23:50:33 UTC] Check status para job_id: pdf_6976ac3748fb43.68224159
[25-Jan-2026 23:50:33 UTC] Check status para job_id: pdf_6976ac3748fb43.68224159
[25-Jan-2026 23:50:33 UTC] Check status para job_id: pdf_6976ac3748fb43.68224159
[25-Jan-2026 23:50:34 UTC] Check status para job_id: pdf_6976ac3748fb43.68224159
[25-Jan-2026 23:50:36 UTC] Check status para job_id: pdf_6976ac3748fb43.68224159
[25-Jan-2026 23:50:40 UTC] Check status para job_id: pdf_6976ac3748fb43.68224159
[25-Jan-2026 23:50:43 UTC] Check status para job_id: pdf_6976ac3748fb43.68224159
[25-Jan-2026 23:50:46 UTC] Check status para job_id: pdf_6976ac3748fb43.68224159
[25-Jan-2026 23:50:58 UTC] Check status para job_id: pdf_6976ac3748fb43.68224159
[25-Jan-2026 23:50:58 UTC] Check status para job_id: pdf_6976ac3748fb43.68224159
[25-Jan-2026 23:50:58 UTC] Check status para job_id: pdf_6976ac3748fb43.68224159
[25-Jan-2026 23:50:58 UTC] Check status para job_id: pdf_6976ac3748fb43.68224159
[25-Jan-2026 23:51:01 UTC] Check status para job_id: pdf_6976ac3748fb43.68224159
[25-Jan-2026 23:51:04 UTC] Check status para job_id: pdf_6976ac3748fb43.68224159
[25-Jan-2026 23:51:07 UTC] Check status para job_id: pdf_6976ac3748fb43.68224159
[25-Jan-2026 23:51:10 UTC] Check status para job_id: pdf_6976ac3748fb43.68224159
[25-Jan-2026 23:51:13 UTC] Check status para job_id: pdf_6976ac3748fb43.68224159
[25-Jan-2026 23:51:16 UTC] Check status para job_id: pdf_6976ac3748fb43.68224159
[25-Jan-2026 23:51:36 UTC] Check status para job_id: pdf_6976ac3748fb43.68224159
[25-Jan-2026 23:51:36 UTC] Check status para job_id: pdf_6976ac3748fb43.68224159
[25-Jan-2026 23:51:36 UTC] Check status para job_id: pdf_6976ac3748fb43.68224159
[25-Jan-2026 23:51:36 UTC] Check status para job_id: pdf_6976ac3748fb43.68224159
[25-Jan-2026 23:51:36 UTC] Check status para job_id: pdf_6976ac3748fb43.68224159
[25-Jan-2026 23:51:36 UTC] Check status para job_id: pdf_6976ac3748fb43.68224159
[25-Jan-2026 23:51:37 UTC] Check status para job_id: pdf_6976ac3748fb43.68224159
[25-Jan-2026 23:51:45 UTC] Check status para job_id: pdf_6976ac3748fb43.68224159
[25-Jan-2026 23:52:45 UTC] Check status para job_id: pdf_6976ac3748fb43.68224159
[25-Jan-2026 23:53:27 UTC] Check status para job_id: pdf_6976ac3748fb43.68224159
[25-Jan-2026 23:53:27 UTC] Check status para job_id: pdf_6976ac3748fb43.68224159
[25-Jan-2026 23:54:06 UTC] Check status para job_id: pdf_6976ad1a60a689.00456710
[25-Jan-2026 23:54:09 UTC] Check status para job_id: pdf_6976ad1a60a689.00456710
[25-Jan-2026 23:54:12 UTC] Check status para job_id: pdf_6976ad1a60a689.00456710
[25-Jan-2026 23:54:14 UTC] Check status para job_id: pdf_6976ad1a60a689.00456710
[25-Jan-2026 23:54:18 UTC] Check status para job_id: pdf_6976ad1a60a689.00456710
[25-Jan-2026 23:54:21 UTC] Check status para job_id: pdf_6976ad1a60a689.00456710
[25-Jan-2026 23:54:24 UTC] Check status para job_id: pdf_6976ad1a60a689.00456710
[25-Jan-2026 23:54:27 UTC] Check status para job_id: pdf_6976ad1a60a689.00456710
[25-Jan-2026 23:54:30 UTC] Check status para job_id: pdf_6976ad1a60a689.00456710
[25-Jan-2026 23:54:33 UTC] Check status para job_id: pdf_6976ad1a60a689.00456710
[25-Jan-2026 23:54:36 UTC] Check status para job_id: pdf_6976ad1a60a689.00456710
[25-Jan-2026 23:54:39 UTC] Check status para job_id: pdf_6976ad1a60a689.00456710
[25-Jan-2026 23:54:42 UTC] Check status para job_id: pdf_6976ad1a60a689.00456710
[25-Jan-2026 23:54:45 UTC] Check status para job_id: pdf_6976ad1a60a689.00456710
[25-Jan-2026 23:54:48 UTC] Check status para job_id: pdf_6976ad1a60a689.00456710
[25-Jan-2026 23:54:51 UTC] Check status para job_id: pdf_6976ad1a60a689.00456710
[25-Jan-2026 23:54:54 UTC] Check status para job_id: pdf_6976ad1a60a689.00456710
[25-Jan-2026 23:54:57 UTC] Check status para job_id: pdf_6976ad1a60a689.00456710
[25-Jan-2026 23:55:00 UTC] Check status para job_id: pdf_6976ad1a60a689.00456710
[25-Jan-2026 23:55:03 UTC] Check status para job_id: pdf_6976ad1a60a689.00456710
[25-Jan-2026 23:55:06 UTC] Check status para job_id: pdf_6976ad1a60a689.00456710
[25-Jan-2026 23:55:09 UTC] Check status para job_id: pdf_6976ad1a60a689.00456710
[25-Jan-2026 23:55:12 UTC] Check status para job_id: pdf_6976ad1a60a689.00456710
[25-Jan-2026 23:55:15 UTC] Check status para job_id: pdf_6976ad1a60a689.00456710
[25-Jan-2026 23:55:45 UTC] Check status para job_id: pdf_6976ad1a60a689.00456710
[25-Jan-2026 23:56:29 UTC] Check status para job_id: pdf_6976ad1a60a689.00456710
[25-Jan-2026 23:56:33 UTC] Check status para job_id: pdf_6976ad1a60a689.00456710
[25-Jan-2026 23:56:36 UTC] Check status para job_id: pdf_6976ad1a60a689.00456710
[25-Jan-2026 23:56:39 UTC] Check status para job_id: pdf_6976ad1a60a689.00456710
[25-Jan-2026 23:56:53 UTC] Check status para job_id: pdf_6976ad1a60a689.00456710
[25-Jan-2026 23:56:53 UTC] Check status para job_id: pdf_6976ad1a60a689.00456710
[25-Jan-2026 23:56:53 UTC] Check status para job_id: pdf_6976ad1a60a689.00456710
[25-Jan-2026 23:56:53 UTC] Check status para job_id: pdf_6976ad1a60a689.00456710
[25-Jan-2026 23:56:54 UTC] Check status para job_id: pdf_6976ad1a60a689.00456710
[25-Jan-2026 23:56:57 UTC] Check status para job_id: pdf_6976ad1a60a689.00456710
[25-Jan-2026 23:57:00 UTC] Check status para job_id: pdf_6976ad1a60a689.00456710
[25-Jan-2026 23:57:03 UTC] Check status para job_id: pdf_6976ad1a60a689.00456710
[25-Jan-2026 23:57:06 UTC] Check status para job_id: pdf_6976ad1a60a689.00456710
[25-Jan-2026 23:57:09 UTC] Check status para job_id: pdf_6976ad1a60a689.00456710
[25-Jan-2026 23:57:12 UTC] Check status para job_id: pdf_6976ad1a60a689.00456710
[25-Jan-2026 23:57:15 UTC] Check status para job_id: pdf_6976ad1a60a689.00456710
[25-Jan-2026 23:57:18 UTC] Check status para job_id: pdf_6976ad1a60a689.00456710
[25-Jan-2026 23:57:21 UTC] Check status para job_id: pdf_6976ad1a60a689.00456710
[25-Jan-2026 23:57:24 UTC] Check status para job_id: pdf_6976ad1a60a689.00456710
[25-Jan-2026 23:57:50 UTC] Check status para job_id: pdf_6976ad1a60a689.00456710
[25-Jan-2026 23:57:50 UTC] Check status para job_id: pdf_6976ad1a60a689.00456710
[25-Jan-2026 23:58:45 UTC] Check status para job_id: pdf_6976ad1a60a689.00456710
[25-Jan-2026 23:59:45 UTC] Check status para job_id: pdf_6976ad1a60a689.00456710
[26-Jan-2026 00:00:15 UTC] Check status para job_id: pdf_6976ad1a60a689.00456710
[26-Jan-2026 00:00:29 UTC] Check status para job_id: pdf_6976ae99b3b905.16692002
[26-Jan-2026 00:00:32 UTC] Check status para job_id: pdf_6976ae99b3b905.16692002
[26-Jan-2026 00:00:35 UTC] Check status para job_id: pdf_6976ae99b3b905.16692002
[26-Jan-2026 00:00:38 UTC] Check status para job_id: pdf_6976ae99b3b905.16692002
[26-Jan-2026 00:00:41 UTC] Check status para job_id: pdf_6976ae99b3b905.16692002
[26-Jan-2026 00:00:44 UTC] Check status para job_id: pdf_6976ae99b3b905.16692002
[26-Jan-2026 00:00:47 UTC] Check status para job_id: pdf_6976ae99b3b905.16692002
[26-Jan-2026 00:00:50 UTC] Check status para job_id: pdf_6976ae99b3b905.16692002
[26-Jan-2026 00:00:53 UTC] Check status para job_id: pdf_6976ae99b3b905.16692002
[26-Jan-2026 00:00:56 UTC] Check status para job_id: pdf_6976ae99b3b905.16692002
[26-Jan-2026 00:00:59 UTC] Check status para job_id: pdf_6976ae99b3b905.16692002
[26-Jan-2026 00:01:02 UTC] Check status para job_id: pdf_6976ae99b3b905.16692002
[26-Jan-2026 00:01:05 UTC] Check status para job_id: pdf_6976ae99b3b905.16692002
[26-Jan-2026 00:01:08 UTC] Check status para job_id: pdf_6976ae99b3b905.16692002
[26-Jan-2026 00:01:11 UTC] Check status para job_id: pdf_6976ae99b3b905.16692002
[26-Jan-2026 00:01:14 UTC] Check status para job_id: pdf_6976ae99b3b905.16692002
[26-Jan-2026 00:01:17 UTC] Check status para job_id: pdf_6976ae99b3b905.16692002
[26-Jan-2026 00:01:20 UTC] Check status para job_id: pdf_6976ae99b3b905.16692002
[26-Jan-2026 00:01:23 UTC] Check status para job_id: pdf_6976ae99b3b905.16692002
[26-Jan-2026 00:01:26 UTC] Check status para job_id: pdf_6976ae99b3b905.16692002
[26-Jan-2026 00:01:45 UTC] Check status para job_id: pdf_6976ae99b3b905.16692002
[26-Jan-2026 00:02:45 UTC] Check status para job_id: pdf_6976ae99b3b905.16692002
[26-Jan-2026 00:03:45 UTC] Check status para job_id: pdf_6976ae99b3b905.16692002
[26-Jan-2026 00:04:45 UTC] Check status para job_id: pdf_6976ae99b3b905.16692002
[26-Jan-2026 00:05:14 UTC] Check status para job_id: pdf_6976ae99b3b905.16692002
[26-Jan-2026 00:06:38 UTC] Check status para job_id: pdf_6976b00a9a1e43.71130912
[26-Jan-2026 00:06:41 UTC] Check status para job_id: pdf_6976b00a9a1e43.71130912
[26-Jan-2026 00:06:44 UTC] Check status para job_id: pdf_6976b00a9a1e43.71130912
[26-Jan-2026 00:06:47 UTC] Check status para job_id: pdf_6976b00a9a1e43.71130912
[26-Jan-2026 00:06:50 UTC] Check status para job_id: pdf_6976b00a9a1e43.71130912
[26-Jan-2026 00:06:53 UTC] Check status para job_id: pdf_6976b00a9a1e43.71130912
[26-Jan-2026 00:06:56 UTC] Check status para job_id: pdf_6976b00a9a1e43.71130912
[26-Jan-2026 00:06:59 UTC] Check status para job_id: pdf_6976b00a9a1e43.71130912
[26-Jan-2026 00:07:02 UTC] Check status para job_id: pdf_6976b00a9a1e43.71130912
[26-Jan-2026 00:07:05 UTC] Check status para job_id: pdf_6976b00a9a1e43.71130912
[26-Jan-2026 00:07:08 UTC] Check status para job_id: pdf_6976b00a9a1e43.71130912
[26-Jan-2026 00:07:11 UTC] Check status para job_id: pdf_6976b00a9a1e43.71130912
[26-Jan-2026 00:07:14 UTC] Check status para job_id: pdf_6976b00a9a1e43.71130912
[26-Jan-2026 00:07:17 UTC] Check status para job_id: pdf_6976b00a9a1e43.71130912
[26-Jan-2026 00:07:20 UTC] Check status para job_id: pdf_6976b00a9a1e43.71130912
[26-Jan-2026 00:07:23 UTC] Check status para job_id: pdf_6976b00a9a1e43.71130912
[26-Jan-2026 00:07:26 UTC] Check status para job_id: pdf_6976b00a9a1e43.71130912
[26-Jan-2026 00:07:29 UTC] Check status para job_id: pdf_6976b00a9a1e43.71130912
[26-Jan-2026 00:07:32 UTC] Check status para job_id: pdf_6976b00a9a1e43.71130912
[26-Jan-2026 00:07:35 UTC] Check status para job_id: pdf_6976b00a9a1e43.71130912
[26-Jan-2026 00:07:38 UTC] Check status para job_id: pdf_6976b00a9a1e43.71130912
[26-Jan-2026 00:07:41 UTC] Check status para job_id: pdf_6976b00a9a1e43.71130912
[26-Jan-2026 00:07:44 UTC] Check status para job_id: pdf_6976b00a9a1e43.71130912
[26-Jan-2026 00:07:47 UTC] Check status para job_id: pdf_6976b00a9a1e43.71130912
[26-Jan-2026 00:07:50 UTC] Check status para job_id: pdf_6976b00a9a1e43.71130912
[26-Jan-2026 00:08:45 UTC] Check status para job_id: pdf_6976b00a9a1e43.71130912
[26-Jan-2026 00:09:18 UTC] Check status para job_id: pdf_6976b00a9a1e43.71130912
[26-Jan-2026 00:09:32 UTC] Check status para job_id: pdf_6976b0b7f03e32.35770155
[26-Jan-2026 00:09:35 UTC] Check status para job_id: pdf_6976b0b7f03e32.35770155
[26-Jan-2026 00:09:38 UTC] Check status para job_id: pdf_6976b0b7f03e32.35770155
[26-Jan-2026 00:09:41 UTC] Check status para job_id: pdf_6976b0b7f03e32.35770155
[26-Jan-2026 00:09:44 UTC] Check status para job_id: pdf_6976b0b7f03e32.35770155
[26-Jan-2026 00:09:47 UTC] Check status para job_id: pdf_6976b0b7f03e32.35770155
[26-Jan-2026 00:09:50 UTC] Check status para job_id: pdf_6976b0b7f03e32.35770155
[26-Jan-2026 00:09:53 UTC] Check status para job_id: pdf_6976b0b7f03e32.35770155
[26-Jan-2026 00:09:56 UTC] Check status para job_id: pdf_6976b0b7f03e32.35770155
[26-Jan-2026 00:09:59 UTC] Check status para job_id: pdf_6976b0b7f03e32.35770155
[26-Jan-2026 00:10:02 UTC] Check status para job_id: pdf_6976b0b7f03e32.35770155
[26-Jan-2026 00:10:05 UTC] Check status para job_id: pdf_6976b0b7f03e32.35770155
[26-Jan-2026 00:10:08 UTC] Check status para job_id: pdf_6976b0b7f03e32.35770155
[26-Jan-2026 00:10:11 UTC] Check status para job_id: pdf_6976b0b7f03e32.35770155
[26-Jan-2026 00:10:14 UTC] Check status para job_id: pdf_6976b0b7f03e32.35770155
[26-Jan-2026 00:10:17 UTC] Check status para job_id: pdf_6976b0b7f03e32.35770155
[26-Jan-2026 00:10:20 UTC] Check status para job_id: pdf_6976b0b7f03e32.35770155
[26-Jan-2026 00:10:23 UTC] Check status para job_id: pdf_6976b0b7f03e32.35770155
[26-Jan-2026 00:10:26 UTC] Check status para job_id: pdf_6976b0b7f03e32.35770155
[26-Jan-2026 00:10:29 UTC] Check status para job_id: pdf_6976b0b7f03e32.35770155
[26-Jan-2026 00:10:32 UTC] Check status para job_id: pdf_6976b0b7f03e32.35770155
[26-Jan-2026 00:10:35 UTC] Check status para job_id: pdf_6976b0b7f03e32.35770155
[26-Jan-2026 00:10:38 UTC] Check status para job_id: pdf_6976b0b7f03e32.35770155
[26-Jan-2026 00:10:41 UTC] Check status para job_id: pdf_6976b0b7f03e32.35770155
[26-Jan-2026 00:10:44 UTC] Check status para job_id: pdf_6976b0b7f03e32.35770155
[26-Jan-2026 00:10:47 UTC] Check status para job_id: pdf_6976b0b7f03e32.35770155
[26-Jan-2026 00:10:50 UTC] Check status para job_id: pdf_6976b0b7f03e32.35770155
[26-Jan-2026 00:10:53 UTC] Check status para job_id: pdf_6976b0b7f03e32.35770155
[26-Jan-2026 00:10:56 UTC] Check status para job_id: pdf_6976b0b7f03e32.35770155
[26-Jan-2026 00:10:59 UTC] Check status para job_id: pdf_6976b0b7f03e32.35770155
[26-Jan-2026 00:11:02 UTC] Check status para job_id: pdf_6976b0b7f03e32.35770155
[26-Jan-2026 00:11:05 UTC] Check status para job_id: pdf_6976b0b7f03e32.35770155
[26-Jan-2026 00:11:08 UTC] Check status para job_id: pdf_6976b0b7f03e32.35770155
[26-Jan-2026 00:11:11 UTC] Check status para job_id: pdf_6976b0b7f03e32.35770155
[26-Jan-2026 00:11:14 UTC] Check status para job_id: pdf_6976b0b7f03e32.35770155
[26-Jan-2026 00:11:17 UTC] Check status para job_id: pdf_6976b0b7f03e32.35770155
[26-Jan-2026 00:11:20 UTC] Check status para job_id: pdf_6976b0b7f03e32.35770155
[26-Jan-2026 00:11:23 UTC] Check status para job_id: pdf_6976b0b7f03e32.35770155
[26-Jan-2026 00:11:26 UTC] Check status para job_id: pdf_6976b0b7f03e32.35770155
[26-Jan-2026 00:11:29 UTC] Check status para job_id: pdf_6976b0b7f03e32.35770155
[26-Jan-2026 00:11:32 UTC] Check status para job_id: pdf_6976b0b7f03e32.35770155
[26-Jan-2026 00:11:35 UTC] Check status para job_id: pdf_6976b0b7f03e32.35770155
[26-Jan-2026 00:11:38 UTC] Check status para job_id: pdf_6976b0b7f03e32.35770155
[26-Jan-2026 00:11:41 UTC] Check status para job_id: pdf_6976b0b7f03e32.35770155
[26-Jan-2026 00:11:44 UTC] Check status para job_id: pdf_6976b0b7f03e32.35770155
[26-Jan-2026 00:11:47 UTC] Check status para job_id: pdf_6976b0b7f03e32.35770155
[26-Jan-2026 00:11:50 UTC] Check status para job_id: pdf_6976b0b7f03e32.35770155
[26-Jan-2026 00:12:02 UTC] Check status para job_id: pdf_6976b0b7f03e32.35770155
[26-Jan-2026 00:12:02 UTC] Check status para job_id: pdf_6976b0b7f03e32.35770155
[26-Jan-2026 00:12:03 UTC] Check status para job_id: pdf_6976b0b7f03e32.35770155
[26-Jan-2026 00:12:03 UTC] Check status para job_id: pdf_6976b0b7f03e32.35770155
[26-Jan-2026 00:12:05 UTC] Check status para job_id: pdf_6976b0b7f03e32.35770155
[26-Jan-2026 00:12:08 UTC] Check status para job_id: pdf_6976b0b7f03e32.35770155
[26-Jan-2026 00:12:11 UTC] Check status para job_id: pdf_6976b0b7f03e32.35770155
[26-Jan-2026 00:12:14 UTC] Check status para job_id: pdf_6976b0b7f03e32.35770155
[26-Jan-2026 00:12:17 UTC] Check status para job_id: pdf_6976b0b7f03e32.35770155
[26-Jan-2026 00:12:20 UTC] Check status para job_id: pdf_6976b0b7f03e32.35770155
[26-Jan-2026 00:12:23 UTC] Check status para job_id: pdf_6976b0b7f03e32.35770155
[26-Jan-2026 00:12:26 UTC] Check status para job_id: pdf_6976b0b7f03e32.35770155
[26-Jan-2026 00:12:29 UTC] Check status para job_id: pdf_6976b0b7f03e32.35770155
[26-Jan-2026 00:12:32 UTC] Check status para job_id: pdf_6976b0b7f03e32.35770155
[26-Jan-2026 00:12:35 UTC] Check status para job_id: pdf_6976b0b7f03e32.35770155
[26-Jan-2026 00:12:38 UTC] Check status para job_id: pdf_6976b0b7f03e32.35770155
[26-Jan-2026 00:12:41 UTC] Check status para job_id: pdf_6976b0b7f03e32.35770155
[26-Jan-2026 00:12:44 UTC] Check status para job_id: pdf_6976b0b7f03e32.35770155
[26-Jan-2026 00:12:47 UTC] Check status para job_id: pdf_6976b0b7f03e32.35770155
[26-Jan-2026 00:12:50 UTC] Check status para job_id: pdf_6976b0b7f03e32.35770155
[26-Jan-2026 00:12:53 UTC] Check status para job_id: pdf_6976b0b7f03e32.35770155
[26-Jan-2026 00:12:56 UTC] Check status para job_id: pdf_6976b0b7f03e32.35770155
[26-Jan-2026 00:12:59 UTC] Check status para job_id: pdf_6976b0b7f03e32.35770155
[26-Jan-2026 00:13:02 UTC] Check status para job_id: pdf_6976b0b7f03e32.35770155
[26-Jan-2026 00:13:05 UTC] Check status para job_id: pdf_6976b0b7f03e32.35770155
[26-Jan-2026 00:13:08 UTC] Check status para job_id: pdf_6976b0b7f03e32.35770155
[26-Jan-2026 00:13:11 UTC] Check status para job_id: pdf_6976b0b7f03e32.35770155
[26-Jan-2026 00:13:14 UTC] Check status para job_id: pdf_6976b0b7f03e32.35770155
[26-Jan-2026 00:13:17 UTC] Check status para job_id: pdf_6976b0b7f03e32.35770155
[26-Jan-2026 00:13:20 UTC] Check status para job_id: pdf_6976b0b7f03e32.35770155
[26-Jan-2026 00:13:23 UTC] Check status para job_id: pdf_6976b0b7f03e32.35770155
[26-Jan-2026 00:13:26 UTC] Check status para job_id: pdf_6976b0b7f03e32.35770155
[26-Jan-2026 00:13:29 UTC] Check status para job_id: pdf_6976b0b7f03e32.35770155
[26-Jan-2026 00:13:32 UTC] Check status para job_id: pdf_6976b0b7f03e32.35770155
[26-Jan-2026 00:13:35 UTC] Check status para job_id: pdf_6976b0b7f03e32.35770155
[26-Jan-2026 00:13:38 UTC] Check status para job_id: pdf_6976b0b7f03e32.35770155
[26-Jan-2026 00:13:41 UTC] Check status para job_id: pdf_6976b0b7f03e32.35770155
[26-Jan-2026 00:13:44 UTC] Check status para job_id: pdf_6976b0b7f03e32.35770155
[26-Jan-2026 00:13:47 UTC] Check status para job_id: pdf_6976b0b7f03e32.35770155
[26-Jan-2026 00:13:50 UTC] Check status para job_id: pdf_6976b0b7f03e32.35770155
[26-Jan-2026 00:13:53 UTC] Check status para job_id: pdf_6976b0b7f03e32.35770155
[26-Jan-2026 00:13:56 UTC] Check status para job_id: pdf_6976b0b7f03e32.35770155
[26-Jan-2026 00:13:59 UTC] Check status para job_id: pdf_6976b0b7f03e32.35770155
[26-Jan-2026 00:14:02 UTC] Check status para job_id: pdf_6976b0b7f03e32.35770155
[26-Jan-2026 00:14:05 UTC] Check status para job_id: pdf_6976b0b7f03e32.35770155
[26-Jan-2026 00:14:08 UTC] Check status para job_id: pdf_6976b0b7f03e32.35770155
[26-Jan-2026 00:14:11 UTC] Check status para job_id: pdf_6976b0b7f03e32.35770155
[26-Jan-2026 00:14:14 UTC] Check status para job_id: pdf_6976b0b7f03e32.35770155
[26-Jan-2026 00:14:17 UTC] Check status para job_id: pdf_6976b0b7f03e32.35770155
[26-Jan-2026 00:14:20 UTC] Check status para job_id: pdf_6976b0b7f03e32.35770155
[26-Jan-2026 00:14:23 UTC] Check status para job_id: pdf_6976b0b7f03e32.35770155
[26-Jan-2026 00:14:26 UTC] Check status para job_id: pdf_6976b0b7f03e32.35770155
[26-Jan-2026 00:14:29 UTC] Check status para job_id: pdf_6976b0b7f03e32.35770155
[26-Jan-2026 00:14:45 UTC] Check status para job_id: pdf_6976b0b7f03e32.35770155
[26-Jan-2026 00:15:31 UTC] Check status para job_id: pdf_6976b0b7f03e32.35770155
[26-Jan-2026 00:15:42 UTC] Check status para job_id: pdf_6976b229d08009.74023600
[26-Jan-2026 00:15:45 UTC] Check status para job_id: pdf_6976b229d08009.74023600
[26-Jan-2026 00:15:48 UTC] Check status para job_id: pdf_6976b229d08009.74023600
[26-Jan-2026 00:15:51 UTC] Check status para job_id: pdf_6976b229d08009.74023600
[26-Jan-2026 00:15:54 UTC] Check status para job_id: pdf_6976b229d08009.74023600
[26-Jan-2026 00:15:57 UTC] Check status para job_id: pdf_6976b229d08009.74023600
[26-Jan-2026 00:16:00 UTC] Check status para job_id: pdf_6976b229d08009.74023600
[26-Jan-2026 00:16:03 UTC] Check status para job_id: pdf_6976b229d08009.74023600
[26-Jan-2026 00:16:06 UTC] Check status para job_id: pdf_6976b229d08009.74023600
[26-Jan-2026 00:16:09 UTC] Check status para job_id: pdf_6976b229d08009.74023600
[26-Jan-2026 00:16:12 UTC] Check status para job_id: pdf_6976b229d08009.74023600
[26-Jan-2026 00:16:15 UTC] Check status para job_id: pdf_6976b229d08009.74023600
[26-Jan-2026 00:16:18 UTC] Check status para job_id: pdf_6976b229d08009.74023600
[26-Jan-2026 00:16:21 UTC] Check status para job_id: pdf_6976b229d08009.74023600
[26-Jan-2026 00:16:24 UTC] Check status para job_id: pdf_6976b229d08009.74023600
[26-Jan-2026 00:16:27 UTC] Check status para job_id: pdf_6976b229d08009.74023600
[26-Jan-2026 00:16:30 UTC] Check status para job_id: pdf_6976b229d08009.74023600
[26-Jan-2026 00:16:33 UTC] Check status para job_id: pdf_6976b229d08009.74023600
[26-Jan-2026 00:16:36 UTC] Check status para job_id: pdf_6976b229d08009.74023600
[26-Jan-2026 00:16:45 UTC] Check status para job_id: pdf_6976b229d08009.74023600
[26-Jan-2026 00:17:45 UTC] Check status para job_id: pdf_6976b229d08009.74023600
[26-Jan-2026 00:18:45 UTC] Check status para job_id: pdf_6976b229d08009.74023600
[26-Jan-2026 00:19:11 UTC] Check status para job_id: pdf_6976b229d08009.74023600
[26-Jan-2026 00:19:11 UTC] Check status para job_id: pdf_6976b229d08009.74023600
[26-Jan-2026 00:19:26 UTC] Check status para job_id: pdf_6976b30a059640.80576768
[26-Jan-2026 00:19:29 UTC] Check status para job_id: pdf_6976b30a059640.80576768
[26-Jan-2026 00:19:32 UTC] Check status para job_id: pdf_6976b30a059640.80576768
[26-Jan-2026 00:19:35 UTC] Check status para job_id: pdf_6976b30a059640.80576768
[26-Jan-2026 00:19:38 UTC] Check status para job_id: pdf_6976b30a059640.80576768
[26-Jan-2026 00:19:41 UTC] Check status para job_id: pdf_6976b30a059640.80576768
[26-Jan-2026 00:19:44 UTC] Check status para job_id: pdf_6976b30a059640.80576768
[26-Jan-2026 00:19:47 UTC] Check status para job_id: pdf_6976b30a059640.80576768
[26-Jan-2026 00:19:50 UTC] Check status para job_id: pdf_6976b30a059640.80576768
[26-Jan-2026 00:19:53 UTC] Check status para job_id: pdf_6976b30a059640.80576768
[26-Jan-2026 00:19:56 UTC] Check status para job_id: pdf_6976b30a059640.80576768
[26-Jan-2026 00:19:59 UTC] Check status para job_id: pdf_6976b30a059640.80576768
[26-Jan-2026 00:20:02 UTC] Check status para job_id: pdf_6976b30a059640.80576768
[26-Jan-2026 00:20:05 UTC] Check status para job_id: pdf_6976b30a059640.80576768
[26-Jan-2026 00:20:08 UTC] Check status para job_id: pdf_6976b30a059640.80576768
[26-Jan-2026 00:20:11 UTC] Check status para job_id: pdf_6976b30a059640.80576768
[26-Jan-2026 00:20:14 UTC] Check status para job_id: pdf_6976b30a059640.80576768
[26-Jan-2026 00:20:17 UTC] Check status para job_id: pdf_6976b30a059640.80576768
[26-Jan-2026 00:20:20 UTC] Check status para job_id: pdf_6976b30a059640.80576768
[26-Jan-2026 00:20:45 UTC] Check status para job_id: pdf_6976b30a059640.80576768
[26-Jan-2026 00:21:46 UTC] Check status para job_id: pdf_6976b30a059640.80576768
[26-Jan-2026 00:22:45 UTC] Check status para job_id: pdf_6976b30a059640.80576768
[26-Jan-2026 00:23:02 UTC] Check status para job_id: pdf_6976b30a059640.80576768
[26-Jan-2026 00:23:15 UTC] Check status para job_id: pdf_6976b3eec18954.21348832
[26-Jan-2026 00:23:18 UTC] Check status para job_id: pdf_6976b3eec18954.21348832
[26-Jan-2026 00:23:21 UTC] Check status para job_id: pdf_6976b3eec18954.21348832
[26-Jan-2026 00:23:24 UTC] Check status para job_id: pdf_6976b3eec18954.21348832
[26-Jan-2026 00:23:27 UTC] Check status para job_id: pdf_6976b3eec18954.21348832
[26-Jan-2026 00:23:30 UTC] Check status para job_id: pdf_6976b3eec18954.21348832
[26-Jan-2026 00:23:33 UTC] Check status para job_id: pdf_6976b3eec18954.21348832
[26-Jan-2026 00:23:36 UTC] Check status para job_id: pdf_6976b3eec18954.21348832
[26-Jan-2026 00:23:39 UTC] Check status para job_id: pdf_6976b3eec18954.21348832
[26-Jan-2026 00:23:42 UTC] Check status para job_id: pdf_6976b3eec18954.21348832
[26-Jan-2026 00:23:45 UTC] Check status para job_id: pdf_6976b3eec18954.21348832
[26-Jan-2026 00:23:48 UTC] Check status para job_id: pdf_6976b3eec18954.21348832
[26-Jan-2026 00:23:51 UTC] Check status para job_id: pdf_6976b3eec18954.21348832
[26-Jan-2026 00:23:54 UTC] Check status para job_id: pdf_6976b3eec18954.21348832
[26-Jan-2026 00:23:57 UTC] Check status para job_id: pdf_6976b3eec18954.21348832
[26-Jan-2026 00:24:00 UTC] Check status para job_id: pdf_6976b3eec18954.21348832
[26-Jan-2026 00:24:03 UTC] Check status para job_id: pdf_6976b3eec18954.21348832
[26-Jan-2026 00:24:06 UTC] Check status para job_id: pdf_6976b3eec18954.21348832
[26-Jan-2026 00:24:09 UTC] Check status para job_id: pdf_6976b3eec18954.21348832
[26-Jan-2026 00:24:22 UTC] Check status para job_id: pdf_6976b3eec18954.21348832
[26-Jan-2026 00:24:23 UTC] Check status para job_id: pdf_6976b3eec18954.21348832
[26-Jan-2026 00:24:33 UTC] Check status para job_id: pdf_6976b43d7813b5.65388922
[26-Jan-2026 00:24:36 UTC] Check status para job_id: pdf_6976b43d7813b5.65388922
[26-Jan-2026 00:24:39 UTC] Check status para job_id: pdf_6976b43d7813b5.65388922
[26-Jan-2026 00:24:42 UTC] Check status para job_id: pdf_6976b43d7813b5.65388922
[26-Jan-2026 00:24:45 UTC] Check status para job_id: pdf_6976b43d7813b5.65388922
[26-Jan-2026 00:24:48 UTC] Check status para job_id: pdf_6976b43d7813b5.65388922
[26-Jan-2026 00:24:51 UTC] Check status para job_id: pdf_6976b43d7813b5.65388922
[26-Jan-2026 00:24:54 UTC] Check status para job_id: pdf_6976b43d7813b5.65388922
[26-Jan-2026 00:24:57 UTC] Check status para job_id: pdf_6976b43d7813b5.65388922
[26-Jan-2026 00:25:00 UTC] Check status para job_id: pdf_6976b43d7813b5.65388922
[26-Jan-2026 00:25:03 UTC] Check status para job_id: pdf_6976b43d7813b5.65388922
[26-Jan-2026 00:25:06 UTC] Check status para job_id: pdf_6976b43d7813b5.65388922
[26-Jan-2026 00:25:09 UTC] Check status para job_id: pdf_6976b43d7813b5.65388922
[26-Jan-2026 00:25:12 UTC] Check status para job_id: pdf_6976b43d7813b5.65388922
[26-Jan-2026 00:25:15 UTC] Check status para job_id: pdf_6976b43d7813b5.65388922
[26-Jan-2026 00:25:18 UTC] Check status para job_id: pdf_6976b43d7813b5.65388922
[26-Jan-2026 00:25:21 UTC] Check status para job_id: pdf_6976b43d7813b5.65388922
[26-Jan-2026 00:25:24 UTC] Check status para job_id: pdf_6976b43d7813b5.65388922
[26-Jan-2026 00:25:27 UTC] Check status para job_id: pdf_6976b43d7813b5.65388922
[26-Jan-2026 00:25:30 UTC] Check status para job_id: pdf_6976b43d7813b5.65388922
[26-Jan-2026 00:25:45 UTC] Check status para job_id: pdf_6976b43d7813b5.65388922
[26-Jan-2026 00:26:45 UTC] Check status para job_id: pdf_6976b43d7813b5.65388922
[26-Jan-2026 00:27:15 UTC] Check status para job_id: pdf_6976b43d7813b5.65388922
[26-Jan-2026 00:27:26 UTC] Check status para job_id: pdf_6976b4ea2b1358.32508567
[26-Jan-2026 00:27:29 UTC] Check status para job_id: pdf_6976b4ea2b1358.32508567
[26-Jan-2026 00:27:32 UTC] Check status para job_id: pdf_6976b4ea2b1358.32508567
[26-Jan-2026 00:27:35 UTC] Check status para job_id: pdf_6976b4ea2b1358.32508567
[26-Jan-2026 00:27:38 UTC] Check status para job_id: pdf_6976b4ea2b1358.32508567
[26-Jan-2026 00:27:41 UTC] Check status para job_id: pdf_6976b4ea2b1358.32508567
[26-Jan-2026 00:27:44 UTC] Check status para job_id: pdf_6976b4ea2b1358.32508567
[26-Jan-2026 00:27:47 UTC] Check status para job_id: pdf_6976b4ea2b1358.32508567
[26-Jan-2026 00:27:50 UTC] Check status para job_id: pdf_6976b4ea2b1358.32508567
[26-Jan-2026 00:27:53 UTC] Check status para job_id: pdf_6976b4ea2b1358.32508567
[26-Jan-2026 00:27:56 UTC] Check status para job_id: pdf_6976b4ea2b1358.32508567
[26-Jan-2026 00:27:59 UTC] Check status para job_id: pdf_6976b4ea2b1358.32508567
[26-Jan-2026 00:28:02 UTC] Check status para job_id: pdf_6976b4ea2b1358.32508567
[26-Jan-2026 00:28:05 UTC] Check status para job_id: pdf_6976b4ea2b1358.32508567
[26-Jan-2026 00:28:08 UTC] Check status para job_id: pdf_6976b4ea2b1358.32508567
[26-Jan-2026 00:28:11 UTC] Check status para job_id: pdf_6976b4ea2b1358.32508567
[26-Jan-2026 00:28:14 UTC] Check status para job_id: pdf_6976b4ea2b1358.32508567
[26-Jan-2026 00:28:17 UTC] Check status para job_id: pdf_6976b4ea2b1358.32508567
[26-Jan-2026 00:28:20 UTC] Check status para job_id: pdf_6976b4ea2b1358.32508567
[26-Jan-2026 00:28:45 UTC] Check status para job_id: pdf_6976b4ea2b1358.32508567
[26-Jan-2026 00:29:45 UTC] Check status para job_id: pdf_6976b4ea2b1358.32508567
[26-Jan-2026 00:30:45 UTC] Check status para job_id: pdf_6976b4ea2b1358.32508567
[26-Jan-2026 00:31:45 UTC] Check status para job_id: pdf_6976b4ea2b1358.32508567
[26-Jan-2026 00:32:34 UTC] Check status para job_id: pdf_6976b4ea2b1358.32508567
[26-Jan-2026 00:32:34 UTC] Check status para job_id: pdf_6976b4ea2b1358.32508567
[26-Jan-2026 00:32:52 UTC] Check status para job_id: pdf_6976b630e05c21.54408685
[26-Jan-2026 00:32:55 UTC] Check status para job_id: pdf_6976b630e05c21.54408685
[26-Jan-2026 00:32:59 UTC] Check status para job_id: pdf_6976b630e05c21.54408685
[26-Jan-2026 00:33:02 UTC] Check status para job_id: pdf_6976b630e05c21.54408685
[26-Jan-2026 00:33:05 UTC] Check status para job_id: pdf_6976b630e05c21.54408685
[26-Jan-2026 00:33:08 UTC] Check status para job_id: pdf_6976b630e05c21.54408685
[26-Jan-2026 00:33:11 UTC] Check status para job_id: pdf_6976b630e05c21.54408685
[26-Jan-2026 00:33:14 UTC] Check status para job_id: pdf_6976b630e05c21.54408685
[26-Jan-2026 00:33:17 UTC] Check status para job_id: pdf_6976b630e05c21.54408685
[26-Jan-2026 00:33:20 UTC] Check status para job_id: pdf_6976b630e05c21.54408685
[26-Jan-2026 00:33:23 UTC] Check status para job_id: pdf_6976b630e05c21.54408685
[26-Jan-2026 00:33:26 UTC] Check status para job_id: pdf_6976b630e05c21.54408685
[26-Jan-2026 00:33:29 UTC] Check status para job_id: pdf_6976b630e05c21.54408685
[26-Jan-2026 00:33:32 UTC] Check status para job_id: pdf_6976b630e05c21.54408685
[26-Jan-2026 00:33:35 UTC] Check status para job_id: pdf_6976b630e05c21.54408685
[26-Jan-2026 00:33:38 UTC] Check status para job_id: pdf_6976b630e05c21.54408685
[26-Jan-2026 00:33:41 UTC] Check status para job_id: pdf_6976b630e05c21.54408685
[26-Jan-2026 00:33:44 UTC] Check status para job_id: pdf_6976b630e05c21.54408685
[26-Jan-2026 00:33:47 UTC] Check status para job_id: pdf_6976b630e05c21.54408685
[26-Jan-2026 00:33:50 UTC] Check status para job_id: pdf_6976b630e05c21.54408685
[26-Jan-2026 00:33:53 UTC] Check status para job_id: pdf_6976b630e05c21.54408685
[26-Jan-2026 00:33:56 UTC] Check status para job_id: pdf_6976b630e05c21.54408685
[26-Jan-2026 00:34:45 UTC] Check status para job_id: pdf_6976b630e05c21.54408685
[26-Jan-2026 00:35:45 UTC] Check status para job_id: pdf_6976b630e05c21.54408685
[26-Jan-2026 00:36:28 UTC] Check status para job_id: pdf_6976b630e05c21.54408685
[26-Jan-2026 00:36:38 UTC] Check status para job_id: pdf_6976b71350a0f8.12289165
[26-Jan-2026 00:36:41 UTC] Check status para job_id: pdf_6976b71350a0f8.12289165
[26-Jan-2026 00:36:44 UTC] Check status para job_id: pdf_6976b71350a0f8.12289165
[26-Jan-2026 00:36:48 UTC] Check status para job_id: pdf_6976b71350a0f8.12289165
[26-Jan-2026 00:36:51 UTC] Check status para job_id: pdf_6976b71350a0f8.12289165
[26-Jan-2026 00:36:54 UTC] Check status para job_id: pdf_6976b71350a0f8.12289165
[26-Jan-2026 00:36:57 UTC] Check status para job_id: pdf_6976b71350a0f8.12289165
[26-Jan-2026 00:37:00 UTC] Check status para job_id: pdf_6976b71350a0f8.12289165
[26-Jan-2026 00:37:18 UTC] Check status para job_id: pdf_6976b71350a0f8.12289165
[26-Jan-2026 00:37:18 UTC] Check status para job_id: pdf_6976b71350a0f8.12289165
[26-Jan-2026 00:37:18 UTC] Check status para job_id: pdf_6976b71350a0f8.12289165
[26-Jan-2026 00:37:18 UTC] Check status para job_id: pdf_6976b71350a0f8.12289165
[26-Jan-2026 00:37:18 UTC] Check status para job_id: pdf_6976b71350a0f8.12289165
[26-Jan-2026 00:37:18 UTC] Check status para job_id: pdf_6976b71350a0f8.12289165
[26-Jan-2026 00:37:21 UTC] Check status para job_id: pdf_6976b71350a0f8.12289165
[26-Jan-2026 00:37:24 UTC] Check status para job_id: pdf_6976b71350a0f8.12289165
[26-Jan-2026 00:37:27 UTC] Check status para job_id: pdf_6976b71350a0f8.12289165
[26-Jan-2026 00:37:30 UTC] Check status para job_id: pdf_6976b71350a0f8.12289165
[26-Jan-2026 00:37:33 UTC] Check status para job_id: pdf_6976b71350a0f8.12289165
[26-Jan-2026 00:37:36 UTC] Check status para job_id: pdf_6976b71350a0f8.12289165
[26-Jan-2026 00:37:39 UTC] Check status para job_id: pdf_6976b71350a0f8.12289165
[26-Jan-2026 00:37:42 UTC] Check status para job_id: pdf_6976b71350a0f8.12289165
[26-Jan-2026 00:37:45 UTC] Check status para job_id: pdf_6976b71350a0f8.12289165
[26-Jan-2026 00:38:36 UTC] Check status para job_id: pdf_6976b71350a0f8.12289165
[26-Jan-2026 00:38:47 UTC] Check status para job_id: pdf_6976b793434225.24168253
[26-Jan-2026 00:38:50 UTC] Check status para job_id: pdf_6976b793434225.24168253
[26-Jan-2026 00:38:53 UTC] Check status para job_id: pdf_6976b793434225.24168253
[26-Jan-2026 00:38:56 UTC] Check status para job_id: pdf_6976b793434225.24168253
[26-Jan-2026 00:38:59 UTC] Check status para job_id: pdf_6976b793434225.24168253
[26-Jan-2026 00:39:02 UTC] Check status para job_id: pdf_6976b793434225.24168253
[26-Jan-2026 00:39:05 UTC] Check status para job_id: pdf_6976b793434225.24168253
[26-Jan-2026 00:39:08 UTC] Check status para job_id: pdf_6976b793434225.24168253
[26-Jan-2026 00:39:11 UTC] Check status para job_id: pdf_6976b793434225.24168253
[26-Jan-2026 00:39:14 UTC] Check status para job_id: pdf_6976b793434225.24168253
[26-Jan-2026 00:39:17 UTC] Check status para job_id: pdf_6976b793434225.24168253
[26-Jan-2026 00:39:20 UTC] Check status para job_id: pdf_6976b793434225.24168253
[26-Jan-2026 00:39:23 UTC] Check status para job_id: pdf_6976b793434225.24168253
[26-Jan-2026 00:39:26 UTC] Check status para job_id: pdf_6976b793434225.24168253
[26-Jan-2026 00:39:29 UTC] Check status para job_id: pdf_6976b793434225.24168253
[26-Jan-2026 00:39:32 UTC] Check status para job_id: pdf_6976b793434225.24168253
[26-Jan-2026 00:39:35 UTC] Check status para job_id: pdf_6976b793434225.24168253
[26-Jan-2026 00:39:38 UTC] Check status para job_id: pdf_6976b793434225.24168253
[26-Jan-2026 00:39:41 UTC] Check status para job_id: pdf_6976b793434225.24168253
[26-Jan-2026 00:39:45 UTC] Check status para job_id: pdf_6976b793434225.24168253
[26-Jan-2026 00:40:45 UTC] Check status para job_id: pdf_6976b793434225.24168253
[26-Jan-2026 00:41:45 UTC] Check status para job_id: pdf_6976b793434225.24168253
[26-Jan-2026 00:42:45 UTC] Check status para job_id: pdf_6976b793434225.24168253
[26-Jan-2026 00:43:45 UTC] Check status para job_id: pdf_6976b793434225.24168253
[26-Jan-2026 00:44:45 UTC] Check status para job_id: pdf_6976b793434225.24168253
[26-Jan-2026 00:45:45 UTC] Check status para job_id: pdf_6976b793434225.24168253
[26-Jan-2026 00:46:45 UTC] Check status para job_id: pdf_6976b793434225.24168253
[26-Jan-2026 00:46:50 UTC] Check status para job_id: pdf_6976b793434225.24168253
[26-Jan-2026 00:46:53 UTC] Check status para job_id: pdf_6976b793434225.24168253
[26-Jan-2026 00:46:56 UTC] Check status para job_id: pdf_6976b793434225.24168253
[26-Jan-2026 00:46:59 UTC] Check status para job_id: pdf_6976b793434225.24168253
[26-Jan-2026 00:47:02 UTC] Check status para job_id: pdf_6976b793434225.24168253
[26-Jan-2026 00:47:05 UTC] Check status para job_id: pdf_6976b793434225.24168253
[26-Jan-2026 00:47:08 UTC] Check status para job_id: pdf_6976b793434225.24168253
[26-Jan-2026 00:47:11 UTC] Check status para job_id: pdf_6976b793434225.24168253
[26-Jan-2026 00:47:14 UTC] Check status para job_id: pdf_6976b793434225.24168253
[26-Jan-2026 00:47:17 UTC] Check status para job_id: pdf_6976b793434225.24168253
[26-Jan-2026 00:47:20 UTC] Check status para job_id: pdf_6976b793434225.24168253
[26-Jan-2026 00:47:23 UTC] Check status para job_id: pdf_6976b793434225.24168253
[26-Jan-2026 00:47:26 UTC] Check status para job_id: pdf_6976b793434225.24168253
[26-Jan-2026 00:47:29 UTC] Check status para job_id: pdf_6976b793434225.24168253
[26-Jan-2026 00:47:32 UTC] Check status para job_id: pdf_6976b793434225.24168253
[26-Jan-2026 00:47:35 UTC] Check status para job_id: pdf_6976b793434225.24168253
[26-Jan-2026 00:47:38 UTC] Check status para job_id: pdf_6976b793434225.24168253
[26-Jan-2026 00:47:41 UTC] Check status para job_id: pdf_6976b793434225.24168253
[26-Jan-2026 00:47:44 UTC] Check status para job_id: pdf_6976b793434225.24168253
[26-Jan-2026 00:47:47 UTC] Check status para job_id: pdf_6976b793434225.24168253
[26-Jan-2026 00:47:50 UTC] Check status para job_id: pdf_6976b793434225.24168253
[26-Jan-2026 00:48:45 UTC] Check status para job_id: pdf_6976b793434225.24168253
[26-Jan-2026 00:48:45 UTC] Timeout para job: pdf_6976b793434225.24168253
[26-Jan-2026 00:52:08 UTC] Check status para job_id: pdf_6976bab409a069.49655144
[26-Jan-2026 00:52:11 UTC] Check status para job_id: pdf_6976bab409a069.49655144
[26-Jan-2026 00:52:14 UTC] Check status para job_id: pdf_6976bab409a069.49655144
[26-Jan-2026 00:52:17 UTC] Check status para job_id: pdf_6976bab409a069.49655144
[26-Jan-2026 00:52:20 UTC] Check status para job_id: pdf_6976bab409a069.49655144
[26-Jan-2026 00:52:23 UTC] Check status para job_id: pdf_6976bab409a069.49655144
[26-Jan-2026 00:52:26 UTC] Check status para job_id: pdf_6976bab409a069.49655144
[26-Jan-2026 00:52:29 UTC] Check status para job_id: pdf_6976bab409a069.49655144
[26-Jan-2026 00:52:32 UTC] Check status para job_id: pdf_6976bab409a069.49655144
[26-Jan-2026 00:52:35 UTC] Check status para job_id: pdf_6976bab409a069.49655144
[26-Jan-2026 00:52:38 UTC] Check status para job_id: pdf_6976bab409a069.49655144
[26-Jan-2026 00:52:41 UTC] Check status para job_id: pdf_6976bab409a069.49655144
[26-Jan-2026 00:52:44 UTC] Check status para job_id: pdf_6976bab409a069.49655144
[26-Jan-2026 00:52:47 UTC] Check status para job_id: pdf_6976bab409a069.49655144
[26-Jan-2026 00:52:50 UTC] Check status para job_id: pdf_6976bab409a069.49655144
[26-Jan-2026 00:52:53 UTC] Check status para job_id: pdf_6976bab409a069.49655144
[26-Jan-2026 00:52:56 UTC] Check status para job_id: pdf_6976bab409a069.49655144
[26-Jan-2026 00:52:59 UTC] Check status para job_id: pdf_6976bab409a069.49655144
[26-Jan-2026 00:53:02 UTC] Check status para job_id: pdf_6976bab409a069.49655144
[26-Jan-2026 00:53:45 UTC] Check status para job_id: pdf_6976bab409a069.49655144
[26-Jan-2026 00:54:45 UTC] Check status para job_id: pdf_6976bab409a069.49655144
[26-Jan-2026 00:55:45 UTC] Check status para job_id: pdf_6976bab409a069.49655144
[26-Jan-2026 00:56:45 UTC] Check status para job_id: pdf_6976bab409a069.49655144
[26-Jan-2026 00:57:45 UTC] Check status para job_id: pdf_6976bab409a069.49655144
[26-Jan-2026 00:57:57 UTC] Check status para job_id: pdf_6976bab409a069.49655144
[26-Jan-2026 00:57:59 UTC] Check status para job_id: pdf_6976bab409a069.49655144
[26-Jan-2026 00:58:02 UTC] Check status para job_id: pdf_6976bab409a069.49655144
[26-Jan-2026 00:58:05 UTC] Check status para job_id: pdf_6976bab409a069.49655144
[26-Jan-2026 00:58:17 UTC] Check status para job_id: pdf_6976bc252d1a63.22954972
[26-Jan-2026 00:58:49 UTC] Check status para job_id: pdf_6976bc252d1a63.22954972
[26-Jan-2026 00:58:49 UTC] Check status para job_id: pdf_6976bc252d1a63.22954972
[26-Jan-2026 00:58:50 UTC] Check status para job_id: pdf_6976bc252d1a63.22954972
[26-Jan-2026 00:58:50 UTC] Check status para job_id: pdf_6976bc252d1a63.22954972
[26-Jan-2026 00:58:50 UTC] Check status para job_id: pdf_6976bc252d1a63.22954972
[26-Jan-2026 00:58:50 UTC] Check status para job_id: pdf_6976bc252d1a63.22954972
[26-Jan-2026 00:58:50 UTC] Check status para job_id: pdf_6976bc252d1a63.22954972
[26-Jan-2026 00:58:51 UTC] Check status para job_id: pdf_6976bc252d1a63.22954972
[26-Jan-2026 00:58:53 UTC] Check status para job_id: pdf_6976bc252d1a63.22954972
[26-Jan-2026 00:58:56 UTC] Check status para job_id: pdf_6976bc252d1a63.22954972
[26-Jan-2026 00:58:59 UTC] Check status para job_id: pdf_6976bc252d1a63.22954972
[26-Jan-2026 00:59:02 UTC] Check status para job_id: pdf_6976bc252d1a63.22954972
[26-Jan-2026 00:59:05 UTC] Check status para job_id: pdf_6976bc252d1a63.22954972
[26-Jan-2026 00:59:08 UTC] Check status para job_id: pdf_6976bc252d1a63.22954972
[26-Jan-2026 00:59:11 UTC] Check status para job_id: pdf_6976bc252d1a63.22954972
[26-Jan-2026 00:59:14 UTC] Check status para job_id: pdf_6976bc252d1a63.22954972
[26-Jan-2026 00:59:45 UTC] Check status para job_id: pdf_6976bc252d1a63.22954972
[26-Jan-2026 01:00:45 UTC] Check status para job_id: pdf_6976bc252d1a63.22954972
[26-Jan-2026 01:01:45 UTC] Check status para job_id: pdf_6976bc252d1a63.22954972
[26-Jan-2026 01:02:45 UTC] Check status para job_id: pdf_6976bc252d1a63.22954972
[26-Jan-2026 01:03:36 UTC] Check status para job_id: pdf_6976bc252d1a63.22954972
[26-Jan-2026 01:03:37 UTC] Check status para job_id: pdf_6976bc252d1a63.22954972
[26-Jan-2026 01:04:47 UTC] Check status para job_id: pdf_6976bda535a9d3.33426583
[26-Jan-2026 01:04:47 UTC] Check status para job_id: pdf_6976bda535a9d3.33426583
[26-Jan-2026 01:04:47 UTC] Check status para job_id: pdf_6976bda535a9d3.33426583
[26-Jan-2026 01:04:49 UTC] Check status para job_id: pdf_6976bda535a9d3.33426583
[26-Jan-2026 01:04:53 UTC] Check status para job_id: pdf_6976bda535a9d3.33426583
[26-Jan-2026 01:04:56 UTC] Check status para job_id: pdf_6976bda535a9d3.33426583
[26-Jan-2026 01:04:59 UTC] Check status para job_id: pdf_6976bda535a9d3.33426583
[26-Jan-2026 01:05:02 UTC] Check status para job_id: pdf_6976bda535a9d3.33426583
[26-Jan-2026 01:05:05 UTC] Check status para job_id: pdf_6976bda535a9d3.33426583
[26-Jan-2026 01:05:08 UTC] Check status para job_id: pdf_6976bda535a9d3.33426583
[26-Jan-2026 01:05:11 UTC] Check status para job_id: pdf_6976bda535a9d3.33426583
[26-Jan-2026 01:05:14 UTC] Check status para job_id: pdf_6976bda535a9d3.33426583
[26-Jan-2026 01:05:17 UTC] Check status para job_id: pdf_6976bda535a9d3.33426583
[26-Jan-2026 01:05:20 UTC] Check status para job_id: pdf_6976bda535a9d3.33426583
[26-Jan-2026 01:05:23 UTC] Check status para job_id: pdf_6976bda535a9d3.33426583
[26-Jan-2026 01:05:26 UTC] Check status para job_id: pdf_6976bda535a9d3.33426583
[26-Jan-2026 01:05:29 UTC] Check status para job_id: pdf_6976bda535a9d3.33426583
[26-Jan-2026 01:05:32 UTC] Check status para job_id: pdf_6976bda535a9d3.33426583
[26-Jan-2026 01:05:35 UTC] Check status para job_id: pdf_6976bda535a9d3.33426583
[26-Jan-2026 01:05:38 UTC] Check status para job_id: pdf_6976bda535a9d3.33426583
[26-Jan-2026 01:05:41 UTC] Check status para job_id: pdf_6976bda535a9d3.33426583
[26-Jan-2026 01:05:44 UTC] Check status para job_id: pdf_6976bda535a9d3.33426583
[26-Jan-2026 01:05:47 UTC] Check status para job_id: pdf_6976bda535a9d3.33426583
[26-Jan-2026 01:05:50 UTC] Check status para job_id: pdf_6976bda535a9d3.33426583
[26-Jan-2026 01:06:45 UTC] Check status para job_id: pdf_6976bda535a9d3.33426583
[26-Jan-2026 01:22:16 UTC] Check status para job_id: pdf_6976c1c38c04a0.81891101
[26-Jan-2026 01:22:19 UTC] Check status para job_id: pdf_6976c1c38c04a0.81891101
[26-Jan-2026 01:22:22 UTC] Check status para job_id: pdf_6976c1c38c04a0.81891101
[26-Jan-2026 01:22:25 UTC] Check status para job_id: pdf_6976c1c38c04a0.81891101
[26-Jan-2026 01:22:28 UTC] Check status para job_id: pdf_6976c1c38c04a0.81891101
[26-Jan-2026 01:22:31 UTC] Check status para job_id: pdf_6976c1c38c04a0.81891101
[26-Jan-2026 01:22:34 UTC] Check status para job_id: pdf_6976c1c38c04a0.81891101
[26-Jan-2026 01:22:37 UTC] Check status para job_id: pdf_6976c1c38c04a0.81891101
[26-Jan-2026 01:22:40 UTC] Check status para job_id: pdf_6976c1c38c04a0.81891101
[26-Jan-2026 01:22:43 UTC] Check status para job_id: pdf_6976c1c38c04a0.81891101
[26-Jan-2026 01:22:46 UTC] Check status para job_id: pdf_6976c1c38c04a0.81891101
[26-Jan-2026 01:22:49 UTC] Check status para job_id: pdf_6976c1c38c04a0.81891101
[26-Jan-2026 01:22:52 UTC] Check status para job_id: pdf_6976c1c38c04a0.81891101
[26-Jan-2026 01:22:55 UTC] Check status para job_id: pdf_6976c1c38c04a0.81891101
[26-Jan-2026 01:22:58 UTC] Check status para job_id: pdf_6976c1c38c04a0.81891101
[26-Jan-2026 01:23:01 UTC] Check status para job_id: pdf_6976c1c38c04a0.81891101
[26-Jan-2026 01:23:04 UTC] Check status para job_id: pdf_6976c1c38c04a0.81891101
[26-Jan-2026 01:23:07 UTC] Check status para job_id: pdf_6976c1c38c04a0.81891101
[26-Jan-2026 01:23:10 UTC] Check status para job_id: pdf_6976c1c38c04a0.81891101
[26-Jan-2026 01:23:13 UTC] Check status para job_id: pdf_6976c1c38c04a0.81891101
[26-Jan-2026 01:23:16 UTC] Check status para job_id: pdf_6976c1c38c04a0.81891101
[26-Jan-2026 01:23:19 UTC] Check status para job_id: pdf_6976c1c38c04a0.81891101
[26-Jan-2026 01:23:22 UTC] Check status para job_id: pdf_6976c1c38c04a0.81891101
[26-Jan-2026 01:23:25 UTC] Check status para job_id: pdf_6976c1c38c04a0.81891101
[26-Jan-2026 01:23:28 UTC] Check status para job_id: pdf_6976c1c38c04a0.81891101
[26-Jan-2026 01:23:45 UTC] Check status para job_id: pdf_6976c1c38c04a0.81891101
[26-Jan-2026 01:24:45 UTC] Check status para job_id: pdf_6976c1c38c04a0.81891101
[26-Jan-2026 01:25:03 UTC] Check status para job_id: pdf_6976c1c38c04a0.81891101
[26-Jan-2026 01:25:03 UTC] Check status para job_id: pdf_6976c1c38c04a0.81891101
[26-Jan-2026 01:25:32 UTC] Check status para job_id: pdf_6976c2878c7155.75096381
[26-Jan-2026 01:25:35 UTC] Check status para job_id: pdf_6976c2878c7155.75096381
[26-Jan-2026 01:25:38 UTC] Check status para job_id: pdf_6976c2878c7155.75096381
[26-Jan-2026 01:25:41 UTC] Check status para job_id: pdf_6976c2878c7155.75096381
[26-Jan-2026 01:25:44 UTC] Check status para job_id: pdf_6976c2878c7155.75096381
[26-Jan-2026 01:25:47 UTC] Check status para job_id: pdf_6976c2878c7155.75096381
[26-Jan-2026 01:25:50 UTC] Check status para job_id: pdf_6976c2878c7155.75096381
[26-Jan-2026 01:25:53 UTC] Check status para job_id: pdf_6976c2878c7155.75096381
[26-Jan-2026 01:25:56 UTC] Check status para job_id: pdf_6976c2878c7155.75096381
[26-Jan-2026 01:25:59 UTC] Check status para job_id: pdf_6976c2878c7155.75096381
[26-Jan-2026 01:26:02 UTC] Check status para job_id: pdf_6976c2878c7155.75096381
[26-Jan-2026 01:26:05 UTC] Check status para job_id: pdf_6976c2878c7155.75096381
[26-Jan-2026 01:26:08 UTC] Check status para job_id: pdf_6976c2878c7155.75096381
[26-Jan-2026 01:26:11 UTC] Check status para job_id: pdf_6976c2878c7155.75096381
[26-Jan-2026 01:26:14 UTC] Check status para job_id: pdf_6976c2878c7155.75096381
[26-Jan-2026 01:26:17 UTC] Check status para job_id: pdf_6976c2878c7155.75096381
[26-Jan-2026 01:26:20 UTC] Check status para job_id: pdf_6976c2878c7155.75096381
[26-Jan-2026 01:26:23 UTC] Check status para job_id: pdf_6976c2878c7155.75096381
[26-Jan-2026 01:26:26 UTC] Check status para job_id: pdf_6976c2878c7155.75096381
[26-Jan-2026 01:26:29 UTC] Check status para job_id: pdf_6976c2878c7155.75096381
[26-Jan-2026 01:26:32 UTC] Check status para job_id: pdf_6976c2878c7155.75096381
[26-Jan-2026 01:26:35 UTC] Check status para job_id: pdf_6976c2878c7155.75096381
[26-Jan-2026 01:26:38 UTC] Check status para job_id: pdf_6976c2878c7155.75096381
[26-Jan-2026 01:26:41 UTC] Check status para job_id: pdf_6976c2878c7155.75096381
[26-Jan-2026 01:26:44 UTC] Check status para job_id: pdf_6976c2878c7155.75096381
[26-Jan-2026 01:26:47 UTC] Check status para job_id: pdf_6976c2878c7155.75096381
[26-Jan-2026 01:26:50 UTC] Check status para job_id: pdf_6976c2878c7155.75096381
[26-Jan-2026 01:26:53 UTC] Check status para job_id: pdf_6976c2878c7155.75096381
[26-Jan-2026 01:26:56 UTC] Check status para job_id: pdf_6976c2878c7155.75096381
[26-Jan-2026 01:26:59 UTC] Check status para job_id: pdf_6976c2878c7155.75096381
[26-Jan-2026 01:27:02 UTC] Check status para job_id: pdf_6976c2878c7155.75096381
[26-Jan-2026 01:27:05 UTC] Check status para job_id: pdf_6976c2878c7155.75096381
[26-Jan-2026 01:27:08 UTC] Check status para job_id: pdf_6976c2878c7155.75096381
[26-Jan-2026 01:27:11 UTC] Check status para job_id: pdf_6976c2878c7155.75096381
[26-Jan-2026 01:27:14 UTC] Check status para job_id: pdf_6976c2878c7155.75096381
[26-Jan-2026 01:27:17 UTC] Check status para job_id: pdf_6976c2878c7155.75096381
[26-Jan-2026 01:27:20 UTC] Check status para job_id: pdf_6976c2878c7155.75096381
[26-Jan-2026 01:27:23 UTC] Check status para job_id: pdf_6976c2878c7155.75096381
[26-Jan-2026 01:27:26 UTC] Check status para job_id: pdf_6976c2878c7155.75096381
[26-Jan-2026 01:27:29 UTC] Check status para job_id: pdf_6976c2878c7155.75096381
[26-Jan-2026 01:27:32 UTC] Check status para job_id: pdf_6976c2878c7155.75096381
[26-Jan-2026 01:27:35 UTC] Check status para job_id: pdf_6976c2878c7155.75096381
[26-Jan-2026 01:27:38 UTC] Check status para job_id: pdf_6976c2878c7155.75096381
[26-Jan-2026 01:27:41 UTC] Check status para job_id: pdf_6976c2878c7155.75096381
[26-Jan-2026 01:27:44 UTC] Check status para job_id: pdf_6976c2878c7155.75096381
[26-Jan-2026 01:27:47 UTC] Check status para job_id: pdf_6976c2878c7155.75096381
[26-Jan-2026 01:27:50 UTC] Check status para job_id: pdf_6976c2878c7155.75096381
[26-Jan-2026 01:27:53 UTC] Check status para job_id: pdf_6976c2878c7155.75096381
[26-Jan-2026 01:27:56 UTC] Check status para job_id: pdf_6976c2878c7155.75096381
[26-Jan-2026 01:27:59 UTC] Check status para job_id: pdf_6976c2878c7155.75096381
[26-Jan-2026 01:28:02 UTC] Check status para job_id: pdf_6976c2878c7155.75096381
[26-Jan-2026 01:28:05 UTC] Check status para job_id: pdf_6976c2878c7155.75096381
[26-Jan-2026 01:28:08 UTC] Check status para job_id: pdf_6976c2878c7155.75096381
[26-Jan-2026 01:28:11 UTC] Check status para job_id: pdf_6976c2878c7155.75096381
[26-Jan-2026 01:28:18 UTC] Check status para job_id: pdf_6976c2878c7155.75096381
[26-Jan-2026 01:28:18 UTC] Check status para job_id: pdf_6976c2878c7155.75096381
[26-Jan-2026 01:28:20 UTC] Check status para job_id: pdf_6976c2878c7155.75096381
[26-Jan-2026 01:28:23 UTC] Check status para job_id: pdf_6976c2878c7155.75096381
[26-Jan-2026 01:28:26 UTC] Check status para job_id: pdf_6976c2878c7155.75096381
[26-Jan-2026 01:28:29 UTC] Check status para job_id: pdf_6976c2878c7155.75096381
[26-Jan-2026 01:28:32 UTC] Check status para job_id: pdf_6976c2878c7155.75096381
[26-Jan-2026 01:28:35 UTC] Check status para job_id: pdf_6976c2878c7155.75096381
[26-Jan-2026 01:28:38 UTC] Check status para job_id: pdf_6976c2878c7155.75096381
[26-Jan-2026 01:28:41 UTC] Check status para job_id: pdf_6976c2878c7155.75096381
[26-Jan-2026 01:28:44 UTC] Check status para job_id: pdf_6976c2878c7155.75096381
[26-Jan-2026 01:28:46 UTC] Check status para job_id: pdf_6976c2878c7155.75096381
[26-Jan-2026 01:33:07 UTC] Check status para job_id: pdf_6976c44f9230c4.73254951
[26-Jan-2026 01:33:10 UTC] Check status para job_id: pdf_6976c44f9230c4.73254951
[26-Jan-2026 01:33:53 UTC] Check status para job_id: pdf_6976c47d562b72.82731613
[26-Jan-2026 01:33:56 UTC] Check status para job_id: pdf_6976c47d562b72.82731613
[26-Jan-2026 01:33:59 UTC] Check status para job_id: pdf_6976c47d562b72.82731613
[26-Jan-2026 01:34:02 UTC] Check status para job_id: pdf_6976c47d562b72.82731613
[26-Jan-2026 01:34:04 UTC] Check status para job_id: pdf_6976c47d562b72.82731613
[26-Jan-2026 01:34:08 UTC] Check status para job_id: pdf_6976c47d562b72.82731613
[26-Jan-2026 01:34:11 UTC] Check status para job_id: pdf_6976c47d562b72.82731613
[26-Jan-2026 01:34:14 UTC] Check status para job_id: pdf_6976c47d562b72.82731613
[26-Jan-2026 01:34:17 UTC] Check status para job_id: pdf_6976c47d562b72.82731613
[26-Jan-2026 01:34:20 UTC] Check status para job_id: pdf_6976c47d562b72.82731613
[26-Jan-2026 01:34:23 UTC] Check status para job_id: pdf_6976c47d562b72.82731613
[26-Jan-2026 01:34:26 UTC] Check status para job_id: pdf_6976c47d562b72.82731613
[26-Jan-2026 01:34:29 UTC] Check status para job_id: pdf_6976c47d562b72.82731613
[26-Jan-2026 01:34:32 UTC] Check status para job_id: pdf_6976c47d562b72.82731613
[26-Jan-2026 01:34:35 UTC] Check status para job_id: pdf_6976c47d562b72.82731613
[26-Jan-2026 01:34:38 UTC] Check status para job_id: pdf_6976c47d562b72.82731613
[26-Jan-2026 01:34:41 UTC] Check status para job_id: pdf_6976c47d562b72.82731613
[26-Jan-2026 01:34:44 UTC] Check status para job_id: pdf_6976c47d562b72.82731613
[26-Jan-2026 01:34:47 UTC] Check status para job_id: pdf_6976c47d562b72.82731613
[26-Jan-2026 01:34:50 UTC] Check status para job_id: pdf_6976c47d562b72.82731613
[26-Jan-2026 01:34:53 UTC] Check status para job_id: pdf_6976c47d562b72.82731613
[26-Jan-2026 01:34:56 UTC] Check status para job_id: pdf_6976c47d562b72.82731613
[26-Jan-2026 01:34:59 UTC] Check status para job_id: pdf_6976c47d562b72.82731613
[26-Jan-2026 01:35:02 UTC] Check status para job_id: pdf_6976c47d562b72.82731613
[26-Jan-2026 01:35:45 UTC] Check status para job_id: pdf_6976c47d562b72.82731613
[26-Jan-2026 01:36:45 UTC] Check status para job_id: pdf_6976c47d562b72.82731613
[26-Jan-2026 01:37:45 UTC] Check status para job_id: pdf_6976c47d562b72.82731613
[26-Jan-2026 01:38:46 UTC] Check status para job_id: pdf_6976c47d562b72.82731613
[26-Jan-2026 01:39:18 UTC] Check status para job_id: pdf_6976c47d562b72.82731613
[26-Jan-2026 01:43:52 UTC] Check status para job_id: pdf_6976c6d40ab8b7.54936340
[26-Jan-2026 01:43:54 UTC] Check status para job_id: pdf_6976c6d40ab8b7.54936340
[26-Jan-2026 01:43:58 UTC] Check status para job_id: pdf_6976c6d40ab8b7.54936340
[26-Jan-2026 01:44:01 UTC] Check status para job_id: pdf_6976c6d40ab8b7.54936340
[26-Jan-2026 01:44:04 UTC] Check status para job_id: pdf_6976c6d40ab8b7.54936340
[26-Jan-2026 01:44:07 UTC] Check status para job_id: pdf_6976c6d40ab8b7.54936340
[26-Jan-2026 01:44:10 UTC] Check status para job_id: pdf_6976c6d40ab8b7.54936340
[26-Jan-2026 01:44:12 UTC] Check status para job_id: pdf_6976c6d40ab8b7.54936340
[26-Jan-2026 01:44:59 UTC] Check status para job_id: pdf_6976c71809d5f4.84480148
[26-Jan-2026 01:45:03 UTC] Check status para job_id: pdf_6976c71809d5f4.84480148
[26-Jan-2026 01:45:06 UTC] Check status para job_id: pdf_6976c71809d5f4.84480148
[26-Jan-2026 01:45:09 UTC] Check status para job_id: pdf_6976c71809d5f4.84480148
[26-Jan-2026 01:45:12 UTC] Check status para job_id: pdf_6976c71809d5f4.84480148
[26-Jan-2026 01:45:15 UTC] Check status para job_id: pdf_6976c71809d5f4.84480148
[26-Jan-2026 01:45:18 UTC] Check status para job_id: pdf_6976c71809d5f4.84480148
[26-Jan-2026 01:45:21 UTC] Check status para job_id: pdf_6976c71809d5f4.84480148
[26-Jan-2026 01:45:24 UTC] Check status para job_id: pdf_6976c71809d5f4.84480148
[26-Jan-2026 01:45:27 UTC] Check status para job_id: pdf_6976c71809d5f4.84480148
[26-Jan-2026 01:45:30 UTC] Check status para job_id: pdf_6976c71809d5f4.84480148
[26-Jan-2026 01:45:33 UTC] Check status para job_id: pdf_6976c71809d5f4.84480148
[26-Jan-2026 01:45:36 UTC] Check status para job_id: pdf_6976c71809d5f4.84480148
[26-Jan-2026 01:45:39 UTC] Check status para job_id: pdf_6976c71809d5f4.84480148
[26-Jan-2026 01:45:42 UTC] Check status para job_id: pdf_6976c71809d5f4.84480148
[26-Jan-2026 01:45:45 UTC] Check status para job_id: pdf_6976c71809d5f4.84480148
[26-Jan-2026 01:45:48 UTC] Check status para job_id: pdf_6976c71809d5f4.84480148
[26-Jan-2026 01:45:51 UTC] Check status para job_id: pdf_6976c71809d5f4.84480148
[26-Jan-2026 01:45:54 UTC] Check status para job_id: pdf_6976c71809d5f4.84480148
[26-Jan-2026 01:45:57 UTC] Check status para job_id: pdf_6976c71809d5f4.84480148
[26-Jan-2026 01:46:00 UTC] Check status para job_id: pdf_6976c71809d5f4.84480148
[26-Jan-2026 01:46:03 UTC] Check status para job_id: pdf_6976c71809d5f4.84480148
[26-Jan-2026 01:46:06 UTC] Check status para job_id: pdf_6976c71809d5f4.84480148
[26-Jan-2026 01:46:45 UTC] Check status para job_id: pdf_6976c71809d5f4.84480148
[26-Jan-2026 01:47:26 UTC] Check status para job_id: pdf_6976c71809d5f4.84480148
[26-Jan-2026 01:47:26 UTC] Check status para job_id: pdf_6976c71809d5f4.84480148
[26-Jan-2026 01:47:37 UTC] Check status para job_id: pdf_6976c7b5699228.76451738
[26-Jan-2026 01:47:40 UTC] Check status para job_id: pdf_6976c7b5699228.76451738
[26-Jan-2026 01:47:43 UTC] Check status para job_id: pdf_6976c7b5699228.76451738
[26-Jan-2026 01:47:46 UTC] Check status para job_id: pdf_6976c7b5699228.76451738
[26-Jan-2026 01:47:49 UTC] Check status para job_id: pdf_6976c7b5699228.76451738
[26-Jan-2026 01:47:52 UTC] Check status para job_id: pdf_6976c7b5699228.76451738
[26-Jan-2026 01:47:55 UTC] Check status para job_id: pdf_6976c7b5699228.76451738
[26-Jan-2026 01:47:58 UTC] Check status para job_id: pdf_6976c7b5699228.76451738
[26-Jan-2026 01:48:01 UTC] Check status para job_id: pdf_6976c7b5699228.76451738
[26-Jan-2026 01:48:04 UTC] Check status para job_id: pdf_6976c7b5699228.76451738
[26-Jan-2026 01:48:07 UTC] Check status para job_id: pdf_6976c7b5699228.76451738
[26-Jan-2026 01:48:10 UTC] Check status para job_id: pdf_6976c7b5699228.76451738
[26-Jan-2026 01:48:13 UTC] Check status para job_id: pdf_6976c7b5699228.76451738
[26-Jan-2026 01:48:16 UTC] Check status para job_id: pdf_6976c7b5699228.76451738
[26-Jan-2026 01:48:19 UTC] Check status para job_id: pdf_6976c7b5699228.76451738
[26-Jan-2026 01:48:22 UTC] Check status para job_id: pdf_6976c7b5699228.76451738
[26-Jan-2026 01:48:25 UTC] Check status para job_id: pdf_6976c7b5699228.76451738
[26-Jan-2026 01:48:28 UTC] Check status para job_id: pdf_6976c7b5699228.76451738
[26-Jan-2026 01:48:31 UTC] Check status para job_id: pdf_6976c7b5699228.76451738
[26-Jan-2026 01:48:34 UTC] Check status para job_id: pdf_6976c7b5699228.76451738
[26-Jan-2026 01:48:37 UTC] Check status para job_id: pdf_6976c7b5699228.76451738
[26-Jan-2026 01:48:40 UTC] Check status para job_id: pdf_6976c7b5699228.76451738
[26-Jan-2026 01:48:43 UTC] Check status para job_id: pdf_6976c7b5699228.76451738
[26-Jan-2026 01:48:46 UTC] Check status para job_id: pdf_6976c7b5699228.76451738
[26-Jan-2026 01:48:49 UTC] Check status para job_id: pdf_6976c7b5699228.76451738
[26-Jan-2026 01:48:52 UTC] Check status para job_id: pdf_6976c7b5699228.76451738
[26-Jan-2026 01:48:55 UTC] Check status para job_id: pdf_6976c7b5699228.76451738
[26-Jan-2026 01:48:58 UTC] Check status para job_id: pdf_6976c7b5699228.76451738
[26-Jan-2026 01:49:01 UTC] Check status para job_id: pdf_6976c7b5699228.76451738
[26-Jan-2026 01:49:04 UTC] Check status para job_id: pdf_6976c7b5699228.76451738
[26-Jan-2026 01:49:07 UTC] Check status para job_id: pdf_6976c7b5699228.76451738
[26-Jan-2026 01:49:10 UTC] Check status para job_id: pdf_6976c7b5699228.76451738
[26-Jan-2026 01:49:13 UTC] Check status para job_id: pdf_6976c7b5699228.76451738
[26-Jan-2026 01:49:16 UTC] Check status para job_id: pdf_6976c7b5699228.76451738
[26-Jan-2026 01:49:19 UTC] Check status para job_id: pdf_6976c7b5699228.76451738
[26-Jan-2026 01:49:45 UTC] Check status para job_id: pdf_6976c7b5699228.76451738
[26-Jan-2026 01:50:45 UTC] Check status para job_id: pdf_6976c7b5699228.76451738
[26-Jan-2026 01:50:56 UTC] Check status para job_id: pdf_6976c7b5699228.76451738
[26-Jan-2026 01:50:57 UTC] Check status para job_id: pdf_6976c7b5699228.76451738
[26-Jan-2026 01:51:07 UTC] Check status para job_id: pdf_6976c886d58b74.02855500
[26-Jan-2026 01:51:09 UTC] Check status para job_id: pdf_6976c886d58b74.02855500
[26-Jan-2026 01:51:12 UTC] Check status para job_id: pdf_6976c886d58b74.02855500
[26-Jan-2026 01:51:15 UTC] Check status para job_id: pdf_6976c886d58b74.02855500
[26-Jan-2026 01:51:19 UTC] Check status para job_id: pdf_6976c886d58b74.02855500
[26-Jan-2026 01:51:22 UTC] Check status para job_id: pdf_6976c886d58b74.02855500
[26-Jan-2026 01:51:25 UTC] Check status para job_id: pdf_6976c886d58b74.02855500
[26-Jan-2026 01:51:28 UTC] Check status para job_id: pdf_6976c886d58b74.02855500
[26-Jan-2026 01:51:30 UTC] Check status para job_id: pdf_6976c886d58b74.02855500
[26-Jan-2026 01:52:29 UTC] Check status para job_id: pdf_6976c8d3977365.14536980
[26-Jan-2026 01:52:29 UTC] Check status para job_id: pdf_6976c8d3977365.14536980
[26-Jan-2026 01:52:29 UTC] Check status para job_id: pdf_6976c8d3977365.14536980
[26-Jan-2026 01:52:32 UTC] Check status para job_id: pdf_6976c8d3977365.14536980
[26-Jan-2026 01:52:35 UTC] Check status para job_id: pdf_6976c8d3977365.14536980
[26-Jan-2026 01:52:38 UTC] Check status para job_id: pdf_6976c8d3977365.14536980
[26-Jan-2026 01:52:41 UTC] Check status para job_id: pdf_6976c8d3977365.14536980
[26-Jan-2026 01:52:44 UTC] Check status para job_id: pdf_6976c8d3977365.14536980
[26-Jan-2026 01:52:47 UTC] Check status para job_id: pdf_6976c8d3977365.14536980
[26-Jan-2026 01:52:50 UTC] Check status para job_id: pdf_6976c8d3977365.14536980
[26-Jan-2026 01:52:53 UTC] Check status para job_id: pdf_6976c8d3977365.14536980
[26-Jan-2026 01:52:56 UTC] Check status para job_id: pdf_6976c8d3977365.14536980
[26-Jan-2026 01:52:59 UTC] Check status para job_id: pdf_6976c8d3977365.14536980
[26-Jan-2026 01:53:02 UTC] Check status para job_id: pdf_6976c8d3977365.14536980
[26-Jan-2026 01:53:05 UTC] Check status para job_id: pdf_6976c8d3977365.14536980
[26-Jan-2026 01:53:08 UTC] Check status para job_id: pdf_6976c8d3977365.14536980
[26-Jan-2026 01:53:11 UTC] Check status para job_id: pdf_6976c8d3977365.14536980
[26-Jan-2026 01:53:14 UTC] Check status para job_id: pdf_6976c8d3977365.14536980
[26-Jan-2026 01:53:17 UTC] Check status para job_id: pdf_6976c8d3977365.14536980
[26-Jan-2026 01:53:20 UTC] Check status para job_id: pdf_6976c8d3977365.14536980
[26-Jan-2026 01:53:23 UTC] Check status para job_id: pdf_6976c8d3977365.14536980
[26-Jan-2026 01:53:26 UTC] Check status para job_id: pdf_6976c8d3977365.14536980
[26-Jan-2026 01:53:29 UTC] Check status para job_id: pdf_6976c8d3977365.14536980
[26-Jan-2026 01:53:32 UTC] Check status para job_id: pdf_6976c8d3977365.14536980
[26-Jan-2026 01:53:45 UTC] Check status para job_id: pdf_6976c8d3977365.14536980
[26-Jan-2026 01:54:45 UTC] Check status para job_id: pdf_6976c8d3977365.14536980
[26-Jan-2026 01:55:45 UTC] Check status para job_id: pdf_6976c8d3977365.14536980
[26-Jan-2026 01:56:45 UTC] Check status para job_id: pdf_6976c8d3977365.14536980
[26-Jan-2026 01:57:45 UTC] Check status para job_id: pdf_6976c8d3977365.14536980
[26-Jan-2026 01:58:45 UTC] Check status para job_id: pdf_6976c8d3977365.14536980
[26-Jan-2026 01:59:45 UTC] Check status para job_id: pdf_6976c8d3977365.14536980
[26-Jan-2026 02:00:34 UTC] Check status para job_id: pdf_6976c8d3977365.14536980
[26-Jan-2026 02:00:35 UTC] Check status para job_id: pdf_6976c8d3977365.14536980
[26-Jan-2026 02:00:52 UTC] Check status para job_id: pdf_6976cac9b0f059.56564147
[26-Jan-2026 02:00:52 UTC] Check status para job_id: pdf_6976cac9b0f059.56564147
[26-Jan-2026 02:00:53 UTC] Check status para job_id: pdf_6976cac9b0f059.56564147
[26-Jan-2026 02:00:55 UTC] Check status para job_id: pdf_6976cac9b0f059.56564147
[26-Jan-2026 02:00:58 UTC] Check status para job_id: pdf_6976cac9b0f059.56564147
[26-Jan-2026 02:01:01 UTC] Check status para job_id: pdf_6976cac9b0f059.56564147
[26-Jan-2026 02:01:04 UTC] Check status para job_id: pdf_6976cac9b0f059.56564147
[26-Jan-2026 02:01:07 UTC] Check status para job_id: pdf_6976cac9b0f059.56564147
[26-Jan-2026 02:01:10 UTC] Check status para job_id: pdf_6976cac9b0f059.56564147
[26-Jan-2026 02:01:13 UTC] Check status para job_id: pdf_6976cac9b0f059.56564147
[26-Jan-2026 02:01:16 UTC] Check status para job_id: pdf_6976cac9b0f059.56564147
[26-Jan-2026 02:01:19 UTC] Check status para job_id: pdf_6976cac9b0f059.56564147
[26-Jan-2026 02:01:22 UTC] Check status para job_id: pdf_6976cac9b0f059.56564147
[26-Jan-2026 02:01:25 UTC] Check status para job_id: pdf_6976cac9b0f059.56564147
[26-Jan-2026 02:01:28 UTC] Check status para job_id: pdf_6976cac9b0f059.56564147
[26-Jan-2026 02:01:31 UTC] Check status para job_id: pdf_6976cac9b0f059.56564147
[26-Jan-2026 02:01:34 UTC] Check status para job_id: pdf_6976cac9b0f059.56564147
[26-Jan-2026 02:01:37 UTC] Check status para job_id: pdf_6976cac9b0f059.56564147
[26-Jan-2026 02:01:40 UTC] Check status para job_id: pdf_6976cac9b0f059.56564147
[26-Jan-2026 02:01:45 UTC] Check status para job_id: pdf_6976cac9b0f059.56564147
[26-Jan-2026 02:02:45 UTC] Check status para job_id: pdf_6976cac9b0f059.56564147
[26-Jan-2026 02:03:45 UTC] Check status para job_id: pdf_6976cac9b0f059.56564147
[26-Jan-2026 02:04:15 UTC] Check status para job_id: pdf_6976cac9b0f059.56564147
[26-Jan-2026 02:06:58 UTC] Check status para job_id: pdf_6976cc3e908575.63257548
[26-Jan-2026 02:07:01 UTC] Check status para job_id: pdf_6976cc3e908575.63257548
[26-Jan-2026 02:07:04 UTC] Check status para job_id: pdf_6976cc3e908575.63257548
[26-Jan-2026 02:07:18 UTC] Check status para job_id: pdf_6976cc3e908575.63257548
[26-Jan-2026 02:07:19 UTC] Check status para job_id: pdf_6976cc3e908575.63257548
[26-Jan-2026 02:07:19 UTC] Check status para job_id: pdf_6976cc3e908575.63257548
[26-Jan-2026 02:07:19 UTC] Check status para job_id: pdf_6976cc3e908575.63257548
[26-Jan-2026 02:07:19 UTC] Check status para job_id: pdf_6976cc3e908575.63257548
[26-Jan-2026 02:07:50 UTC] Check status para job_id: pdf_6976cc3e908575.63257548
[26-Jan-2026 02:07:50 UTC] Check status para job_id: pdf_6976cc3e908575.63257548
[26-Jan-2026 02:11:48 UTC] Check status para job_id: pdf_6976cd5fccac59.75618715
[26-Jan-2026 02:11:51 UTC] Check status para job_id: pdf_6976cd5fccac59.75618715
[26-Jan-2026 02:11:54 UTC] Check status para job_id: pdf_6976cd5fccac59.75618715
[26-Jan-2026 02:11:57 UTC] Check status para job_id: pdf_6976cd5fccac59.75618715
[26-Jan-2026 02:12:00 UTC] Check status para job_id: pdf_6976cd5fccac59.75618715
[26-Jan-2026 02:12:03 UTC] Check status para job_id: pdf_6976cd5fccac59.75618715
[26-Jan-2026 02:12:06 UTC] Check status para job_id: pdf_6976cd5fccac59.75618715
[26-Jan-2026 02:12:08 UTC] Check status para job_id: pdf_6976cd5fccac59.75618715
[26-Jan-2026 02:12:12 UTC] Check status para job_id: pdf_6976cd5fccac59.75618715
[26-Jan-2026 02:12:15 UTC] Check status para job_id: pdf_6976cd5fccac59.75618715
[26-Jan-2026 02:12:18 UTC] Check status para job_id: pdf_6976cd5fccac59.75618715
[26-Jan-2026 02:12:21 UTC] Check status para job_id: pdf_6976cd5fccac59.75618715
[26-Jan-2026 02:12:23 UTC] Check status para job_id: pdf_6976cd5fccac59.75618715
[26-Jan-2026 02:12:26 UTC] Check status para job_id: pdf_6976cd5fccac59.75618715
[26-Jan-2026 02:12:29 UTC] Check status para job_id: pdf_6976cd5fccac59.75618715
[26-Jan-2026 02:16:52 UTC] Check status para job_id: pdf_6976ce900cfb10.26183559
[26-Jan-2026 02:16:55 UTC] Check status para job_id: pdf_6976ce900cfb10.26183559
[26-Jan-2026 02:16:58 UTC] Check status para job_id: pdf_6976ce900cfb10.26183559
[26-Jan-2026 02:17:01 UTC] Check status para job_id: pdf_6976ce900cfb10.26183559
[26-Jan-2026 02:17:04 UTC] Check status para job_id: pdf_6976ce900cfb10.26183559
[26-Jan-2026 02:17:07 UTC] Check status para job_id: pdf_6976ce900cfb10.26183559
[26-Jan-2026 02:17:10 UTC] Check status para job_id: pdf_6976ce900cfb10.26183559
[26-Jan-2026 02:17:13 UTC] Check status para job_id: pdf_6976ce900cfb10.26183559
[26-Jan-2026 02:17:16 UTC] Check status para job_id: pdf_6976ce900cfb10.26183559
[26-Jan-2026 02:17:22 UTC] Check status para job_id: pdf_6976ce900cfb10.26183559
[26-Jan-2026 02:17:23 UTC] Check status para job_id: pdf_6976ce900cfb10.26183559
[26-Jan-2026 02:17:25 UTC] Check status para job_id: pdf_6976ce900cfb10.26183559
[26-Jan-2026 02:17:48 UTC] Check status para job_id: pdf_6976ce900cfb10.26183559
[26-Jan-2026 02:17:48 UTC] Check status para job_id: pdf_6976ce900cfb10.26183559
[26-Jan-2026 02:17:48 UTC] Check status para job_id: pdf_6976ce900cfb10.26183559
[26-Jan-2026 02:17:48 UTC] Check status para job_id: pdf_6976ce900cfb10.26183559
[26-Jan-2026 02:17:51 UTC] Check status para job_id: pdf_6976ce900cfb10.26183559
[26-Jan-2026 02:17:51 UTC] Check status para job_id: pdf_6976ce900cfb10.26183559
[26-Jan-2026 02:17:53 UTC] Check status para job_id: pdf_6976ce900cfb10.26183559
[26-Jan-2026 02:18:01 UTC] Check status para job_id: pdf_6976ce900cfb10.26183559
[19-May-2026 00:54:48 UTC] Check status para job_id: pdf_6a0bb4d31ed5f2.76701103
[19-May-2026 00:54:51 UTC] Check status para job_id: pdf_6a0bb4d31ed5f2.76701103
[19-May-2026 00:54:54 UTC] Check status para job_id: pdf_6a0bb4d31ed5f2.76701103
[19-May-2026 00:54:54 UTC] Resultado encontrado - Status: error
[19-May-2026 00:55:07 UTC] Check status para job_id: pdf_6a0bb4e66c7119.06890787
[19-May-2026 00:55:10 UTC] Check status para job_id: pdf_6a0bb4e66c7119.06890787
[19-May-2026 00:55:13 UTC] Check status para job_id: pdf_6a0bb4e66c7119.06890787
[19-May-2026 00:55:13 UTC] Resultado encontrado - Status: error
[19-May-2026 00:55:32 UTC] Check status para job_id: pdf_6a0bb4fee473e8.77019071
[19-May-2026 00:55:35 UTC] Check status para job_id: pdf_6a0bb4fee473e8.77019071
[19-May-2026 00:55:38 UTC] Check status para job_id: pdf_6a0bb4fee473e8.77019071
[19-May-2026 00:55:38 UTC] Resultado encontrado - Status: error
[19-May-2026 00:56:02 UTC] Check status para job_id: pdf_6a0bb51ce245d5.34224203
[19-May-2026 00:56:05 UTC] Check status para job_id: pdf_6a0bb51ce245d5.34224203
[19-May-2026 00:56:08 UTC] Check status para job_id: pdf_6a0bb51ce245d5.34224203
[19-May-2026 00:56:08 UTC] Resultado encontrado - Status: error
[19-May-2026 00:56:53 UTC] Check status para job_id: pdf_6a0bb54fc51960.86590599
[19-May-2026 00:56:56 UTC] Check status para job_id: pdf_6a0bb54fc51960.86590599
[19-May-2026 00:56:59 UTC] Check status para job_id: pdf_6a0bb54fc51960.86590599
[19-May-2026 00:56:59 UTC] Resultado encontrado - Status: error
[20-May-2026 00:40:37 UTC] Check status para job_id: pdf_6a0d0300746022.06619991
[20-May-2026 00:40:40 UTC] Check status para job_id: pdf_6a0d0300746022.06619991
[20-May-2026 00:40:44 UTC] Check status para job_id: pdf_6a0d0300746022.06619991
[20-May-2026 00:40:44 UTC] Resultado encontrado - Status: error
[20-May-2026 01:03:14 UTC] Check status para job_id: pdf_6a0d084ea2dcc7.90421510
[20-May-2026 01:03:14 UTC] Resultado encontrado - Status: error
[20-May-2026 01:07:07 UTC] Check status para job_id: pdf_6a0d0935822181.35568048
[20-May-2026 01:07:10 UTC] Check status para job_id: pdf_6a0d0935822181.35568048
[20-May-2026 01:07:13 UTC] Check status para job_id: pdf_6a0d0935822181.35568048
[20-May-2026 01:07:16 UTC] Check status para job_id: pdf_6a0d0935822181.35568048
[20-May-2026 01:07:19 UTC] Check status para job_id: pdf_6a0d0935822181.35568048
[20-May-2026 01:07:19 UTC] Resultado encontrado - Status: error
[20-May-2026 01:12:38 UTC] Check status para job_id: pdf_6a0d0a82a95171.90616583
[20-May-2026 01:12:38 UTC] Resultado encontrado - Status: error
[20-May-2026 01:16:13 UTC] Check status para job_id: pdf_6a0d0b578d5e58.79065676
[20-May-2026 01:16:16 UTC] Check status para job_id: pdf_6a0d0b578d5e58.79065676
[20-May-2026 01:16:19 UTC] Check status para job_id: pdf_6a0d0b578d5e58.79065676
[20-May-2026 01:16:22 UTC] Check status para job_id: pdf_6a0d0b578d5e58.79065676
[20-May-2026 01:16:25 UTC] Check status para job_id: pdf_6a0d0b578d5e58.79065676
[20-May-2026 01:16:25 UTC] Resultado encontrado - Status: error
[20-May-2026 01:26:08 UTC] Check status para job_id: pdf_6a0d0daae80932.02454606
[20-May-2026 01:26:11 UTC] Check status para job_id: pdf_6a0d0daae80932.02454606
[20-May-2026 01:26:14 UTC] Check status para job_id: pdf_6a0d0daae80932.02454606
[20-May-2026 01:26:14 UTC] Resultado encontrado - Status: error
[20-May-2026 01:30:09 UTC] Check status para job_id: pdf_6a0d0e9b6d1541.63569083
[20-May-2026 01:30:12 UTC] Check status para job_id: pdf_6a0d0e9b6d1541.63569083
[20-May-2026 01:30:15 UTC] Check status para job_id: pdf_6a0d0e9b6d1541.63569083
[20-May-2026 01:30:15 UTC] Resultado encontrado - Status: error
[20-May-2026 01:32:57 UTC] Check status para job_id: pdf_6a0d0f444b8845.71599336
[20-May-2026 01:33:00 UTC] Check status para job_id: pdf_6a0d0f444b8845.71599336
[20-May-2026 01:33:03 UTC] Check status para job_id: pdf_6a0d0f444b8845.71599336
[20-May-2026 01:33:03 UTC] Resultado encontrado - Status: error
[20-May-2026 01:35:47 UTC] Check status para job_id: pdf_6a0d0fee58b724.30341539
[20-May-2026 01:35:50 UTC] Check status para job_id: pdf_6a0d0fee58b724.30341539
[20-May-2026 01:35:53 UTC] Check status para job_id: pdf_6a0d0fee58b724.30341539
[20-May-2026 01:35:53 UTC] Resultado encontrado - Status: error
[20-May-2026 01:39:57 UTC] Check status para job_id: pdf_6a0d10e85a87f2.02430377
[20-May-2026 01:40:00 UTC] Check status para job_id: pdf_6a0d10e85a87f2.02430377
[20-May-2026 01:40:03 UTC] Check status para job_id: pdf_6a0d10e85a87f2.02430377
[20-May-2026 01:40:03 UTC] Resultado encontrado - Status: error
[20-May-2026 01:42:17 UTC] Check status para job_id: pdf_6a0d11758672b9.06252640
[20-May-2026 01:42:20 UTC] Check status para job_id: pdf_6a0d11758672b9.06252640
[20-May-2026 01:42:23 UTC] Check status para job_id: pdf_6a0d11758672b9.06252640
[20-May-2026 01:42:26 UTC] Check status para job_id: pdf_6a0d11758672b9.06252640
[20-May-2026 01:42:29 UTC] Check status para job_id: pdf_6a0d11758672b9.06252640
[20-May-2026 01:42:32 UTC] Check status para job_id: pdf_6a0d11758672b9.06252640
[20-May-2026 01:42:35 UTC] Check status para job_id: pdf_6a0d11758672b9.06252640
[20-May-2026 01:42:38 UTC] Check status para job_id: pdf_6a0d11758672b9.06252640
[20-May-2026 01:42:41 UTC] Check status para job_id: pdf_6a0d11758672b9.06252640
[20-May-2026 01:42:44 UTC] Check status para job_id: pdf_6a0d11758672b9.06252640
[20-May-2026 01:42:47 UTC] Check status para job_id: pdf_6a0d11758672b9.06252640
[20-May-2026 01:42:47 UTC] Resultado encontrado - Status: completed
[20-May-2026 01:49:15 UTC] Check status para job_id: pdf_6a0d1318447582.95989687
[20-May-2026 01:49:18 UTC] Check status para job_id: pdf_6a0d1318447582.95989687
[20-May-2026 01:49:21 UTC] Check status para job_id: pdf_6a0d1318447582.95989687
[20-May-2026 01:49:24 UTC] Check status para job_id: pdf_6a0d1318447582.95989687
[20-May-2026 01:49:27 UTC] Check status para job_id: pdf_6a0d1318447582.95989687
[20-May-2026 01:49:30 UTC] Check status para job_id: pdf_6a0d1318447582.95989687
[20-May-2026 01:49:33 UTC] Check status para job_id: pdf_6a0d1318447582.95989687
[20-May-2026 01:49:36 UTC] Check status para job_id: pdf_6a0d1318447582.95989687
[20-May-2026 01:49:39 UTC] Check status para job_id: pdf_6a0d1318447582.95989687
[20-May-2026 01:49:42 UTC] Check status para job_id: pdf_6a0d1318447582.95989687
[20-May-2026 01:49:46 UTC] Check status para job_id: pdf_6a0d1318447582.95989687
[20-May-2026 01:49:48 UTC] Check status para job_id: pdf_6a0d1318447582.95989687
[20-May-2026 01:49:51 UTC] Check status para job_id: pdf_6a0d1318447582.95989687
[20-May-2026 01:49:54 UTC] Check status para job_id: pdf_6a0d1318447582.95989687
[20-May-2026 01:49:57 UTC] Check status para job_id: pdf_6a0d1318447582.95989687
[20-May-2026 01:50:00 UTC] Check status para job_id: pdf_6a0d1318447582.95989687
[20-May-2026 01:50:03 UTC] Check status para job_id: pdf_6a0d1318447582.95989687
[20-May-2026 01:50:06 UTC] Check status para job_id: pdf_6a0d1318447582.95989687
[20-May-2026 01:50:06 UTC] Resultado encontrado - Status: completed
[20-May-2026 02:08:16 UTC] Check status para job_id: pdf_6a0d178c02eb67.01260773
[20-May-2026 02:08:19 UTC] Check status para job_id: pdf_6a0d178c02eb67.01260773
[20-May-2026 02:08:22 UTC] Check status para job_id: pdf_6a0d178c02eb67.01260773
[20-May-2026 02:08:25 UTC] Check status para job_id: pdf_6a0d178c02eb67.01260773
[20-May-2026 02:08:27 UTC] Check status para job_id: pdf_6a0d178c02eb67.01260773
[20-May-2026 02:08:31 UTC] Check status para job_id: pdf_6a0d178c02eb67.01260773
[20-May-2026 02:08:34 UTC] Check status para job_id: pdf_6a0d178c02eb67.01260773
[20-May-2026 02:08:37 UTC] Check status para job_id: pdf_6a0d178c02eb67.01260773
[20-May-2026 02:08:40 UTC] Check status para job_id: pdf_6a0d178c02eb67.01260773
[20-May-2026 02:08:43 UTC] Check status para job_id: pdf_6a0d178c02eb67.01260773
[20-May-2026 02:08:46 UTC] Check status para job_id: pdf_6a0d178c02eb67.01260773
[20-May-2026 02:08:49 UTC] Check status para job_id: pdf_6a0d178c02eb67.01260773
[20-May-2026 02:08:52 UTC] Check status para job_id: pdf_6a0d178c02eb67.01260773
[20-May-2026 02:08:55 UTC] Check status para job_id: pdf_6a0d178c02eb67.01260773
[20-May-2026 02:08:58 UTC] Check status para job_id: pdf_6a0d178c02eb67.01260773
[20-May-2026 02:09:01 UTC] Check status para job_id: pdf_6a0d178c02eb67.01260773
[20-May-2026 02:09:03 UTC] Check status para job_id: pdf_6a0d178c02eb67.01260773
[20-May-2026 02:09:03 UTC] Resultado encontrado - Status: completed
[20-May-2026 02:36:38 UTC] Check status para job_id: pdf_6a0d1e32800102.35094524
[20-May-2026 02:36:41 UTC] Check status para job_id: pdf_6a0d1e32800102.35094524
[20-May-2026 02:36:44 UTC] Check status para job_id: pdf_6a0d1e32800102.35094524
[20-May-2026 02:36:47 UTC] Check status para job_id: pdf_6a0d1e32800102.35094524
[20-May-2026 02:36:50 UTC] Check status para job_id: pdf_6a0d1e32800102.35094524
[20-May-2026 02:36:53 UTC] Check status para job_id: pdf_6a0d1e32800102.35094524
[20-May-2026 02:36:56 UTC] Check status para job_id: pdf_6a0d1e32800102.35094524
[20-May-2026 02:36:59 UTC] Check status para job_id: pdf_6a0d1e32800102.35094524
[20-May-2026 02:37:02 UTC] Check status para job_id: pdf_6a0d1e32800102.35094524
[20-May-2026 02:37:05 UTC] Check status para job_id: pdf_6a0d1e32800102.35094524
[20-May-2026 02:37:08 UTC] Check status para job_id: pdf_6a0d1e32800102.35094524
[20-May-2026 02:37:11 UTC] Check status para job_id: pdf_6a0d1e32800102.35094524
[20-May-2026 02:37:14 UTC] Check status para job_id: pdf_6a0d1e32800102.35094524
[20-May-2026 02:37:17 UTC] Check status para job_id: pdf_6a0d1e32800102.35094524
[20-May-2026 02:37:20 UTC] Check status para job_id: pdf_6a0d1e32800102.35094524
[20-May-2026 02:37:23 UTC] Check status para job_id: pdf_6a0d1e32800102.35094524
[20-May-2026 02:37:26 UTC] Check status para job_id: pdf_6a0d1e32800102.35094524
[20-May-2026 02:37:29 UTC] Check status para job_id: pdf_6a0d1e32800102.35094524
[20-May-2026 02:37:32 UTC] Check status para job_id: pdf_6a0d1e32800102.35094524
[20-May-2026 02:37:35 UTC] Check status para job_id: pdf_6a0d1e32800102.35094524
[20-May-2026 02:37:38 UTC] Check status para job_id: pdf_6a0d1e32800102.35094524
[20-May-2026 02:37:41 UTC] Check status para job_id: pdf_6a0d1e32800102.35094524
[20-May-2026 02:37:44 UTC] Check status para job_id: pdf_6a0d1e32800102.35094524
[20-May-2026 02:37:47 UTC] Check status para job_id: pdf_6a0d1e32800102.35094524
[20-May-2026 02:37:50 UTC] Check status para job_id: pdf_6a0d1e32800102.35094524
[20-May-2026 02:37:53 UTC] Check status para job_id: pdf_6a0d1e32800102.35094524
[20-May-2026 02:37:56 UTC] Check status para job_id: pdf_6a0d1e32800102.35094524
[20-May-2026 02:37:59 UTC] Check status para job_id: pdf_6a0d1e32800102.35094524
[20-May-2026 02:38:02 UTC] Check status para job_id: pdf_6a0d1e32800102.35094524
[20-May-2026 02:38:02 UTC] Resultado encontrado - Status: completed
[20-May-2026 16:44:43 UTC] Check status para job_id: pdf_6a0de4f6b048e6.48531897
[20-May-2026 16:44:43 UTC] Resultado encontrado - Status: error
[20-May-2026 16:51:15 UTC] Check status para job_id: pdf_6a0de67fa63893.77266217
[20-May-2026 16:51:15 UTC] Resultado encontrado - Status: error
[20-May-2026 16:51:28 UTC] Check status para job_id: pdf_6a0de68d4a9b20.11792501
[20-May-2026 16:51:28 UTC] Resultado encontrado - Status: error
[20-May-2026 16:51:54 UTC] Check status para job_id: pdf_6a0de6a6e0a1c0.78800545
[20-May-2026 16:51:54 UTC] Resultado encontrado - Status: error
[20-May-2026 18:12:15 UTC] Check status para job_id: pdf_6a0df97c5c7795.23914428
[20-May-2026 18:12:15 UTC] Resultado encontrado - Status: error
[22-May-2026 22:07:56 UTC] Check status para job_id: pdf_6a10d3b8ae9461.40442088
[22-May-2026 22:07:56 UTC] Resultado encontrado - Status: error
[24-May-2026 17:16:42 UTC] Check status para job_id: pdf_6a1332755cb9d5.21277901
[24-May-2026 17:16:45 UTC] Check status para job_id: pdf_6a1332755cb9d5.21277901
[24-May-2026 17:16:48 UTC] Check status para job_id: pdf_6a1332755cb9d5.21277901
[24-May-2026 17:16:50 UTC] Check status para job_id: pdf_6a1332755cb9d5.21277901
[24-May-2026 17:16:53 UTC] Check status para job_id: pdf_6a1332755cb9d5.21277901
[24-May-2026 17:18:02 UTC] Check status para job_id: pdf_6a1332755cb9d5.21277901
[24-May-2026 17:18:02 UTC] Resultado encontrado - Status: completed
[24-May-2026 17:18:03 UTC] Check status para job_id: pdf_6a1332755cb9d5.21277901
[24-May-2026 17:18:03 UTC] Resultado encontrado - Status: completed
[24-May-2026 17:18:03 UTC] Check status para job_id: pdf_6a1332755cb9d5.21277901
[24-May-2026 17:18:03 UTC] Resultado encontrado - Status: completed
[24-May-2026 17:18:03 UTC] Check status para job_id: pdf_6a1332755cb9d5.21277901
[24-May-2026 17:18:03 UTC] Resultado encontrado - Status: completed
[24-May-2026 17:18:04 UTC] Check status para job_id: pdf_6a1332755cb9d5.21277901
[24-May-2026 17:18:04 UTC] Resultado encontrado - Status: completed
[24-May-2026 17:18:04 UTC] Check status para job_id: pdf_6a1332755cb9d5.21277901
[24-May-2026 17:18:04 UTC] Resultado encontrado - Status: completed
[24-May-2026 17:18:04 UTC] Check status para job_id: pdf_6a1332755cb9d5.21277901
[24-May-2026 17:18:04 UTC] Resultado encontrado - Status: completed
[24-May-2026 17:18:05 UTC] Check status para job_id: pdf_6a1332755cb9d5.21277901
[24-May-2026 17:18:05 UTC] Resultado encontrado - Status: completed
[24-May-2026 17:18:05 UTC] Check status para job_id: pdf_6a1332755cb9d5.21277901
[24-May-2026 17:18:05 UTC] Resultado encontrado - Status: completed
[24-May-2026 17:18:06 UTC] Check status para job_id: pdf_6a1332755cb9d5.21277901
[24-May-2026 17:18:06 UTC] Resultado encontrado - Status: completed
[24-May-2026 17:18:06 UTC] Check status para job_id: pdf_6a1332755cb9d5.21277901
[24-May-2026 17:18:06 UTC] Resultado encontrado - Status: completed
[24-May-2026 17:18:06 UTC] Check status para job_id: pdf_6a1332755cb9d5.21277901
[24-May-2026 17:18:06 UTC] Resultado encontrado - Status: completed
[24-May-2026 17:18:07 UTC] Check status para job_id: pdf_6a1332755cb9d5.21277901
[24-May-2026 17:18:07 UTC] Resultado encontrado - Status: completed
[24-May-2026 17:18:07 UTC] Check status para job_id: pdf_6a1332755cb9d5.21277901
[24-May-2026 17:18:07 UTC] Resultado encontrado - Status: completed
[24-May-2026 17:18:07 UTC] Check status para job_id: pdf_6a1332755cb9d5.21277901
[24-May-2026 17:18:07 UTC] Resultado encontrado - Status: completed
[24-May-2026 17:18:08 UTC] Check status para job_id: pdf_6a1332755cb9d5.21277901
[24-May-2026 17:18:08 UTC] Resultado encontrado - Status: completed
[25-May-2026 05:09:13 UTC] Check status para job_id: pdf_6a13d9757ca619.78634404
[25-May-2026 05:09:16 UTC] Check status para job_id: pdf_6a13d9757ca619.78634404
[25-May-2026 05:09:19 UTC] Check status para job_id: pdf_6a13d9757ca619.78634404
[25-May-2026 05:09:22 UTC] Check status para job_id: pdf_6a13d9757ca619.78634404
[25-May-2026 05:09:25 UTC] Check status para job_id: pdf_6a13d9757ca619.78634404
[25-May-2026 05:09:28 UTC] Check status para job_id: pdf_6a13d9757ca619.78634404
[25-May-2026 05:09:31 UTC] Check status para job_id: pdf_6a13d9757ca619.78634404
[25-May-2026 05:09:34 UTC] Check status para job_id: pdf_6a13d9757ca619.78634404
[25-May-2026 05:09:37 UTC] Check status para job_id: pdf_6a13d9757ca619.78634404
[25-May-2026 05:09:40 UTC] Check status para job_id: pdf_6a13d9757ca619.78634404
[25-May-2026 05:09:43 UTC] Check status para job_id: pdf_6a13d9757ca619.78634404
[25-May-2026 05:09:46 UTC] Check status para job_id: pdf_6a13d9757ca619.78634404
[25-May-2026 05:09:49 UTC] Check status para job_id: pdf_6a13d9757ca619.78634404
[25-May-2026 05:09:52 UTC] Check status para job_id: pdf_6a13d9757ca619.78634404
[25-May-2026 05:09:55 UTC] Check status para job_id: pdf_6a13d9757ca619.78634404
[25-May-2026 05:09:58 UTC] Check status para job_id: pdf_6a13d9757ca619.78634404
[25-May-2026 05:10:01 UTC] Check status para job_id: pdf_6a13d9757ca619.78634404
[25-May-2026 05:10:04 UTC] Check status para job_id: pdf_6a13d9757ca619.78634404
[25-May-2026 05:10:07 UTC] Check status para job_id: pdf_6a13d9757ca619.78634404
[25-May-2026 05:10:10 UTC] Check status para job_id: pdf_6a13d9757ca619.78634404
[25-May-2026 05:10:13 UTC] Check status para job_id: pdf_6a13d9757ca619.78634404
[25-May-2026 05:10:16 UTC] Check status para job_id: pdf_6a13d9757ca619.78634404
[25-May-2026 05:10:19 UTC] Check status para job_id: pdf_6a13d9757ca619.78634404
[25-May-2026 05:10:22 UTC] Check status para job_id: pdf_6a13d9757ca619.78634404
[25-May-2026 05:10:22 UTC] Resultado encontrado - Status: completed
[25-May-2026 05:14:57 UTC] Check status para job_id: pdf_6a13dacd781583.42654895
[25-May-2026 05:15:00 UTC] Check status para job_id: pdf_6a13dacd781583.42654895
[25-May-2026 05:15:03 UTC] Check status para job_id: pdf_6a13dacd781583.42654895
[25-May-2026 05:15:06 UTC] Check status para job_id: pdf_6a13dacd781583.42654895
[25-May-2026 05:15:09 UTC] Check status para job_id: pdf_6a13dacd781583.42654895
[25-May-2026 05:15:12 UTC] Check status para job_id: pdf_6a13dacd781583.42654895
[25-May-2026 05:15:15 UTC] Check status para job_id: pdf_6a13dacd781583.42654895
[25-May-2026 05:15:18 UTC] Check status para job_id: pdf_6a13dacd781583.42654895
[25-May-2026 05:15:21 UTC] Check status para job_id: pdf_6a13dacd781583.42654895
[25-May-2026 05:15:24 UTC] Check status para job_id: pdf_6a13dacd781583.42654895
[25-May-2026 05:15:27 UTC] Check status para job_id: pdf_6a13dacd781583.42654895
[25-May-2026 05:15:30 UTC] Check status para job_id: pdf_6a13dacd781583.42654895
[25-May-2026 05:15:33 UTC] Check status para job_id: pdf_6a13dacd781583.42654895
[25-May-2026 05:15:36 UTC] Check status para job_id: pdf_6a13dacd781583.42654895
[25-May-2026 05:15:39 UTC] Check status para job_id: pdf_6a13dacd781583.42654895
[25-May-2026 05:15:43 UTC] Check status para job_id: pdf_6a13dacd781583.42654895
[25-May-2026 05:15:45 UTC] Check status para job_id: pdf_6a13dacd781583.42654895
[25-May-2026 05:15:48 UTC] Check status para job_id: pdf_6a13dacd781583.42654895
[25-May-2026 05:15:51 UTC] Check status para job_id: pdf_6a13dacd781583.42654895
[25-May-2026 05:15:57 UTC] Check status para job_id: pdf_6a13dacd781583.42654895
[25-May-2026 05:16:57 UTC] Check status para job_id: pdf_6a13dacd781583.42654895
[25-May-2026 05:16:57 UTC] Resultado encontrado - Status: completed
[25-May-2026 05:44:23 UTC] Check status para job_id: pdf_6a13e1b2efc8f9.27492067
[25-May-2026 05:44:26 UTC] Check status para job_id: pdf_6a13e1b2efc8f9.27492067
[25-May-2026 05:44:29 UTC] Check status para job_id: pdf_6a13e1b2efc8f9.27492067
[25-May-2026 05:44:32 UTC] Check status para job_id: pdf_6a13e1b2efc8f9.27492067
[25-May-2026 05:44:35 UTC] Check status para job_id: pdf_6a13e1b2efc8f9.27492067
[25-May-2026 05:44:38 UTC] Check status para job_id: pdf_6a13e1b2efc8f9.27492067
[25-May-2026 05:44:40 UTC] Check status para job_id: pdf_6a13e1b2efc8f9.27492067
[25-May-2026 05:44:43 UTC] Check status para job_id: pdf_6a13e1b2efc8f9.27492067
[25-May-2026 05:44:46 UTC] Check status para job_id: pdf_6a13e1b2efc8f9.27492067
[25-May-2026 05:44:49 UTC] Check status para job_id: pdf_6a13e1b2efc8f9.27492067
[25-May-2026 05:44:53 UTC] Check status para job_id: pdf_6a13e1b2efc8f9.27492067
[25-May-2026 05:44:55 UTC] Check status para job_id: pdf_6a13e1b2efc8f9.27492067
[25-May-2026 05:44:59 UTC] Check status para job_id: pdf_6a13e1b2efc8f9.27492067
[25-May-2026 05:45:01 UTC] Check status para job_id: pdf_6a13e1b2efc8f9.27492067
[25-May-2026 05:45:05 UTC] Check status para job_id: pdf_6a13e1b2efc8f9.27492067
[25-May-2026 05:45:07 UTC] Check status para job_id: pdf_6a13e1b2efc8f9.27492067
[25-May-2026 05:45:10 UTC] Check status para job_id: pdf_6a13e1b2efc8f9.27492067
[25-May-2026 05:45:14 UTC] Check status para job_id: pdf_6a13e1b2efc8f9.27492067
[25-May-2026 05:45:16 UTC] Check status para job_id: pdf_6a13e1b2efc8f9.27492067
[25-May-2026 05:45:16 UTC] Resultado encontrado - Status: completed
[25-May-2026 14:15:02 UTC] Check status para job_id: pdf_6a145961dfb4a6.13888194
[25-May-2026 14:15:05 UTC] Check status para job_id: pdf_6a145961dfb4a6.13888194
[25-May-2026 14:15:08 UTC] Check status para job_id: pdf_6a145961dfb4a6.13888194
[25-May-2026 14:15:11 UTC] Check status para job_id: pdf_6a145961dfb4a6.13888194
[25-May-2026 14:15:14 UTC] Check status para job_id: pdf_6a145961dfb4a6.13888194
[25-May-2026 14:15:17 UTC] Check status para job_id: pdf_6a145961dfb4a6.13888194
[25-May-2026 14:15:20 UTC] Check status para job_id: pdf_6a145961dfb4a6.13888194
[25-May-2026 14:15:23 UTC] Check status para job_id: pdf_6a145961dfb4a6.13888194
[25-May-2026 14:15:26 UTC] Check status para job_id: pdf_6a145961dfb4a6.13888194
[25-May-2026 14:15:29 UTC] Check status para job_id: pdf_6a145961dfb4a6.13888194
[25-May-2026 14:15:32 UTC] Check status para job_id: pdf_6a145961dfb4a6.13888194
[25-May-2026 14:15:35 UTC] Check status para job_id: pdf_6a145961dfb4a6.13888194
[25-May-2026 14:15:38 UTC] Check status para job_id: pdf_6a145961dfb4a6.13888194
[25-May-2026 14:15:41 UTC] Check status para job_id: pdf_6a145961dfb4a6.13888194
[25-May-2026 14:15:45 UTC] Check status para job_id: pdf_6a145961dfb4a6.13888194
[25-May-2026 14:15:47 UTC] Check status para job_id: pdf_6a145961dfb4a6.13888194
[25-May-2026 14:15:50 UTC] Check status para job_id: pdf_6a145961dfb4a6.13888194
[25-May-2026 14:15:50 UTC] Resultado encontrado - Status: completed
[25-May-2026 17:54:27 UTC] Check status para job_id: pdf_6a148ccf8f5a81.75613433
[25-May-2026 17:54:30 UTC] Check status para job_id: pdf_6a148ccf8f5a81.75613433
[25-May-2026 17:54:33 UTC] Check status para job_id: pdf_6a148ccf8f5a81.75613433
[25-May-2026 17:54:36 UTC] Check status para job_id: pdf_6a148ccf8f5a81.75613433
[25-May-2026 17:54:40 UTC] Check status para job_id: pdf_6a148ccf8f5a81.75613433
[25-May-2026 17:54:43 UTC] Check status para job_id: pdf_6a148ccf8f5a81.75613433
[25-May-2026 17:54:46 UTC] Check status para job_id: pdf_6a148ccf8f5a81.75613433
[25-May-2026 17:54:49 UTC] Check status para job_id: pdf_6a148ccf8f5a81.75613433
[25-May-2026 17:54:52 UTC] Check status para job_id: pdf_6a148ccf8f5a81.75613433
[25-May-2026 17:54:55 UTC] Check status para job_id: pdf_6a148ccf8f5a81.75613433
[25-May-2026 17:54:58 UTC] Check status para job_id: pdf_6a148ccf8f5a81.75613433
[25-May-2026 17:55:01 UTC] Check status para job_id: pdf_6a148ccf8f5a81.75613433
[25-May-2026 17:55:04 UTC] Check status para job_id: pdf_6a148ccf8f5a81.75613433
[25-May-2026 17:55:07 UTC] Check status para job_id: pdf_6a148ccf8f5a81.75613433
[25-May-2026 17:55:10 UTC] Check status para job_id: pdf_6a148ccf8f5a81.75613433
[25-May-2026 17:55:13 UTC] Check status para job_id: pdf_6a148ccf8f5a81.75613433
[25-May-2026 17:55:16 UTC] Check status para job_id: pdf_6a148ccf8f5a81.75613433
[25-May-2026 17:55:19 UTC] Check status para job_id: pdf_6a148ccf8f5a81.75613433
[25-May-2026 17:55:22 UTC] Check status para job_id: pdf_6a148ccf8f5a81.75613433
[25-May-2026 17:55:22 UTC] Resultado encontrado - Status: completed
[27-May-2026 19:13:01 UTC] Check status para job_id: pdf_6a174238a65782.58091030
[27-May-2026 19:13:04 UTC] Check status para job_id: pdf_6a174238a65782.58091030
[27-May-2026 19:13:07 UTC] Check status para job_id: pdf_6a174238a65782.58091030
[27-May-2026 19:13:10 UTC] Check status para job_id: pdf_6a174238a65782.58091030
[27-May-2026 19:13:13 UTC] Check status para job_id: pdf_6a174238a65782.58091030
[27-May-2026 19:13:16 UTC] Check status para job_id: pdf_6a174238a65782.58091030
[27-May-2026 19:13:19 UTC] Check status para job_id: pdf_6a174238a65782.58091030
[27-May-2026 19:13:22 UTC] Check status para job_id: pdf_6a174238a65782.58091030
[27-May-2026 19:13:25 UTC] Check status para job_id: pdf_6a174238a65782.58091030
[27-May-2026 19:13:28 UTC] Check status para job_id: pdf_6a174238a65782.58091030
[27-May-2026 19:13:31 UTC] Check status para job_id: pdf_6a174238a65782.58091030
[27-May-2026 19:13:34 UTC] Check status para job_id: pdf_6a174238a65782.58091030
[27-May-2026 19:13:36 UTC] Check status para job_id: pdf_6a174238a65782.58091030
[27-May-2026 19:13:40 UTC] Check status para job_id: pdf_6a174238a65782.58091030
[27-May-2026 19:13:43 UTC] Check status para job_id: pdf_6a174238a65782.58091030
[27-May-2026 19:13:46 UTC] Check status para job_id: pdf_6a174238a65782.58091030
[27-May-2026 19:13:49 UTC] Check status para job_id: pdf_6a174238a65782.58091030
[27-May-2026 19:13:52 UTC] Check status para job_id: pdf_6a174238a65782.58091030
[27-May-2026 19:13:55 UTC] Check status para job_id: pdf_6a174238a65782.58091030
[27-May-2026 19:13:57 UTC] Check status para job_id: pdf_6a174238a65782.58091030
[27-May-2026 19:14:00 UTC] Check status para job_id: pdf_6a174238a65782.58091030
[27-May-2026 19:14:03 UTC] Check status para job_id: pdf_6a174238a65782.58091030
[27-May-2026 19:14:06 UTC] Check status para job_id: pdf_6a174238a65782.58091030
[27-May-2026 19:14:09 UTC] Check status para job_id: pdf_6a174238a65782.58091030
[27-May-2026 19:14:12 UTC] Check status para job_id: pdf_6a174238a65782.58091030
[27-May-2026 19:14:15 UTC] Check status para job_id: pdf_6a174238a65782.58091030
[27-May-2026 19:14:18 UTC] Check status para job_id: pdf_6a174238a65782.58091030
[27-May-2026 19:14:21 UTC] Check status para job_id: pdf_6a174238a65782.58091030
[27-May-2026 19:14:24 UTC] Check status para job_id: pdf_6a174238a65782.58091030
[27-May-2026 19:14:27 UTC] Check status para job_id: pdf_6a174238a65782.58091030
[27-May-2026 19:14:30 UTC] Check status para job_id: pdf_6a174238a65782.58091030
[27-May-2026 19:14:34 UTC] Check status para job_id: pdf_6a174238a65782.58091030
[27-May-2026 19:14:37 UTC] Check status para job_id: pdf_6a174238a65782.58091030
[27-May-2026 19:14:40 UTC] Check status para job_id: pdf_6a174238a65782.58091030
[27-May-2026 19:14:43 UTC] Check status para job_id: pdf_6a174238a65782.58091030
[27-May-2026 19:14:43 UTC] Resultado encontrado - Status: completed
[27-May-2026 21:38:36 UTC] Check status para job_id: pdf_6a1764581db1f3.12886825
[27-May-2026 21:38:39 UTC] Check status para job_id: pdf_6a1764581db1f3.12886825
[27-May-2026 21:38:42 UTC] Check status para job_id: pdf_6a1764581db1f3.12886825
[27-May-2026 21:38:45 UTC] Check status para job_id: pdf_6a1764581db1f3.12886825
[27-May-2026 21:38:48 UTC] Check status para job_id: pdf_6a1764581db1f3.12886825
[27-May-2026 21:38:51 UTC] Check status para job_id: pdf_6a1764581db1f3.12886825
[27-May-2026 21:38:54 UTC] Check status para job_id: pdf_6a1764581db1f3.12886825
[27-May-2026 21:38:57 UTC] Check status para job_id: pdf_6a1764581db1f3.12886825
[27-May-2026 21:39:00 UTC] Check status para job_id: pdf_6a1764581db1f3.12886825
[27-May-2026 21:39:03 UTC] Check status para job_id: pdf_6a1764581db1f3.12886825
[27-May-2026 21:39:06 UTC] Check status para job_id: pdf_6a1764581db1f3.12886825
[27-May-2026 21:39:09 UTC] Check status para job_id: pdf_6a1764581db1f3.12886825
[27-May-2026 21:39:12 UTC] Check status para job_id: pdf_6a1764581db1f3.12886825
[27-May-2026 21:39:15 UTC] Check status para job_id: pdf_6a1764581db1f3.12886825
[27-May-2026 21:39:18 UTC] Check status para job_id: pdf_6a1764581db1f3.12886825
[27-May-2026 21:39:21 UTC] Check status para job_id: pdf_6a1764581db1f3.12886825
[27-May-2026 21:39:24 UTC] Check status para job_id: pdf_6a1764581db1f3.12886825
[27-May-2026 21:39:27 UTC] Check status para job_id: pdf_6a1764581db1f3.12886825
[27-May-2026 21:39:30 UTC] Check status para job_id: pdf_6a1764581db1f3.12886825
[27-May-2026 21:39:33 UTC] Check status para job_id: pdf_6a1764581db1f3.12886825
[27-May-2026 21:39:36 UTC] Check status para job_id: pdf_6a1764581db1f3.12886825
[27-May-2026 21:39:39 UTC] Check status para job_id: pdf_6a1764581db1f3.12886825
[27-May-2026 21:39:42 UTC] Check status para job_id: pdf_6a1764581db1f3.12886825
[27-May-2026 21:39:45 UTC] Check status para job_id: pdf_6a1764581db1f3.12886825
[27-May-2026 21:39:48 UTC] Check status para job_id: pdf_6a1764581db1f3.12886825
[27-May-2026 21:39:48 UTC] Resultado encontrado - Status: completed
[27-May-2026 21:43:32 UTC] Check status para job_id: pdf_6a1765803ef690.05843532
[27-May-2026 21:43:35 UTC] Check status para job_id: pdf_6a1765803ef690.05843532
[27-May-2026 21:43:38 UTC] Check status para job_id: pdf_6a1765803ef690.05843532
[27-May-2026 21:43:41 UTC] Check status para job_id: pdf_6a1765803ef690.05843532
[27-May-2026 21:43:44 UTC] Check status para job_id: pdf_6a1765803ef690.05843532
[27-May-2026 21:43:47 UTC] Check status para job_id: pdf_6a1765803ef690.05843532
[27-May-2026 21:43:50 UTC] Check status para job_id: pdf_6a1765803ef690.05843532
[27-May-2026 21:43:53 UTC] Check status para job_id: pdf_6a1765803ef690.05843532
[27-May-2026 21:43:56 UTC] Check status para job_id: pdf_6a1765803ef690.05843532
[27-May-2026 21:43:59 UTC] Check status para job_id: pdf_6a1765803ef690.05843532
[27-May-2026 21:44:02 UTC] Check status para job_id: pdf_6a1765803ef690.05843532
[27-May-2026 21:44:05 UTC] Check status para job_id: pdf_6a1765803ef690.05843532
[27-May-2026 21:44:08 UTC] Check status para job_id: pdf_6a1765803ef690.05843532
[27-May-2026 21:44:11 UTC] Check status para job_id: pdf_6a1765803ef690.05843532
[27-May-2026 21:44:14 UTC] Check status para job_id: pdf_6a1765803ef690.05843532
[27-May-2026 21:44:17 UTC] Check status para job_id: pdf_6a1765803ef690.05843532
[27-May-2026 21:44:20 UTC] Check status para job_id: pdf_6a1765803ef690.05843532
[27-May-2026 21:44:23 UTC] Check status para job_id: pdf_6a1765803ef690.05843532
[27-May-2026 21:44:26 UTC] Check status para job_id: pdf_6a1765803ef690.05843532
[27-May-2026 21:44:26 UTC] Resultado encontrado - Status: completed
[27-May-2026 21:51:56 UTC] Check status para job_id: pdf_6a1767784082f9.75986915
[27-May-2026 21:51:59 UTC] Check status para job_id: pdf_6a1767784082f9.75986915
[27-May-2026 21:52:02 UTC] Check status para job_id: pdf_6a1767784082f9.75986915
[27-May-2026 21:52:05 UTC] Check status para job_id: pdf_6a1767784082f9.75986915
[27-May-2026 21:52:08 UTC] Check status para job_id: pdf_6a1767784082f9.75986915
[27-May-2026 21:52:11 UTC] Check status para job_id: pdf_6a1767784082f9.75986915
[27-May-2026 21:52:14 UTC] Check status para job_id: pdf_6a1767784082f9.75986915
[27-May-2026 21:52:17 UTC] Check status para job_id: pdf_6a1767784082f9.75986915
[27-May-2026 21:52:20 UTC] Check status para job_id: pdf_6a1767784082f9.75986915
[27-May-2026 21:52:23 UTC] Check status para job_id: pdf_6a1767784082f9.75986915
[27-May-2026 21:52:26 UTC] Check status para job_id: pdf_6a1767784082f9.75986915
[27-May-2026 21:52:29 UTC] Check status para job_id: pdf_6a1767784082f9.75986915
[27-May-2026 21:52:32 UTC] Check status para job_id: pdf_6a1767784082f9.75986915
[27-May-2026 21:52:35 UTC] Check status para job_id: pdf_6a1767784082f9.75986915
[27-May-2026 21:52:38 UTC] Check status para job_id: pdf_6a1767784082f9.75986915
[27-May-2026 21:52:41 UTC] Check status para job_id: pdf_6a1767784082f9.75986915
[27-May-2026 21:52:44 UTC] Check status para job_id: pdf_6a1767784082f9.75986915
[27-May-2026 21:52:47 UTC] Check status para job_id: pdf_6a1767784082f9.75986915
[27-May-2026 21:52:50 UTC] Check status para job_id: pdf_6a1767784082f9.75986915
[27-May-2026 21:53:47 UTC] Check status para job_id: pdf_6a1767784082f9.75986915
[27-May-2026 21:53:47 UTC] Resultado encontrado - Status: completed
[27-May-2026 21:58:58 UTC] Check status para job_id: pdf_6a17691ebca4e3.83019644
[27-May-2026 21:59:01 UTC] Check status para job_id: pdf_6a17691ebca4e3.83019644
[27-May-2026 21:59:04 UTC] Check status para job_id: pdf_6a17691ebca4e3.83019644
[27-May-2026 21:59:07 UTC] Check status para job_id: pdf_6a17691ebca4e3.83019644
[27-May-2026 21:59:10 UTC] Check status para job_id: pdf_6a17691ebca4e3.83019644
[27-May-2026 21:59:13 UTC] Check status para job_id: pdf_6a17691ebca4e3.83019644
[27-May-2026 21:59:16 UTC] Check status para job_id: pdf_6a17691ebca4e3.83019644
[27-May-2026 21:59:19 UTC] Check status para job_id: pdf_6a17691ebca4e3.83019644
[27-May-2026 21:59:22 UTC] Check status para job_id: pdf_6a17691ebca4e3.83019644
[27-May-2026 21:59:25 UTC] Check status para job_id: pdf_6a17691ebca4e3.83019644
[27-May-2026 21:59:28 UTC] Check status para job_id: pdf_6a17691ebca4e3.83019644
[27-May-2026 21:59:31 UTC] Check status para job_id: pdf_6a17691ebca4e3.83019644
[27-May-2026 21:59:34 UTC] Check status para job_id: pdf_6a17691ebca4e3.83019644
[27-May-2026 21:59:37 UTC] Check status para job_id: pdf_6a17691ebca4e3.83019644
[27-May-2026 21:59:40 UTC] Check status para job_id: pdf_6a17691ebca4e3.83019644
[27-May-2026 21:59:43 UTC] Check status para job_id: pdf_6a17691ebca4e3.83019644
[27-May-2026 21:59:46 UTC] Check status para job_id: pdf_6a17691ebca4e3.83019644
[27-May-2026 21:59:49 UTC] Check status para job_id: pdf_6a17691ebca4e3.83019644
[27-May-2026 21:59:52 UTC] Check status para job_id: pdf_6a17691ebca4e3.83019644
[27-May-2026 21:59:55 UTC] Check status para job_id: pdf_6a17691ebca4e3.83019644
[27-May-2026 21:59:58 UTC] Check status para job_id: pdf_6a17691ebca4e3.83019644
[27-May-2026 22:00:01 UTC] Check status para job_id: pdf_6a17691ebca4e3.83019644
[27-May-2026 22:00:04 UTC] Check status para job_id: pdf_6a17691ebca4e3.83019644
[27-May-2026 22:00:04 UTC] Resultado encontrado - Status: completed
[27-May-2026 22:22:32 UTC] Check status para job_id: pdf_6a176ea52dd362.58901771
[27-May-2026 22:22:36 UTC] Check status para job_id: pdf_6a176ea52dd362.58901771
[27-May-2026 22:22:38 UTC] Check status para job_id: pdf_6a176ea52dd362.58901771
[27-May-2026 22:22:41 UTC] Check status para job_id: pdf_6a176ea52dd362.58901771
[27-May-2026 22:22:44 UTC] Check status para job_id: pdf_6a176ea52dd362.58901771
[27-May-2026 22:22:47 UTC] Check status para job_id: pdf_6a176ea52dd362.58901771
[27-May-2026 22:22:50 UTC] Check status para job_id: pdf_6a176ea52dd362.58901771
[27-May-2026 22:22:53 UTC] Check status para job_id: pdf_6a176ea52dd362.58901771
[27-May-2026 22:22:56 UTC] Check status para job_id: pdf_6a176ea52dd362.58901771
[27-May-2026 22:22:59 UTC] Check status para job_id: pdf_6a176ea52dd362.58901771
[27-May-2026 22:23:02 UTC] Check status para job_id: pdf_6a176ea52dd362.58901771
[27-May-2026 22:23:05 UTC] Check status para job_id: pdf_6a176ea52dd362.58901771
[27-May-2026 22:23:08 UTC] Check status para job_id: pdf_6a176ea52dd362.58901771
[27-May-2026 22:23:11 UTC] Check status para job_id: pdf_6a176ea52dd362.58901771
[27-May-2026 22:23:14 UTC] Check status para job_id: pdf_6a176ea52dd362.58901771
[27-May-2026 22:23:17 UTC] Check status para job_id: pdf_6a176ea52dd362.58901771
[27-May-2026 22:23:20 UTC] Check status para job_id: pdf_6a176ea52dd362.58901771
[27-May-2026 22:23:23 UTC] Check status para job_id: pdf_6a176ea52dd362.58901771
[27-May-2026 22:23:23 UTC] Resultado encontrado - Status: completed
[03-Jun-2026 17:47:37 UTC] Check status para job_id: pdf_6a2068ad42fa60.95783461
[03-Jun-2026 17:47:37 UTC] Check status para job_id: pdf_6a2068ad42fa60.95783461
[03-Jun-2026 17:47:37 UTC] Check status para job_id: pdf_6a2068ad42fa60.95783461
[03-Jun-2026 17:47:39 UTC] Check status para job_id: pdf_6a2068ad42fa60.95783461
[03-Jun-2026 17:47:42 UTC] Check status para job_id: pdf_6a2068ad42fa60.95783461
[03-Jun-2026 17:47:45 UTC] Check status para job_id: pdf_6a2068ad42fa60.95783461
[03-Jun-2026 17:47:48 UTC] Check status para job_id: pdf_6a2068ad42fa60.95783461
[03-Jun-2026 17:47:51 UTC] Check status para job_id: pdf_6a2068ad42fa60.95783461
[03-Jun-2026 17:47:54 UTC] Check status para job_id: pdf_6a2068ad42fa60.95783461
[03-Jun-2026 17:47:57 UTC] Check status para job_id: pdf_6a2068ad42fa60.95783461
[03-Jun-2026 17:48:00 UTC] Check status para job_id: pdf_6a2068ad42fa60.95783461
[03-Jun-2026 17:48:03 UTC] Check status para job_id: pdf_6a2068ad42fa60.95783461
[03-Jun-2026 17:48:06 UTC] Check status para job_id: pdf_6a2068ad42fa60.95783461
[03-Jun-2026 17:48:09 UTC] Check status para job_id: pdf_6a2068ad42fa60.95783461
[03-Jun-2026 17:48:12 UTC] Check status para job_id: pdf_6a2068ad42fa60.95783461
[03-Jun-2026 17:48:15 UTC] Check status para job_id: pdf_6a2068ad42fa60.95783461
[03-Jun-2026 17:48:18 UTC] Check status para job_id: pdf_6a2068ad42fa60.95783461
[03-Jun-2026 17:48:21 UTC] Check status para job_id: pdf_6a2068ad42fa60.95783461
[03-Jun-2026 17:48:24 UTC] Check status para job_id: pdf_6a2068ad42fa60.95783461
[03-Jun-2026 17:48:26 UTC] Check status para job_id: pdf_6a2068ad42fa60.95783461
[03-Jun-2026 17:48:29 UTC] Check status para job_id: pdf_6a2068ad42fa60.95783461
[03-Jun-2026 17:48:33 UTC] Check status para job_id: pdf_6a2068ad42fa60.95783461
[03-Jun-2026 17:48:36 UTC] Check status para job_id: pdf_6a2068ad42fa60.95783461
[03-Jun-2026 17:48:39 UTC] Check status para job_id: pdf_6a2068ad42fa60.95783461
[03-Jun-2026 17:48:42 UTC] Check status para job_id: pdf_6a2068ad42fa60.95783461
[03-Jun-2026 17:48:45 UTC] Check status para job_id: pdf_6a2068ad42fa60.95783461
[03-Jun-2026 17:48:48 UTC] Check status para job_id: pdf_6a2068ad42fa60.95783461
[03-Jun-2026 17:48:51 UTC] Check status para job_id: pdf_6a2068ad42fa60.95783461
[03-Jun-2026 17:48:54 UTC] Check status para job_id: pdf_6a2068ad42fa60.95783461
[03-Jun-2026 17:48:57 UTC] Check status para job_id: pdf_6a2068ad42fa60.95783461
[03-Jun-2026 17:49:00 UTC] Check status para job_id: pdf_6a2068ad42fa60.95783461
[03-Jun-2026 17:49:03 UTC] Check status para job_id: pdf_6a2068ad42fa60.95783461
[03-Jun-2026 17:49:06 UTC] Check status para job_id: pdf_6a2068ad42fa60.95783461
[03-Jun-2026 17:49:09 UTC] Check status para job_id: pdf_6a2068ad42fa60.95783461
[03-Jun-2026 17:49:09 UTC] Resultado encontrado - Status: completed
[03-Jun-2026 17:49:12 UTC] Check status para job_id: pdf_6a2068ad42fa60.95783461
[03-Jun-2026 17:49:12 UTC] Resultado encontrado - Status: completed
