[2025-10-29 03:57:00] === Iniciando procesamiento para job_id: pdf_6901908c371585.74899520 ===
[2025-10-29 03:57:00] Archivos verificados correctamente
[2025-10-29 03:57:00] Metadata actualizada a 'processing'
[2025-10-29 03:57:00] Enviando a n8n: http://3.17.144.50:5678/webhook/formulario-pdf?job_id=pdf_6901908c371585.74899520
[2025-10-29 03:57:00] Respuesta de n8n - HTTP: 200, Error: ninguno
[2025-10-29 03:57:00] Enviado exitosamente a n8n. Esperando callback...
[2025-10-29 04:10:11] === Iniciando procesamiento para job_id: pdf_690193a3a9e607.85953677 ===
[2025-10-29 04:10:11] Archivos verificados correctamente
[2025-10-29 04:10:11] Metadata actualizada a 'processing'
[2025-10-29 04:10:11] Enviando a n8n: http://3.17.144.50:5678/webhook/formulario-pdf?job_id=pdf_690193a3a9e607.85953677
[2025-10-29 04:10:11] Respuesta de n8n - HTTP: 200, Error: ninguno
[2025-10-29 04:10:11] Enviado exitosamente a n8n. Esperando callback...
[2025-10-29 04:32:35] === Iniciando procesamiento para job_id: pdf_690198e32868d7.77032943 ===
[2025-10-29 04:32:35] Archivos verificados correctamente
[2025-10-29 04:32:35] Metadata actualizada a 'processing'
[2025-10-29 04:32:35] Enviando a n8n: http://3.17.144.50:5678/webhook/formulario-pdf?job_id=pdf_690198e32868d7.77032943
[2025-10-29 04:32:35] Respuesta de n8n - HTTP: 200, Error: ninguno
[2025-10-29 04:32:35] Enviado exitosamente a n8n. Esperando callback...
[2025-10-29 17:12:08] === Iniciando procesamiento para job_id: pdf_69024ae87c6716.65373488 ===
[2025-10-29 17:12:08] Archivos verificados correctamente
[2025-10-29 17:12:08] Metadata actualizada a 'processing'
[2025-10-29 17:12:08] Enviando a n8n: http://3.17.144.50:5678/webhook/formulario-pdf?job_id=pdf_69024ae87c6716.65373488
[2025-10-29 17:12:08] Respuesta de n8n - HTTP: 200, Error: ninguno
[2025-10-29 17:12:08] Enviado exitosamente a n8n. Esperando callback...
[2025-10-29 17:22:55] === Iniciando procesamiento para job_id: pdf_69024d6fb24709.81481033 ===
[2025-10-29 17:22:55] Archivos verificados correctamente
[2025-10-29 17:22:55] Metadata actualizada a 'processing'
[2025-10-29 17:22:55] Enviando a n8n: http://3.17.144.50:5678/webhook/formulario-pdf?job_id=pdf_69024d6fb24709.81481033
[2025-10-29 17:22:55] Respuesta de n8n - HTTP: 200, Error: ninguno
[2025-10-29 17:22:55] Enviado exitosamente a n8n. Esperando callback...
[2025-10-29 17:43:53] === Iniciando procesamiento para job_id: pdf_69025259aa0518.87687583 ===
[2025-10-29 17:43:53] Archivos verificados correctamente
[2025-10-29 17:43:53] Metadata actualizada a 'processing'
[2025-10-29 17:43:53] Enviando a n8n: http://3.17.144.50:5678/webhook/formulario-pdf?job_id=pdf_69025259aa0518.87687583
[2025-10-29 17:43:53] Respuesta de n8n - HTTP: 200, Error: ninguno
[2025-10-29 17:43:53] Enviado exitosamente a n8n. Esperando callback...
[2025-10-29 18:02:10] === Iniciando procesamiento para job_id: pdf_690256a20e4353.21651699 ===
[2025-10-29 18:02:10] Archivos verificados correctamente
[2025-10-29 18:02:10] Metadata actualizada a 'processing'
[2025-10-29 18:02:10] Enviando a n8n: http://3.17.144.50:5678/webhook/formulario-pdf?job_id=pdf_690256a20e4353.21651699
[2025-10-29 18:02:10] Respuesta de n8n - HTTP: 200, Error: ninguno
[2025-10-29 18:02:10] Enviado exitosamente a n8n. Esperando callback...
[2025-10-29 18:20:32] === Iniciando procesamiento para job_id: pdf_69025af05adc90.90343025 ===
[2025-10-29 18:20:32] Archivos verificados correctamente
[2025-10-29 18:20:32] Metadata actualizada a 'processing'
[2025-10-29 18:20:32] Enviando a n8n: http://3.17.144.50:5678/webhook/formulario-pdf?job_id=pdf_69025af05adc90.90343025
[2025-10-29 18:20:32] Respuesta de n8n - HTTP: 200, Error: ninguno
[2025-10-29 18:20:32] Enviado exitosamente a n8n. Esperando callback...
[2025-10-29 18:30:14] === Iniciando procesamiento para job_id: pdf_69025d35947374.96007155 ===
[2025-10-29 18:30:14] Archivos verificados correctamente
[2025-10-29 18:30:14] Metadata actualizada a 'processing'
[2025-10-29 18:30:14] Enviando a n8n: http://3.17.144.50:5678/webhook/formulario-pdf?job_id=pdf_69025d35947374.96007155
[2025-10-29 18:30:14] Respuesta de n8n - HTTP: 200, Error: ninguno
[2025-10-29 18:30:14] Enviado exitosamente a n8n. Esperando callback...
[2025-10-29 18:38:56] === Iniciando procesamiento para job_id: pdf_69025f4087f501.39899153 ===
[2025-10-29 18:38:56] Archivos verificados correctamente
[2025-10-29 18:38:56] Metadata actualizada a 'processing'
[2025-10-29 18:38:56] Enviando a n8n: http://3.17.144.50:5678/webhook/formulario-pdf?job_id=pdf_69025f4087f501.39899153
[2025-10-29 18:38:56] Respuesta de n8n - HTTP: 200, Error: ninguno
[2025-10-29 18:38:56] Enviado exitosamente a n8n. Esperando callback...
[2025-10-29 18:53:38] === Iniciando procesamiento para job_id: pdf_690262b26e9b40.19834857 ===
[2025-10-29 18:53:38] Archivos verificados correctamente
[2025-10-29 18:53:38] Metadata actualizada a 'processing'
[2025-10-29 18:53:38] Enviando a n8n: http://3.17.144.50:5678/webhook/formulario-pdf?job_id=pdf_690262b26e9b40.19834857
[2025-10-29 18:53:38] Respuesta de n8n - HTTP: 200, Error: ninguno
[2025-10-29 18:53:38] Enviado exitosamente a n8n. Esperando callback...
[2025-10-29 19:11:46] === Iniciando procesamiento para job_id: pdf_690266f278eae7.21483230 ===
[2025-10-29 19:11:46] Archivos verificados correctamente
[2025-10-29 19:11:46] Metadata actualizada a 'processing'
[2025-10-29 19:11:46] Enviando a n8n: http://3.17.144.50:5678/webhook/formulario-pdf?job_id=pdf_690266f278eae7.21483230
[2025-10-29 19:11:46] Respuesta de n8n - HTTP: 200, Error: ninguno
[2025-10-29 19:11:46] Enviado exitosamente a n8n. Esperando callback...
[2025-10-29 19:27:04] === Iniciando procesamiento para job_id: pdf_69026a88920d46.53619299 ===
[2025-10-29 19:27:04] Archivos verificados correctamente
[2025-10-29 19:27:04] Metadata actualizada a 'processing'
[2025-10-29 19:27:04] Enviando a n8n: http://3.17.144.50:5678/webhook/formulario-pdf?job_id=pdf_69026a88920d46.53619299
[2025-10-29 19:27:04] Respuesta de n8n - HTTP: 200, Error: ninguno
[2025-10-29 19:27:04] Enviado exitosamente a n8n. Esperando callback...
[2025-10-29 19:27:19] === Iniciando procesamiento para job_id: pdf_69026a9794ac56.67090955 ===
[2025-10-29 19:27:19] Archivos verificados correctamente
[2025-10-29 19:27:19] Metadata actualizada a 'processing'
[2025-10-29 19:27:19] Enviando a n8n: http://3.17.144.50:5678/webhook/formulario-pdf?job_id=pdf_69026a9794ac56.67090955
[2025-10-29 19:27:19] Respuesta de n8n - HTTP: 200, Error: ninguno
[2025-10-29 19:27:19] Enviado exitosamente a n8n. Esperando callback...
[2025-10-29 19:43:11] === Iniciando procesamiento para job_id: pdf_69026e4f3123e9.96233219 ===
[2025-10-29 19:43:11] Archivos verificados correctamente
[2025-10-29 19:43:11] Metadata actualizada a 'processing'
[2025-10-29 19:43:11] Enviando a n8n: http://3.17.144.50:5678/webhook/formulario-pdf?job_id=pdf_69026e4f3123e9.96233219
[2025-10-29 19:43:11] Respuesta de n8n - HTTP: 200, Error: ninguno
[2025-10-29 19:43:11] Enviado exitosamente a n8n. Esperando callback...
[2025-10-29 19:54:32] === Iniciando procesamiento para job_id: pdf_690270f8d5b762.95406448 ===
[2025-10-29 19:54:32] Archivos verificados correctamente
[2025-10-29 19:54:32] Metadata actualizada a 'processing'
[2025-10-29 19:54:32] Enviando a n8n: http://3.17.144.50:5678/webhook/formulario-pdf?job_id=pdf_690270f8d5b762.95406448
[2025-10-29 19:54:33] Respuesta de n8n - HTTP: 200, Error: ninguno
[2025-10-29 19:54:33] Enviado exitosamente a n8n. Esperando callback...
[2025-10-29 20:03:59] === Iniciando procesamiento para job_id: pdf_6902732f7c9bd6.72438315 ===
[2025-10-29 20:03:59] Archivos verificados correctamente
[2025-10-29 20:03:59] Metadata actualizada a 'processing'
[2025-10-29 20:03:59] Enviando a n8n: http://3.17.144.50:5678/webhook/formulario-pdf?job_id=pdf_6902732f7c9bd6.72438315
[2025-10-29 20:03:59] Respuesta de n8n - HTTP: 200, Error: ninguno
[2025-10-29 20:03:59] Enviado exitosamente a n8n. Esperando callback...
[2025-10-29 21:27:22] === Iniciando procesamiento para job_id: pdf_690286ba7e2066.75748701 ===
[2025-10-29 21:27:22] Archivos verificados correctamente
[2025-10-29 21:27:22] Metadata actualizada a 'processing'
[2025-10-29 21:27:22] Enviando a n8n: http://3.17.144.50:5678/webhook/formulario-pdf?job_id=pdf_690286ba7e2066.75748701
[2025-10-29 21:27:22] Respuesta de n8n - HTTP: 200, Error: ninguno
[2025-10-29 21:27:22] Enviado exitosamente a n8n. Esperando callback...
[2025-10-29 21:31:33] === Iniciando procesamiento para job_id: pdf_690287b5b05281.76685393 ===
[2025-10-29 21:31:33] Archivos verificados correctamente
[2025-10-29 21:31:33] Metadata actualizada a 'processing'
[2025-10-29 21:31:33] Enviando a n8n: http://3.17.144.50:5678/webhook/formulario-pdf?job_id=pdf_690287b5b05281.76685393
[2025-10-29 21:31:33] Respuesta de n8n - HTTP: 200, Error: ninguno
[2025-10-29 21:31:33] Enviado exitosamente a n8n. Esperando callback...
[2025-10-29 21:52:44] === Iniciando procesamiento para job_id: pdf_69028cac839071.52412653 ===
[2025-10-29 21:52:44] Archivos verificados correctamente
[2025-10-29 21:52:44] Metadata actualizada a 'processing'
[2025-10-29 21:52:44] Enviando a n8n: http://3.17.144.50:5678/webhook/formulario-pdf?job_id=pdf_69028cac839071.52412653
[2025-10-29 21:52:44] Respuesta de n8n - HTTP: 200, Error: ninguno
[2025-10-29 21:52:44] Enviado exitosamente a n8n. Esperando callback...
[2025-10-29 22:21:15] === Iniciando procesamiento para job_id: pdf_6902935b337d45.36352960 ===
[2025-10-29 22:21:15] Archivos verificados correctamente
[2025-10-29 22:21:15] Metadata actualizada a 'processing'
[2025-10-29 22:21:15] Enviando a n8n: http://3.17.144.50:5678/webhook/formulario-pdf?job_id=pdf_6902935b337d45.36352960
[2025-10-29 22:21:15] Respuesta de n8n - HTTP: 200, Error: ninguno
[2025-10-29 22:21:15] Enviado exitosamente a n8n. Esperando callback...
[2025-10-29 22:31:19] === Iniciando procesamiento para job_id: pdf_690295b730cb43.68929479 ===
[2025-10-29 22:31:19] Archivos verificados correctamente
[2025-10-29 22:31:19] Metadata actualizada a 'processing'
[2025-10-29 22:31:19] Enviando a n8n: http://3.17.144.50:5678/webhook/formulario-pdf?job_id=pdf_690295b730cb43.68929479
[2025-10-29 22:31:19] Respuesta de n8n - HTTP: 200, Error: ninguno
[2025-10-29 22:31:19] Enviado exitosamente a n8n. Esperando callback...
[2025-10-29 22:36:36] === Iniciando procesamiento para job_id: pdf_690296f3e9bbe0.82258484 ===
[2025-10-29 22:36:36] Archivos verificados correctamente
[2025-10-29 22:36:36] Metadata actualizada a 'processing'
[2025-10-29 22:36:36] Enviando a n8n: http://3.17.144.50:5678/webhook/formulario-pdf?job_id=pdf_690296f3e9bbe0.82258484
[2025-10-29 22:36:36] Respuesta de n8n - HTTP: 200, Error: ninguno
[2025-10-29 22:36:36] Enviado exitosamente a n8n. Esperando callback...
[2025-10-29 22:46:56] === Iniciando procesamiento para job_id: pdf_69029960cdc094.01677923 ===
[2025-10-29 22:46:56] Archivos verificados correctamente
[2025-10-29 22:46:56] Metadata actualizada a 'processing'
[2025-10-29 22:46:56] Enviando a n8n: http://3.17.144.50:5678/webhook/formulario-pdf?job_id=pdf_69029960cdc094.01677923
[2025-10-29 22:46:57] Respuesta de n8n - HTTP: 200, Error: ninguno
[2025-10-29 22:46:57] Enviado exitosamente a n8n. Esperando callback...
[2025-10-29 22:56:21] === Iniciando procesamiento para job_id: pdf_69029b951de1a7.75753987 ===
[2025-10-29 22:56:21] Archivos verificados correctamente
[2025-10-29 22:56:21] Metadata actualizada a 'processing'
[2025-10-29 22:56:21] Enviando a n8n: http://3.17.144.50:5678/webhook/formulario-pdf?job_id=pdf_69029b951de1a7.75753987
[2025-10-29 22:56:21] Respuesta de n8n - HTTP: 200, Error: ninguno
[2025-10-29 22:56:21] Enviado exitosamente a n8n. Esperando callback...
[2025-10-30 16:30:22] === Iniciando procesamiento para job_id: pdf_6903929e6c14c0.85583207 ===
[2025-10-30 16:30:22] Archivos verificados correctamente
[2025-10-30 16:30:22] Metadata actualizada a 'processing'
[2025-10-30 16:30:22] Enviando a n8n: http://3.17.144.50:5678/webhook/formulario-pdf?job_id=pdf_6903929e6c14c0.85583207
[2025-10-30 16:30:23] Respuesta de n8n - HTTP: 200, Error: ninguno
[2025-10-30 16:30:23] Enviado exitosamente a n8n. Esperando callback...
[2025-10-30 20:49:19] === Iniciando procesamiento para job_id: pdf_6903cf4fa7ad83.43246154 ===
[2025-10-30 20:49:19] Archivos verificados correctamente
[2025-10-30 20:49:19] Metadata actualizada a 'processing'
[2025-10-30 20:49:19] Enviando a n8n: http://3.17.144.50:5678/webhook/formulario-pdf?job_id=pdf_6903cf4fa7ad83.43246154
[2025-10-30 20:49:19] Respuesta de n8n - HTTP: 200, Error: ninguno
[2025-10-30 20:49:19] Enviado exitosamente a n8n. Esperando callback...
[2025-10-30 20:59:05] === Iniciando procesamiento para job_id: pdf_6903d199cf47e3.99296526 ===
[2025-10-30 20:59:05] Archivos verificados correctamente
[2025-10-30 20:59:05] Metadata actualizada a 'processing'
[2025-10-30 20:59:05] Enviando a n8n: http://3.17.144.50:5678/webhook/formulario-pdf?job_id=pdf_6903d199cf47e3.99296526
[2025-10-30 20:59:06] Respuesta de n8n - HTTP: 200, Error: ninguno
[2025-10-30 20:59:06] Enviado exitosamente a n8n. Esperando callback...
[2025-10-30 21:34:13] === Iniciando procesamiento para job_id: pdf_6903d9d59b0a81.94446807 ===
[2025-10-30 21:34:13] Archivos verificados correctamente
[2025-10-30 21:34:13] Metadata actualizada a 'processing'
[2025-10-30 21:34:13] Enviando a n8n: http://3.17.144.50:5678/webhook/formulario-pdf?job_id=pdf_6903d9d59b0a81.94446807
[2025-10-30 21:34:13] Respuesta de n8n - HTTP: 200, Error: ninguno
[2025-10-30 21:34:13] Enviado exitosamente a n8n. Esperando callback...
[2025-11-01 00:22:09] === Iniciando procesamiento para job_id: pdf_690552b13b0170.61041354 ===
[2025-11-01 00:22:09] Archivos verificados correctamente
[2025-11-01 00:22:09] Metadata actualizada a 'processing'
[2025-11-01 00:22:09] Enviando a n8n: http://3.17.144.50:5678/webhook/formulario-pdf?job_id=pdf_690552b13b0170.61041354
[2025-11-01 00:22:09] Respuesta de n8n - HTTP: 200, Error: ninguno
[2025-11-01 00:22:09] Enviado exitosamente a n8n. Esperando callback...
[2025-11-05 17:36:16] === Iniciando procesamiento para job_id: pdf_690b8b107ebfc8.36220226 ===
[2025-11-05 17:36:16] Archivos verificados correctamente
[2025-11-05 17:36:16] Metadata actualizada a 'processing'
[2025-11-05 17:36:16] Enviando a n8n: http://3.17.144.50:5678/webhook/formulario-pdf?job_id=pdf_690b8b107ebfc8.36220226
[2025-11-05 17:36:17] Respuesta de n8n - HTTP: 200, Error: ninguno
[2025-11-05 17:36:17] Enviado exitosamente a n8n. Esperando callback...
[2025-11-05 20:31:35] === Iniciando procesamiento para job_id: pdf_690bb427797d07.20082263 ===
[2025-11-05 20:31:35] Archivos verificados correctamente
[2025-11-05 20:31:35] Metadata actualizada a 'processing'
[2025-11-05 20:31:35] Enviando a n8n: http://3.17.144.50:5678/webhook/formulario-pdf?job_id=pdf_690bb427797d07.20082263
[2025-11-05 20:31:35] Respuesta de n8n - HTTP: 200, Error: ninguno
[2025-11-05 20:31:35] Enviado exitosamente a n8n. Esperando callback...
[2025-11-05 20:42:07] === Iniciando procesamiento para job_id: pdf_690bb69f2f8421.16002670 ===
[2025-11-05 20:42:07] Archivos verificados correctamente
[2025-11-05 20:42:07] Metadata actualizada a 'processing'
[2025-11-05 20:42:07] Enviando a n8n: http://3.17.144.50:5678/webhook/formulario-pdf?job_id=pdf_690bb69f2f8421.16002670
[2025-11-05 20:42:07] Respuesta de n8n - HTTP: 200, Error: ninguno
[2025-11-05 20:42:07] Enviado exitosamente a n8n. Esperando callback...
[2025-11-05 21:21:24] === Iniciando procesamiento para job_id: pdf_690bbfd48787a0.17348382 ===
[2025-11-05 21:21:24] Archivos verificados correctamente
[2025-11-05 21:21:24] Metadata actualizada a 'processing'
[2025-11-05 21:21:24] Enviando a n8n: http://3.17.144.50:5678/webhook/formulario-pdf?job_id=pdf_690bbfd48787a0.17348382
[2025-11-05 21:21:25] Respuesta de n8n - HTTP: 200, Error: ninguno
[2025-11-05 21:21:25] Enviado exitosamente a n8n. Esperando callback...
[2025-11-05 21:27:38] === Iniciando procesamiento para job_id: pdf_690bc14a2dccb6.77661414 ===
[2025-11-05 21:27:38] Archivos verificados correctamente
[2025-11-05 21:27:38] Metadata actualizada a 'processing'
[2025-11-05 21:27:38] Enviando a n8n: http://3.17.144.50:5678/webhook/formulario-pdf?job_id=pdf_690bc14a2dccb6.77661414
[2025-11-05 21:27:38] Respuesta de n8n - HTTP: 200, Error: ninguno
[2025-11-05 21:27:38] Enviado exitosamente a n8n. Esperando callback...
[2025-11-05 21:32:53] === Iniciando procesamiento para job_id: pdf_690bc285ac7bb1.10365439 ===
[2025-11-05 21:32:53] Archivos verificados correctamente
[2025-11-05 21:32:53] Metadata actualizada a 'processing'
[2025-11-05 21:32:53] Enviando a n8n: http://3.17.144.50:5678/webhook/formulario-pdf?job_id=pdf_690bc285ac7bb1.10365439
[2025-11-05 21:32:53] Respuesta de n8n - HTTP: 200, Error: ninguno
[2025-11-05 21:32:53] Enviado exitosamente a n8n. Esperando callback...
[2025-11-05 21:36:35] === Iniciando procesamiento para job_id: pdf_690bc363ca6db2.87156958 ===
[2025-11-05 21:36:35] Archivos verificados correctamente
[2025-11-05 21:36:35] Metadata actualizada a 'processing'
[2025-11-05 21:36:35] Enviando a n8n: http://3.17.144.50:5678/webhook/formulario-pdf?job_id=pdf_690bc363ca6db2.87156958
[2025-11-05 21:36:36] Respuesta de n8n - HTTP: 200, Error: ninguno
[2025-11-05 21:36:36] Enviado exitosamente a n8n. Esperando callback...
[2025-11-06 00:32:31] === Iniciando procesamiento para job_id: pdf_690bec9fa17241.54379953 ===
[2025-11-06 00:32:31] Archivos verificados correctamente
[2025-11-06 00:32:31] Metadata actualizada a 'processing'
[2025-11-06 00:32:31] Enviando a n8n: http://3.17.144.50:5678/webhook/formulario-pdf?job_id=pdf_690bec9fa17241.54379953
[2025-11-06 00:32:31] Respuesta de n8n - HTTP: 200, Error: ninguno
[2025-11-06 00:32:31] Enviado exitosamente a n8n. Esperando callback...
[2025-11-06 00:57:06] === Iniciando procesamiento para job_id: pdf_690bf262843562.66051911 ===
[2025-11-06 00:57:06] Archivos verificados correctamente
[2025-11-06 00:57:06] Metadata actualizada a 'processing'
[2025-11-06 00:57:06] Enviando a n8n: http://3.17.144.50:5678/webhook/formulario-pdf?job_id=pdf_690bf262843562.66051911
[2025-11-06 00:57:06] Respuesta de n8n - HTTP: 200, Error: ninguno
[2025-11-06 00:57:06] Enviado exitosamente a n8n. Esperando callback...
[2025-11-06 01:07:14] === Iniciando procesamiento para job_id: pdf_690bf4c240d405.66749327 ===
[2025-11-06 01:07:14] Archivos verificados correctamente
[2025-11-06 01:07:14] Metadata actualizada a 'processing'
[2025-11-06 01:07:14] Enviando a n8n: http://3.17.144.50:5678/webhook/formulario-pdf?job_id=pdf_690bf4c240d405.66749327
[2025-11-06 01:07:14] Respuesta de n8n - HTTP: 200, Error: ninguno
[2025-11-06 01:07:14] Enviado exitosamente a n8n. Esperando callback...
[2025-11-06 02:39:37] === Iniciando procesamiento para job_id: pdf_690c0a68e09297.41933803 ===
[2025-11-06 02:39:37] Archivos verificados correctamente
[2025-11-06 02:39:37] Metadata actualizada a 'processing'
[2025-11-06 02:39:37] Enviando a n8n: http://3.17.144.50:5678/webhook/formulario-pdf?job_id=pdf_690c0a68e09297.41933803
[2025-11-06 02:39:37] Respuesta de n8n - HTTP: 200, Error: ninguno
[2025-11-06 02:39:37] Enviado exitosamente a n8n. Esperando callback...
[2025-11-06 02:59:03] === Iniciando procesamiento para job_id: pdf_690c0ef7792805.02437154 ===
[2025-11-06 02:59:03] Archivos verificados correctamente
[2025-11-06 02:59:03] Metadata actualizada a 'processing'
[2025-11-06 02:59:03] Enviando a n8n: http://3.17.144.50:5678/webhook/formulario-pdf?job_id=pdf_690c0ef7792805.02437154
[2025-11-06 02:59:03] Respuesta de n8n - HTTP: 200, Error: ninguno
[2025-11-06 02:59:03] Enviado exitosamente a n8n. Esperando callback...
[2025-11-06 03:36:22] === Iniciando procesamiento para job_id: pdf_690c17b67afc13.45811799 ===
[2025-11-06 03:36:22] Archivos verificados correctamente
[2025-11-06 03:36:22] Metadata actualizada a 'processing'
[2025-11-06 03:36:22] Enviando a n8n: http://3.17.144.50:5678/webhook/formulario-pdf?job_id=pdf_690c17b67afc13.45811799
[2025-11-06 03:36:22] Respuesta de n8n - HTTP: 200, Error: ninguno
[2025-11-06 03:36:22] Enviado exitosamente a n8n. Esperando callback...
[2025-11-06 04:34:52] === Iniciando procesamiento para job_id: pdf_690c256ca46df4.28208897 ===
[2025-11-06 04:34:52] Archivos verificados correctamente
[2025-11-06 04:34:52] Metadata actualizada a 'processing'
[2025-11-06 04:34:52] Enviando a n8n: http://3.17.144.50:5678/webhook/formulario-pdf?job_id=pdf_690c256ca46df4.28208897
[2025-11-06 04:34:52] Respuesta de n8n - HTTP: 200, Error: ninguno
[2025-11-06 04:34:52] Enviado exitosamente a n8n. Esperando callback...
[2025-11-06 05:29:23] === Iniciando procesamiento para job_id: pdf_690c3233825428.14465473 ===
[2025-11-06 05:29:23] Archivos verificados correctamente
[2025-11-06 05:29:23] Metadata actualizada a 'processing'
[2025-11-06 05:29:23] Enviando a n8n: http://3.17.144.50:5678/webhook/formulario-pdf?job_id=pdf_690c3233825428.14465473
[2025-11-06 05:29:23] Respuesta de n8n - HTTP: 200, Error: ninguno
[2025-11-06 05:29:23] Enviado exitosamente a n8n. Esperando callback...
[2025-11-06 19:19:35] === Iniciando procesamiento para job_id: pdf_690cf4c7d4de42.96029799 ===
[2025-11-06 19:19:35] Archivos verificados correctamente
[2025-11-06 19:19:35] Metadata actualizada a 'processing'
[2025-11-06 19:19:35] Enviando a n8n: http://3.17.144.50:5678/webhook/formulario-pdf?job_id=pdf_690cf4c7d4de42.96029799
[2025-11-06 19:19:36] Respuesta de n8n - HTTP: 200, Error: ninguno
[2025-11-06 19:19:36] Enviado exitosamente a n8n. Esperando callback...
[2025-11-07 03:33:56] === Iniciando procesamiento para job_id: pdf_690d68a40e6070.80421099 ===
[2025-11-07 03:33:56] Archivos verificados correctamente
[2025-11-07 03:33:56] Metadata actualizada a 'processing'
[2025-11-07 03:33:56] Enviando a n8n: http://3.17.144.50:5678/webhook/formulario-pdf?job_id=pdf_690d68a40e6070.80421099
[2025-11-07 03:33:56] Respuesta de n8n - HTTP: 200, Error: ninguno
[2025-11-07 03:33:56] Enviado exitosamente a n8n. Esperando callback...
[2025-11-07 15:50:29] === Iniciando procesamiento para job_id: pdf_690e1545222609.53779527 ===
[2025-11-07 15:50:29] Archivos verificados correctamente
[2025-11-07 15:50:29] Metadata actualizada a 'processing'
[2025-11-07 15:50:29] Enviando a n8n: http://3.17.144.50:5678/webhook/formulario-pdf?job_id=pdf_690e1545222609.53779527
[2025-11-07 15:50:29] Respuesta de n8n - HTTP: 200, Error: ninguno
[2025-11-07 15:50:29] Enviado exitosamente a n8n. Esperando callback...
[2025-11-07 16:10:45] === Iniciando procesamiento para job_id: pdf_690e1a05013e45.06584649 ===
[2025-11-07 16:10:45] Archivos verificados correctamente
[2025-11-07 16:10:45] Metadata actualizada a 'processing'
[2025-11-07 16:10:45] Enviando a n8n: http://3.17.144.50:5678/webhook/formulario-pdf?job_id=pdf_690e1a05013e45.06584649
[2025-11-07 16:10:45] Respuesta de n8n - HTTP: 200, Error: ninguno
[2025-11-07 16:10:45] Enviado exitosamente a n8n. Esperando callback...
[2025-11-07 16:36:07] === Iniciando procesamiento para job_id: pdf_690e1ff6ee1ab0.43616683 ===
[2025-11-07 16:36:07] Archivos verificados correctamente
[2025-11-07 16:36:07] Metadata actualizada a 'processing'
[2025-11-07 16:36:07] Enviando a n8n: http://3.17.144.50:5678/webhook/formulario-pdf?job_id=pdf_690e1ff6ee1ab0.43616683
[2025-11-07 16:36:07] Respuesta de n8n - HTTP: 200, Error: ninguno
[2025-11-07 16:36:07] Enviado exitosamente a n8n. Esperando callback...
[2025-11-07 18:39:10] === Iniciando procesamiento para job_id: pdf_690e3ccde7f3f4.70728012 ===
[2025-11-07 18:39:10] Archivos verificados correctamente
[2025-11-07 18:39:10] Metadata actualizada a 'processing'
[2025-11-07 18:39:10] Enviando a n8n: http://3.17.144.50:5678/webhook/formulario-pdf?job_id=pdf_690e3ccde7f3f4.70728012
[2025-11-07 18:39:10] Respuesta de n8n - HTTP: 200, Error: ninguno
[2025-11-07 18:39:10] Enviado exitosamente a n8n. Esperando callback...
[2025-11-07 18:46:04] === Iniciando procesamiento para job_id: pdf_690e3e6be20360.68397083 ===
[2025-11-07 18:46:04] Archivos verificados correctamente
[2025-11-07 18:46:04] Metadata actualizada a 'processing'
[2025-11-07 18:46:04] Enviando a n8n: http://3.17.144.50:5678/webhook/formulario-pdf?job_id=pdf_690e3e6be20360.68397083
[2025-11-07 18:46:04] Respuesta de n8n - HTTP: 200, Error: ninguno
[2025-11-07 18:46:04] Enviado exitosamente a n8n. Esperando callback...
[2025-11-07 18:58:15] === Iniciando procesamiento para job_id: pdf_690e4147d0e235.21373841 ===
[2025-11-07 18:58:15] Archivos verificados correctamente
[2025-11-07 18:58:15] Metadata actualizada a 'processing'
[2025-11-07 18:58:15] Enviando a n8n: http://3.17.144.50:5678/webhook/formulario-pdf?job_id=pdf_690e4147d0e235.21373841
[2025-11-07 18:58:16] Respuesta de n8n - HTTP: 200, Error: ninguno
[2025-11-07 18:58:16] Enviado exitosamente a n8n. Esperando callback...
[2025-11-07 19:09:19] === Iniciando procesamiento para job_id: pdf_690e43dfaa0be6.03641833 ===
[2025-11-07 19:09:19] Archivos verificados correctamente
[2025-11-07 19:09:19] Metadata actualizada a 'processing'
[2025-11-07 19:09:19] Enviando a n8n: http://3.17.144.50:5678/webhook/formulario-pdf?job_id=pdf_690e43dfaa0be6.03641833
[2025-11-07 19:09:20] Respuesta de n8n - HTTP: 200, Error: ninguno
[2025-11-07 19:09:20] Enviado exitosamente a n8n. Esperando callback...
[2025-11-07 19:21:29] === Iniciando procesamiento para job_id: pdf_690e46b98a9d14.74384080 ===
[2025-11-07 19:21:29] Archivos verificados correctamente
[2025-11-07 19:21:29] Metadata actualizada a 'processing'
[2025-11-07 19:21:29] Enviando a n8n: http://3.17.144.50:5678/webhook/formulario-pdf?job_id=pdf_690e46b98a9d14.74384080
[2025-11-07 19:21:29] Respuesta de n8n - HTTP: 200, Error: ninguno
[2025-11-07 19:21:29] Enviado exitosamente a n8n. Esperando callback...
[2025-11-07 19:38:47] === Iniciando procesamiento para job_id: pdf_690e4ac7be2b42.59016840 ===
[2025-11-07 19:38:47] Archivos verificados correctamente
[2025-11-07 19:38:47] Metadata actualizada a 'processing'
[2025-11-07 19:38:47] Enviando a n8n: http://3.17.144.50:5678/webhook/formulario-pdf?job_id=pdf_690e4ac7be2b42.59016840
[2025-11-07 19:38:48] Respuesta de n8n - HTTP: 200, Error: ninguno
[2025-11-07 19:38:48] Enviado exitosamente a n8n. Esperando callback...
[2025-11-07 19:51:59] === Iniciando procesamiento para job_id: pdf_690e4ddf9eab38.08879469 ===
[2025-11-07 19:51:59] Archivos verificados correctamente
[2025-11-07 19:51:59] Metadata actualizada a 'processing'
[2025-11-07 19:51:59] Enviando a n8n: http://3.17.144.50:5678/webhook/formulario-pdf?job_id=pdf_690e4ddf9eab38.08879469
[2025-11-07 19:52:00] Respuesta de n8n - HTTP: 200, Error: ninguno
[2025-11-07 19:52:00] Enviado exitosamente a n8n. Esperando callback...
[2025-11-07 20:07:22] === Iniciando procesamiento para job_id: pdf_690e517ab22d84.69445479 ===
[2025-11-07 20:07:22] Archivos verificados correctamente
[2025-11-07 20:07:22] Metadata actualizada a 'processing'
[2025-11-07 20:07:22] Enviando a n8n: http://3.17.144.50:5678/webhook/formulario-pdf?job_id=pdf_690e517ab22d84.69445479
[2025-11-07 20:07:23] Respuesta de n8n - HTTP: 200, Error: ninguno
[2025-11-07 20:07:23] Enviado exitosamente a n8n. Esperando callback...
[2025-11-07 20:36:23] === Iniciando procesamiento para job_id: pdf_690e5847300180.00577286 ===
[2025-11-07 20:36:23] Archivos verificados correctamente
[2025-11-07 20:36:23] Metadata actualizada a 'processing'
[2025-11-07 20:36:23] Enviando a n8n: http://3.17.144.50:5678/webhook/formulario-pdf?job_id=pdf_690e5847300180.00577286
[2025-11-07 20:36:23] Respuesta de n8n - HTTP: 200, Error: ninguno
[2025-11-07 20:36:23] Enviado exitosamente a n8n. Esperando callback...
[2025-11-10 04:16:16] === Iniciando procesamiento para job_id: pdf_6911670fe36fb5.40771225 ===
[2025-11-10 04:16:16] Archivos verificados correctamente
[2025-11-10 04:16:16] Metadata actualizada a 'processing'
[2025-11-10 04:16:16] Enviando a n8n: http://3.17.144.50:5678/webhook/formulario-pdf?job_id=pdf_6911670fe36fb5.40771225
[2025-11-10 04:16:16] Respuesta de n8n - HTTP: 200, Error: ninguno
[2025-11-10 04:16:16] Enviado exitosamente a n8n. Esperando callback...
[2025-11-10 04:55:48] === Iniciando procesamiento para job_id: pdf_6911705420e330.21678800 ===
[2025-11-10 04:55:48] Archivos verificados correctamente
[2025-11-10 04:55:48] Metadata actualizada a 'processing'
[2025-11-10 04:55:48] Enviando a n8n: http://3.17.144.50:5678/webhook/formulario-pdf?job_id=pdf_6911705420e330.21678800
[2025-11-10 04:55:48] Respuesta de n8n - HTTP: 200, Error: ninguno
[2025-11-10 04:55:48] Enviado exitosamente a n8n. Esperando callback...
[2025-11-10 05:04:26] === Iniciando procesamiento para job_id: pdf_6911725a354b50.60435478 ===
[2025-11-10 05:04:26] Archivos verificados correctamente
[2025-11-10 05:04:26] Metadata actualizada a 'processing'
[2025-11-10 05:04:26] Enviando a n8n: http://3.17.144.50:5678/webhook/formulario-pdf?job_id=pdf_6911725a354b50.60435478
[2025-11-10 05:04:26] Respuesta de n8n - HTTP: 200, Error: ninguno
[2025-11-10 05:04:26] Enviado exitosamente a n8n. Esperando callback...
[2025-11-10 05:18:46] === Iniciando procesamiento para job_id: pdf_691175b655b339.17370028 ===
[2025-11-10 05:18:46] Archivos verificados correctamente
[2025-11-10 05:18:46] Metadata actualizada a 'processing'
[2025-11-10 05:18:46] Enviando a n8n: http://3.17.144.50:5678/webhook/formulario-pdf?job_id=pdf_691175b655b339.17370028
[2025-11-10 05:18:46] Respuesta de n8n - HTTP: 200, Error: ninguno
[2025-11-10 05:18:46] Enviado exitosamente a n8n. Esperando callback...
[2025-11-10 05:35:49] === Iniciando procesamiento para job_id: pdf_691179b54b0f48.22562997 ===
[2025-11-10 05:35:49] Archivos verificados correctamente
[2025-11-10 05:35:49] Metadata actualizada a 'processing'
[2025-11-10 05:35:49] Enviando a n8n: http://3.17.144.50:5678/webhook/formulario-pdf?job_id=pdf_691179b54b0f48.22562997
[2025-11-10 05:35:49] Respuesta de n8n - HTTP: 200, Error: ninguno
[2025-11-10 05:35:49] Enviado exitosamente a n8n. Esperando callback...
[2025-11-10 16:51:39] === Iniciando procesamiento para job_id: pdf_6912181b5c7404.92125799 ===
[2025-11-10 16:51:39] Archivos verificados correctamente
[2025-11-10 16:51:39] Metadata actualizada a 'processing'
[2025-11-10 16:51:39] Enviando a n8n: http://3.17.144.50:5678/webhook/formulario-pdf?job_id=pdf_6912181b5c7404.92125799
[2025-11-10 16:51:39] Respuesta de n8n - HTTP: 200, Error: ninguno
[2025-11-10 16:51:39] Enviado exitosamente a n8n. Esperando callback...
[2025-11-10 17:07:05] === Iniciando procesamiento para job_id: pdf_69121bb9141b20.72815258 ===
[2025-11-10 17:07:05] Archivos verificados correctamente
[2025-11-10 17:07:05] Metadata actualizada a 'processing'
[2025-11-10 17:07:05] Enviando a n8n: http://3.17.144.50:5678/webhook/formulario-pdf?job_id=pdf_69121bb9141b20.72815258
[2025-11-10 17:07:05] Respuesta de n8n - HTTP: 200, Error: ninguno
[2025-11-10 17:07:05] Enviado exitosamente a n8n. Esperando callback...
[2025-11-10 17:20:07] === Iniciando procesamiento para job_id: pdf_69121ec70ac046.13547039 ===
[2025-11-10 17:20:07] Archivos verificados correctamente
[2025-11-10 17:20:07] Metadata actualizada a 'processing'
[2025-11-10 17:20:07] Enviando a n8n: http://3.17.144.50:5678/webhook/formulario-pdf?job_id=pdf_69121ec70ac046.13547039
[2025-11-10 17:20:07] Respuesta de n8n - HTTP: 200, Error: ninguno
[2025-11-10 17:20:07] Enviado exitosamente a n8n. Esperando callback...
[2025-11-10 17:23:38] === Iniciando procesamiento para job_id: pdf_69121f9a5bf896.92787441 ===
[2025-11-10 17:23:38] Archivos verificados correctamente
[2025-11-10 17:23:38] Metadata actualizada a 'processing'
[2025-11-10 17:23:38] Enviando a n8n: http://3.17.144.50:5678/webhook/formulario-pdf?job_id=pdf_69121f9a5bf896.92787441
[2025-11-10 17:23:39] Respuesta de n8n - HTTP: 200, Error: ninguno
[2025-11-10 17:23:39] Enviado exitosamente a n8n. Esperando callback...
[2025-11-10 17:31:30] === Iniciando procesamiento para job_id: pdf_691221728f9905.01651047 ===
[2025-11-10 17:31:30] Archivos verificados correctamente
[2025-11-10 17:31:30] Metadata actualizada a 'processing'
[2025-11-10 17:31:30] Enviando a n8n: http://3.17.144.50:5678/webhook/formulario-pdf?job_id=pdf_691221728f9905.01651047
[2025-11-10 17:31:30] Respuesta de n8n - HTTP: 200, Error: ninguno
[2025-11-10 17:31:30] Enviado exitosamente a n8n. Esperando callback...
[2025-11-10 19:29:29] === Iniciando procesamiento para job_id: pdf_69123d19717ca7.39201994 ===
[2025-11-10 19:29:29] Archivos verificados correctamente
[2025-11-10 19:29:29] Metadata actualizada a 'processing'
[2025-11-10 19:29:29] Enviando a n8n: http://3.17.144.50:5678/webhook/formulario-pdf?job_id=pdf_69123d19717ca7.39201994
[2025-11-10 19:29:30] Respuesta de n8n - HTTP: 200, Error: ninguno
[2025-11-10 19:29:30] Enviado exitosamente a n8n. Esperando callback...
[2025-11-10 19:40:08] === Iniciando procesamiento para job_id: pdf_69123f98777398.82247827 ===
[2025-11-10 19:40:08] Archivos verificados correctamente
[2025-11-10 19:40:08] Metadata actualizada a 'processing'
[2025-11-10 19:40:08] Enviando a n8n: http://3.17.144.50:5678/webhook/formulario-pdf?job_id=pdf_69123f98777398.82247827
[2025-11-10 19:40:08] Respuesta de n8n - HTTP: 200, Error: ninguno
[2025-11-10 19:40:08] Enviado exitosamente a n8n. Esperando callback...
[2025-11-10 19:50:49] === Iniciando procesamiento para job_id: pdf_691242196862a8.40620989 ===
[2025-11-10 19:50:49] Archivos verificados correctamente
[2025-11-10 19:50:49] Metadata actualizada a 'processing'
[2025-11-10 19:50:49] Enviando a n8n: http://3.17.144.50:5678/webhook/formulario-pdf?job_id=pdf_691242196862a8.40620989
[2025-11-10 19:50:49] Respuesta de n8n - HTTP: 200, Error: ninguno
[2025-11-10 19:50:49] Enviado exitosamente a n8n. Esperando callback...
[2025-11-10 19:59:45] === Iniciando procesamiento para job_id: pdf_69124430b89dc9.26617297 ===
[2025-11-10 19:59:45] Archivos verificados correctamente
[2025-11-10 19:59:45] Metadata actualizada a 'processing'
[2025-11-10 19:59:45] Enviando a n8n: http://3.17.144.50:5678/webhook/formulario-pdf?job_id=pdf_69124430b89dc9.26617297
[2025-11-10 19:59:45] Respuesta de n8n - HTTP: 200, Error: ninguno
[2025-11-10 19:59:45] Enviado exitosamente a n8n. Esperando callback...
[2025-11-10 20:27:19] === Iniciando procesamiento para job_id: pdf_69124aa7bf19a1.15708531 ===
[2025-11-10 20:27:19] Archivos verificados correctamente
[2025-11-10 20:27:19] Metadata actualizada a 'processing'
[2025-11-10 20:27:19] Enviando a n8n: http://3.17.144.50:5678/webhook/formulario-pdf?job_id=pdf_69124aa7bf19a1.15708531
[2025-11-10 20:27:20] Respuesta de n8n - HTTP: 200, Error: ninguno
[2025-11-10 20:27:20] Enviado exitosamente a n8n. Esperando callback...
[2025-11-10 20:56:03] === Iniciando procesamiento para job_id: pdf_69125163b0ca73.82627810 ===
[2025-11-10 20:56:03] Archivos verificados correctamente
[2025-11-10 20:56:03] Metadata actualizada a 'processing'
[2025-11-10 20:56:03] Enviando a n8n: http://3.17.144.50:5678/webhook/formulario-pdf?job_id=pdf_69125163b0ca73.82627810
[2025-11-10 20:56:04] Respuesta de n8n - HTTP: 200, Error: ninguno
[2025-11-10 20:56:04] Enviado exitosamente a n8n. Esperando callback...
[2025-11-10 23:14:54] === Iniciando procesamiento para job_id: pdf_691271eecf1281.10402441 ===
[2025-11-10 23:14:54] Archivos verificados correctamente
[2025-11-10 23:14:54] Metadata actualizada a 'processing'
[2025-11-10 23:14:54] Enviando a n8n: http://3.17.144.50:5678/webhook/formulario-pdf?job_id=pdf_691271eecf1281.10402441
[2025-11-10 23:14:55] Respuesta de n8n - HTTP: 200, Error: ninguno
[2025-11-10 23:14:55] Enviado exitosamente a n8n. Esperando callback...
[2025-11-10 23:17:38] === Iniciando procesamiento para job_id: pdf_69127292ceb971.68531493 ===
[2025-11-10 23:17:38] Archivos verificados correctamente
[2025-11-10 23:17:38] Metadata actualizada a 'processing'
[2025-11-10 23:17:38] Enviando a n8n: http://3.17.144.50:5678/webhook/formulario-pdf?job_id=pdf_69127292ceb971.68531493
[2025-11-10 23:17:39] Respuesta de n8n - HTTP: 200, Error: ninguno
[2025-11-10 23:17:39] Enviado exitosamente a n8n. Esperando callback...
[2025-11-10 23:19:31] === Iniciando procesamiento para job_id: pdf_691273038395e9.25997246 ===
[2025-11-10 23:19:31] Archivos verificados correctamente
[2025-11-10 23:19:31] Metadata actualizada a 'processing'
[2025-11-10 23:19:31] Enviando a n8n: http://3.17.144.50:5678/webhook/formulario-pdf?job_id=pdf_691273038395e9.25997246
[2025-11-10 23:19:31] Respuesta de n8n - HTTP: 200, Error: ninguno
[2025-11-10 23:19:31] Enviado exitosamente a n8n. Esperando callback...
[2025-11-10 23:22:33] === Iniciando procesamiento para job_id: pdf_691273b8f22355.14057123 ===
[2025-11-10 23:22:33] Archivos verificados correctamente
[2025-11-10 23:22:33] Metadata actualizada a 'processing'
[2025-11-10 23:22:33] Enviando a n8n: http://3.17.144.50:5678/webhook/formulario-pdf?job_id=pdf_691273b8f22355.14057123
[2025-11-10 23:22:33] Respuesta de n8n - HTTP: 200, Error: ninguno
[2025-11-10 23:22:33] Enviado exitosamente a n8n. Esperando callback...
[2025-11-10 23:31:43] === Iniciando procesamiento para job_id: pdf_691275dfb4d903.60167226 ===
[2025-11-10 23:31:43] Archivos verificados correctamente
[2025-11-10 23:31:43] Metadata actualizada a 'processing'
[2025-11-10 23:31:43] Enviando a n8n: http://3.17.144.50:5678/webhook/formulario-pdf?job_id=pdf_691275dfb4d903.60167226
[2025-11-10 23:31:44] Respuesta de n8n - HTTP: 200, Error: ninguno
[2025-11-10 23:31:44] Enviado exitosamente a n8n. Esperando callback...
[2025-11-11 00:14:22] === Iniciando procesamiento para job_id: pdf_69127fdea14df4.53278232 ===
[2025-11-11 00:14:22] Archivos verificados correctamente
[2025-11-11 00:14:22] Metadata actualizada a 'processing'
[2025-11-11 00:14:22] Enviando a n8n: http://3.17.144.50:5678/webhook/formulario-pdf?job_id=pdf_69127fdea14df4.53278232
[2025-11-11 00:14:22] Respuesta de n8n - HTTP: 200, Error: ninguno
[2025-11-11 00:14:22] Enviado exitosamente a n8n. Esperando callback...
[2025-11-11 00:25:15] === Iniciando procesamiento para job_id: pdf_6912826ad6f6c4.62897461 ===
[2025-11-11 00:25:15] Archivos verificados correctamente
[2025-11-11 00:25:15] Metadata actualizada a 'processing'
[2025-11-11 00:25:15] Enviando a n8n: http://3.17.144.50:5678/webhook/formulario-pdf?job_id=pdf_6912826ad6f6c4.62897461
[2025-11-11 00:25:15] Respuesta de n8n - HTTP: 200, Error: ninguno
[2025-11-11 00:25:15] Enviado exitosamente a n8n. Esperando callback...
[2025-11-14 02:08:51] === Iniciando procesamiento para job_id: pdf_69168f33686472.75398861 ===
[2025-11-14 02:08:51] Archivos verificados correctamente
[2025-11-14 02:08:51] Metadata actualizada a 'processing'
[2025-11-14 02:08:51] Enviando a n8n: http://3.17.144.50:5678/webhook/formulario-pdf?job_id=pdf_69168f33686472.75398861
[2025-11-14 02:08:51] Respuesta de n8n - HTTP: 200, Error: ninguno
[2025-11-14 02:08:51] Enviado exitosamente a n8n. Esperando callback...
[2025-11-14 02:20:02] === Iniciando procesamiento para job_id: pdf_691691d2adfab6.58916565 ===
[2025-11-14 02:20:02] Archivos verificados correctamente
[2025-11-14 02:20:02] Metadata actualizada a 'processing'
[2025-11-14 02:20:02] Enviando a n8n: http://3.17.144.50:5678/webhook/formulario-pdf?job_id=pdf_691691d2adfab6.58916565
[2025-11-14 02:20:03] Respuesta de n8n - HTTP: 200, Error: ninguno
[2025-11-14 02:20:03] Enviado exitosamente a n8n. Esperando callback...
[2025-11-14 02:32:22] === Iniciando procesamiento para job_id: pdf_691694b64bfd87.32948794 ===
[2025-11-14 02:32:22] Archivos verificados correctamente
[2025-11-14 02:32:22] Metadata actualizada a 'processing'
[2025-11-14 02:32:22] Enviando a n8n: http://3.17.144.50:5678/webhook/formulario-pdf?job_id=pdf_691694b64bfd87.32948794
[2025-11-14 02:32:22] Respuesta de n8n - HTTP: 200, Error: ninguno
[2025-11-14 02:32:22] Enviado exitosamente a n8n. Esperando callback...
[2025-11-14 02:34:42] === Iniciando procesamiento para job_id: pdf_691695426728d9.01492476 ===
[2025-11-14 02:34:42] Archivos verificados correctamente
[2025-11-14 02:34:42] Metadata actualizada a 'processing'
[2025-11-14 02:34:42] Enviando a n8n: http://3.17.144.50:5678/webhook/formulario-pdf?job_id=pdf_691695426728d9.01492476
[2025-11-14 02:34:42] Respuesta de n8n - HTTP: 200, Error: ninguno
[2025-11-14 02:34:42] Enviado exitosamente a n8n. Esperando callback...
[2025-11-14 02:47:07] === Iniciando procesamiento para job_id: pdf_6916982adc8011.54172105 ===
[2025-11-14 02:47:07] Archivos verificados correctamente
[2025-11-14 02:47:07] Metadata actualizada a 'processing'
[2025-11-14 02:47:07] Enviando a n8n: http://3.17.144.50:5678/webhook/formulario-pdf?job_id=pdf_6916982adc8011.54172105
[2025-11-14 02:47:07] Respuesta de n8n - HTTP: 200, Error: ninguno
[2025-11-14 02:47:07] Enviado exitosamente a n8n. Esperando callback...
[2025-11-14 02:54:16] === Iniciando procesamiento para job_id: pdf_691699d7bba485.51640525 ===
[2025-11-14 02:54:16] Archivos verificados correctamente
[2025-11-14 02:54:16] Metadata actualizada a 'processing'
[2025-11-14 02:54:16] Enviando a n8n: http://3.17.144.50:5678/webhook/formulario-pdf?job_id=pdf_691699d7bba485.51640525
[2025-11-14 02:54:16] Respuesta de n8n - HTTP: 200, Error: ninguno
[2025-11-14 02:54:16] Enviado exitosamente a n8n. Esperando callback...
[2025-11-14 03:13:04] === Iniciando procesamiento para job_id: pdf_69169e400bd3f9.58098439 ===
[2025-11-14 03:13:04] Archivos verificados correctamente
[2025-11-14 03:13:04] Metadata actualizada a 'processing'
[2025-11-14 03:13:04] Enviando a n8n: http://3.17.144.50:5678/webhook/formulario-pdf?job_id=pdf_69169e400bd3f9.58098439
[2025-11-14 03:13:04] Respuesta de n8n - HTTP: 200, Error: ninguno
[2025-11-14 03:13:04] Enviado exitosamente a n8n. Esperando callback...
[2025-11-14 03:16:50] === Iniciando procesamiento para job_id: pdf_69169f22bac1e8.94068455 ===
[2025-11-14 03:16:50] Archivos verificados correctamente
[2025-11-14 03:16:50] Metadata actualizada a 'processing'
[2025-11-14 03:16:50] Enviando a n8n: http://3.17.144.50:5678/webhook/formulario-pdf?job_id=pdf_69169f22bac1e8.94068455
[2025-11-14 03:16:51] Respuesta de n8n - HTTP: 200, Error: ninguno
[2025-11-14 03:16:51] Enviado exitosamente a n8n. Esperando callback...
[2025-11-18 20:08:24] === Iniciando procesamiento para job_id: pdf_691cd238544fa0.30154622 ===
[2025-11-18 20:08:24] Archivos verificados correctamente
[2025-11-18 20:08:24] Metadata actualizada a 'processing'
[2025-11-18 20:08:24] Enviando a n8n: http://3.17.144.50:5678/webhook/formulario-pdf?job_id=pdf_691cd238544fa0.30154622
[2025-11-18 20:08:24] Respuesta de n8n - HTTP: 200, Error: ninguno
[2025-11-18 20:08:24] Enviado exitosamente a n8n. Esperando callback...
[2025-11-18 21:16:08] === Iniciando procesamiento para job_id: pdf_691ce218a3acc7.35769619 ===
[2025-11-18 21:16:08] Archivos verificados correctamente
[2025-11-18 21:16:08] Metadata actualizada a 'processing'
[2025-11-18 21:16:08] Enviando a n8n: http://3.17.144.50:5678/webhook/formulario-pdf?job_id=pdf_691ce218a3acc7.35769619
[2025-11-18 21:16:09] Respuesta de n8n - HTTP: 200, Error: ninguno
[2025-11-18 21:16:09] Enviado exitosamente a n8n. Esperando callback...
[2025-11-19 16:25:00] === Iniciando procesamiento para job_id: pdf_691def5cbe3a33.71083832 ===
[2025-11-19 16:25:00] Archivos verificados correctamente
[2025-11-19 16:25:00] Metadata actualizada a 'processing'
[2025-11-19 16:25:00] Enviando a n8n: http://3.17.144.50:5678/webhook/formulario-pdf?job_id=pdf_691def5cbe3a33.71083832
[2025-11-19 16:25:01] Respuesta de n8n - HTTP: 200, Error: ninguno
[2025-11-19 16:25:01] Enviado exitosamente a n8n. Esperando callback...
[2025-11-19 16:35:44] === Iniciando procesamiento para job_id: pdf_691df1e05e90e4.74568468 ===
[2025-11-19 16:35:44] Archivos verificados correctamente
[2025-11-19 16:35:44] Metadata actualizada a 'processing'
[2025-11-19 16:35:44] Enviando a n8n: http://3.17.144.50:5678/webhook/formulario-pdf?job_id=pdf_691df1e05e90e4.74568468
[2025-11-19 16:35:44] Respuesta de n8n - HTTP: 200, Error: ninguno
[2025-11-19 16:35:44] Enviado exitosamente a n8n. Esperando callback...
[2025-11-19 16:42:09] === Iniciando procesamiento para job_id: pdf_691df360c4bfb2.46425430 ===
[2025-11-19 16:42:09] Archivos verificados correctamente
[2025-11-19 16:42:09] Metadata actualizada a 'processing'
[2025-11-19 16:42:09] Enviando a n8n: http://3.17.144.50:5678/webhook/formulario-pdf?job_id=pdf_691df360c4bfb2.46425430
[2025-11-19 16:42:09] Respuesta de n8n - HTTP: 200, Error: ninguno
[2025-11-19 16:42:09] Enviado exitosamente a n8n. Esperando callback...
[2025-11-19 17:36:15] === Iniciando procesamiento para job_id: pdf_691e000f914652.83381359 ===
[2025-11-19 17:36:15] Archivos verificados correctamente
[2025-11-19 17:36:15] Metadata actualizada a 'processing'
[2025-11-19 17:36:15] Enviando a n8n: http://3.17.144.50:5678/webhook/formulario-pdf?job_id=pdf_691e000f914652.83381359
[2025-11-19 17:36:16] Respuesta de n8n - HTTP: 200, Error: ninguno
[2025-11-19 17:36:16] Enviado exitosamente a n8n. Esperando callback...
[2025-11-19 17:49:49] === Iniciando procesamiento para job_id: pdf_691e033c8df5b2.27536495 ===
[2025-11-19 17:49:49] Archivos verificados correctamente
[2025-11-19 17:49:49] Metadata actualizada a 'processing'
[2025-11-19 17:49:49] Enviando a n8n: http://3.17.144.50:5678/webhook/formulario-pdf?job_id=pdf_691e033c8df5b2.27536495
[2025-11-19 17:49:49] Respuesta de n8n - HTTP: 200, Error: ninguno
[2025-11-19 17:49:49] Enviado exitosamente a n8n. Esperando callback...
[2025-11-19 18:00:10] === Iniciando procesamiento para job_id: pdf_691e05aa2f9140.31354978 ===
[2025-11-19 18:00:10] Archivos verificados correctamente
[2025-11-19 18:00:10] Metadata actualizada a 'processing'
[2025-11-19 18:00:10] Enviando a n8n: http://3.17.144.50:5678/webhook/formulario-pdf?job_id=pdf_691e05aa2f9140.31354978
[2025-11-19 18:00:10] Respuesta de n8n - HTTP: 200, Error: ninguno
[2025-11-19 18:00:10] Enviado exitosamente a n8n. Esperando callback...
[2025-11-19 18:14:53] === Iniciando procesamiento para job_id: pdf_691e091d2627e6.53127887 ===
[2025-11-19 18:14:53] Archivos verificados correctamente
[2025-11-19 18:14:53] Metadata actualizada a 'processing'
[2025-11-19 18:14:53] Enviando a n8n: http://3.17.144.50:5678/webhook/formulario-pdf?job_id=pdf_691e091d2627e6.53127887
[2025-11-19 18:14:53] Respuesta de n8n - HTTP: 200, Error: ninguno
[2025-11-19 18:14:53] Enviado exitosamente a n8n. Esperando callback...
[2025-11-19 18:27:53] === Iniciando procesamiento para job_id: pdf_691e0c296307e3.30114584 ===
[2025-11-19 18:27:53] Archivos verificados correctamente
[2025-11-19 18:27:53] Metadata actualizada a 'processing'
[2025-11-19 18:27:53] Enviando a n8n: http://3.17.144.50:5678/webhook/formulario-pdf?job_id=pdf_691e0c296307e3.30114584
[2025-11-19 18:27:53] Respuesta de n8n - HTTP: 200, Error: ninguno
[2025-11-19 18:27:53] Enviado exitosamente a n8n. Esperando callback...
[2025-11-19 18:45:29] === Iniciando procesamiento para job_id: pdf_691e1049464169.77036175 ===
[2025-11-19 18:45:29] Archivos verificados correctamente
[2025-11-19 18:45:29] Metadata actualizada a 'processing'
[2025-11-19 18:45:29] Enviando a n8n: http://3.17.144.50:5678/webhook/formulario-pdf?job_id=pdf_691e1049464169.77036175
[2025-11-19 18:45:29] Respuesta de n8n - HTTP: 200, Error: ninguno
[2025-11-19 18:45:29] Enviado exitosamente a n8n. Esperando callback...
[2025-11-19 19:10:02] === Iniciando procesamiento para job_id: pdf_691e160a955925.17850811 ===
[2025-11-19 19:10:02] Archivos verificados correctamente
[2025-11-19 19:10:02] Metadata actualizada a 'processing'
[2025-11-19 19:10:02] Enviando a n8n: http://3.17.144.50:5678/webhook/formulario-pdf?job_id=pdf_691e160a955925.17850811
[2025-11-19 19:10:03] Respuesta de n8n - HTTP: 200, Error: ninguno
[2025-11-19 19:10:03] Enviado exitosamente a n8n. Esperando callback...
[2025-11-19 21:00:58] === Iniciando procesamiento para job_id: pdf_691e300ab4e457.74963350 ===
[2025-11-19 21:00:58] Archivos verificados correctamente
[2025-11-19 21:00:58] Metadata actualizada a 'processing'
[2025-11-19 21:00:58] Enviando a n8n: http://3.17.144.50:5678/webhook/formulario-pdf?job_id=pdf_691e300ab4e457.74963350
[2025-11-19 21:00:59] Respuesta de n8n - HTTP: 200, Error: ninguno
[2025-11-19 21:00:59] Enviado exitosamente a n8n. Esperando callback...
[2025-11-19 21:05:06] === Iniciando procesamiento para job_id: pdf_691e31023c3c18.58651711 ===
[2025-11-19 21:05:06] Archivos verificados correctamente
[2025-11-19 21:05:06] Metadata actualizada a 'processing'
[2025-11-19 21:05:06] Enviando a n8n: http://3.17.144.50:5678/webhook/formulario-pdf?job_id=pdf_691e31023c3c18.58651711
[2025-11-19 21:05:06] Respuesta de n8n - HTTP: 200, Error: ninguno
[2025-11-19 21:05:06] Enviado exitosamente a n8n. Esperando callback...
[2025-11-19 21:06:26] === Iniciando procesamiento para job_id: pdf_691e315281b595.59613643 ===
[2025-11-19 21:06:26] Archivos verificados correctamente
[2025-11-19 21:06:26] Metadata actualizada a 'processing'
[2025-11-19 21:06:26] Enviando a n8n: http://3.17.144.50:5678/webhook/formulario-pdf?job_id=pdf_691e315281b595.59613643
[2025-11-19 21:06:26] Respuesta de n8n - HTTP: 200, Error: ninguno
[2025-11-19 21:06:26] Enviado exitosamente a n8n. Esperando callback...
[2025-11-19 21:13:57] === Iniciando procesamiento para job_id: pdf_691e3314f04ce8.66898581 ===
[2025-11-19 21:13:57] Archivos verificados correctamente
[2025-11-19 21:13:57] Metadata actualizada a 'processing'
[2025-11-19 21:13:57] Enviando a n8n: http://3.17.144.50:5678/webhook/formulario-pdf?job_id=pdf_691e3314f04ce8.66898581
[2025-11-19 21:13:57] Respuesta de n8n - HTTP: 200, Error: ninguno
[2025-11-19 21:13:57] Enviado exitosamente a n8n. Esperando callback...
[2025-11-19 21:16:11] === Iniciando procesamiento para job_id: pdf_691e339b571478.09818785 ===
[2025-11-19 21:16:11] Archivos verificados correctamente
[2025-11-19 21:16:11] Metadata actualizada a 'processing'
[2025-11-19 21:16:11] Enviando a n8n: http://3.17.144.50:5678/webhook/formulario-pdf?job_id=pdf_691e339b571478.09818785
[2025-11-19 21:16:11] Respuesta de n8n - HTTP: 200, Error: ninguno
[2025-11-19 21:16:11] Enviado exitosamente a n8n. Esperando callback...
[2025-11-19 21:22:06] === Iniciando procesamiento para job_id: pdf_691e34fea5ee86.61855359 ===
[2025-11-19 21:22:06] Archivos verificados correctamente
[2025-11-19 21:22:06] Metadata actualizada a 'processing'
[2025-11-19 21:22:06] Enviando a n8n: http://3.17.144.50:5678/webhook/formulario-pdf?job_id=pdf_691e34fea5ee86.61855359
[2025-11-19 21:22:06] Respuesta de n8n - HTTP: 200, Error: ninguno
[2025-11-19 21:22:06] Enviado exitosamente a n8n. Esperando callback...
[2025-11-19 21:26:30] === Iniciando procesamiento para job_id: pdf_691e36069ea824.48871652 ===
[2025-11-19 21:26:30] Archivos verificados correctamente
[2025-11-19 21:26:30] Metadata actualizada a 'processing'
[2025-11-19 21:26:30] Enviando a n8n: http://3.17.144.50:5678/webhook/formulario-pdf?job_id=pdf_691e36069ea824.48871652
[2025-11-19 21:26:31] Respuesta de n8n - HTTP: 200, Error: ninguno
[2025-11-19 21:26:31] Enviado exitosamente a n8n. Esperando callback...
[2025-11-19 21:28:34] === Iniciando procesamiento para job_id: pdf_691e36827bf2f8.98810796 ===
[2025-11-19 21:28:34] Archivos verificados correctamente
[2025-11-19 21:28:34] Metadata actualizada a 'processing'
[2025-11-19 21:28:34] Enviando a n8n: http://3.17.144.50:5678/webhook/formulario-pdf?job_id=pdf_691e36827bf2f8.98810796
[2025-11-19 21:28:35] Respuesta de n8n - HTTP: 200, Error: ninguno
[2025-11-19 21:28:35] Enviado exitosamente a n8n. Esperando callback...
[2025-11-19 21:29:37] === Iniciando procesamiento para job_id: pdf_691e36c17d1e09.89266994 ===
[2025-11-19 21:29:37] Archivos verificados correctamente
[2025-11-19 21:29:37] Metadata actualizada a 'processing'
[2025-11-19 21:29:37] Enviando a n8n: http://3.17.144.50:5678/webhook/formulario-pdf?job_id=pdf_691e36c17d1e09.89266994
[2025-11-19 21:29:38] Respuesta de n8n - HTTP: 200, Error: ninguno
[2025-11-19 21:29:38] Enviado exitosamente a n8n. Esperando callback...
[2025-11-19 21:32:59] === Iniciando procesamiento para job_id: pdf_691e378b94b739.56784865 ===
[2025-11-19 21:32:59] Archivos verificados correctamente
[2025-11-19 21:32:59] Metadata actualizada a 'processing'
[2025-11-19 21:32:59] Enviando a n8n: http://3.17.144.50:5678/webhook/formulario-pdf?job_id=pdf_691e378b94b739.56784865
[2025-11-19 21:33:00] Respuesta de n8n - HTTP: 200, Error: ninguno
[2025-11-19 21:33:00] Enviado exitosamente a n8n. Esperando callback...
[2025-11-19 21:43:36] === Iniciando procesamiento para job_id: pdf_691e3a08b6a646.69662470 ===
[2025-11-19 21:43:36] Archivos verificados correctamente
[2025-11-19 21:43:36] Metadata actualizada a 'processing'
[2025-11-19 21:43:36] Enviando a n8n: http://3.17.144.50:5678/webhook/formulario-pdf?job_id=pdf_691e3a08b6a646.69662470
[2025-11-19 21:43:37] Respuesta de n8n - HTTP: 200, Error: ninguno
[2025-11-19 21:43:37] Enviado exitosamente a n8n. Esperando callback...
[2025-11-19 21:53:05] === Iniciando procesamiento para job_id: pdf_691e3c41b82b18.62526878 ===
[2025-11-19 21:53:05] Archivos verificados correctamente
[2025-11-19 21:53:05] Metadata actualizada a 'processing'
[2025-11-19 21:53:05] Enviando a n8n: http://3.17.144.50:5678/webhook/formulario-pdf?job_id=pdf_691e3c41b82b18.62526878
[2025-11-19 21:53:06] Respuesta de n8n - HTTP: 200, Error: ninguno
[2025-11-19 21:53:06] Enviado exitosamente a n8n. Esperando callback...
[2025-11-19 22:02:34] === Iniciando procesamiento para job_id: pdf_691e3e7a2b1867.00689139 ===
[2025-11-19 22:02:34] Archivos verificados correctamente
[2025-11-19 22:02:34] Metadata actualizada a 'processing'
[2025-11-19 22:02:34] Enviando a n8n: http://3.17.144.50:5678/webhook/formulario-pdf?job_id=pdf_691e3e7a2b1867.00689139
[2025-11-19 22:02:34] Respuesta de n8n - HTTP: 200, Error: ninguno
[2025-11-19 22:02:34] Enviado exitosamente a n8n. Esperando callback...
[2025-11-19 22:08:48] === Iniciando procesamiento para job_id: pdf_691e3feff3b109.42232254 ===
[2025-11-19 22:08:48] Archivos verificados correctamente
[2025-11-19 22:08:48] Metadata actualizada a 'processing'
[2025-11-19 22:08:48] Enviando a n8n: http://3.17.144.50:5678/webhook/formulario-pdf?job_id=pdf_691e3feff3b109.42232254
[2025-11-19 22:08:48] Respuesta de n8n - HTTP: 200, Error: ninguno
[2025-11-19 22:08:48] Enviado exitosamente a n8n. Esperando callback...
[2025-11-19 22:18:07] === Iniciando procesamiento para job_id: pdf_691e421f7f2d99.96972352 ===
[2025-11-19 22:18:07] Archivos verificados correctamente
[2025-11-19 22:18:07] Metadata actualizada a 'processing'
[2025-11-19 22:18:07] Enviando a n8n: http://3.17.144.50:5678/webhook/formulario-pdf?job_id=pdf_691e421f7f2d99.96972352
[2025-11-19 22:18:08] Respuesta de n8n - HTTP: 200, Error: ninguno
[2025-11-19 22:18:08] Enviado exitosamente a n8n. Esperando callback...
[2025-11-21 02:19:06] === Iniciando procesamiento para job_id: pdf_691fcc1ab607d7.71642806 ===
[2025-11-21 02:19:06] Archivos verificados correctamente
[2025-11-21 02:19:06] Metadata actualizada a 'processing'
[2025-11-21 02:19:06] Enviando a n8n: http://3.17.144.50:5678/webhook/formulario-pdf?job_id=pdf_691fcc1ab607d7.71642806
[2025-11-21 02:19:07] Respuesta de n8n - HTTP: 200, Error: ninguno
[2025-11-21 02:19:07] Enviado exitosamente a n8n. Esperando callback...
[2025-11-21 02:24:27] === Iniciando procesamiento para job_id: pdf_691fcd5b6942c7.84498366 ===
[2025-11-21 02:24:27] Archivos verificados correctamente
[2025-11-21 02:24:27] Metadata actualizada a 'processing'
[2025-11-21 02:24:27] Enviando a n8n: http://3.17.144.50:5678/webhook/formulario-pdf?job_id=pdf_691fcd5b6942c7.84498366
[2025-11-21 02:24:28] Respuesta de n8n - HTTP: 200, Error: ninguno
[2025-11-21 02:24:28] Enviado exitosamente a n8n. Esperando callback...
[2025-11-21 02:36:28] === Iniciando procesamiento para job_id: pdf_691fd02c0bdbd9.34759156 ===
[2025-11-21 02:36:28] Archivos verificados correctamente
[2025-11-21 02:36:28] Metadata actualizada a 'processing'
[2025-11-21 02:36:28] Enviando a n8n: http://3.17.144.50:5678/webhook/formulario-pdf?job_id=pdf_691fd02c0bdbd9.34759156
[2025-11-21 02:36:28] Respuesta de n8n - HTTP: 200, Error: ninguno
[2025-11-21 02:36:28] Enviado exitosamente a n8n. Esperando callback...
[2025-11-21 02:38:05] === Iniciando procesamiento para job_id: pdf_691fd08d258431.67758558 ===
[2025-11-21 02:38:05] Archivos verificados correctamente
[2025-11-21 02:38:05] Metadata actualizada a 'processing'
[2025-11-21 02:38:05] Enviando a n8n: http://3.17.144.50:5678/webhook/formulario-pdf?job_id=pdf_691fd08d258431.67758558
[2025-11-21 02:38:05] Respuesta de n8n - HTTP: 200, Error: ninguno
[2025-11-21 02:38:05] Enviado exitosamente a n8n. Esperando callback...
[2025-11-21 03:11:07] === Iniciando procesamiento para job_id: pdf_691fd84b295dd6.27690186 ===
[2025-11-21 03:11:07] Archivos verificados correctamente
[2025-11-21 03:11:07] Metadata actualizada a 'processing'
[2025-11-21 03:11:07] Enviando a n8n: http://3.17.144.50:5678/webhook/formulario-pdf?job_id=pdf_691fd84b295dd6.27690186
[2025-11-21 03:11:07] Respuesta de n8n - HTTP: 200, Error: ninguno
[2025-11-21 03:11:07] Enviado exitosamente a n8n. Esperando callback...
[2025-11-21 03:20:12] === Iniciando procesamiento para job_id: pdf_691fda6c10eb21.67512412 ===
[2025-11-21 03:20:12] Archivos verificados correctamente
[2025-11-21 03:20:12] Metadata actualizada a 'processing'
[2025-11-21 03:20:12] Enviando a n8n: http://3.17.144.50:5678/webhook/formulario-pdf?job_id=pdf_691fda6c10eb21.67512412
[2025-11-21 03:20:12] Respuesta de n8n - HTTP: 200, Error: ninguno
[2025-11-21 03:20:12] Enviado exitosamente a n8n. Esperando callback...
[2025-11-21 03:53:25] === Iniciando procesamiento para job_id: pdf_691fe2358071f1.77649183 ===
[2025-11-21 03:53:25] Archivos verificados correctamente
[2025-11-21 03:53:25] Metadata actualizada a 'processing'
[2025-11-21 03:53:25] Enviando a n8n: http://3.17.144.50:5678/webhook/formulario-pdf?job_id=pdf_691fe2358071f1.77649183
[2025-11-21 03:53:25] Respuesta de n8n - HTTP: 200, Error: ninguno
[2025-11-21 03:53:25] Enviado exitosamente a n8n. Esperando callback...
[2025-11-21 21:01:37] === Iniciando procesamiento para job_id: pdf_6920d331a70738.30380649 ===
[2025-11-21 21:01:37] Archivos verificados correctamente
[2025-11-21 21:01:37] Metadata actualizada a 'processing'
[2025-11-21 21:01:37] Enviando a n8n: http://3.17.144.50:5678/webhook/formulario-pdf?job_id=pdf_6920d331a70738.30380649
[2025-11-21 21:01:38] Respuesta de n8n - HTTP: 200, Error: ninguno
[2025-11-21 21:01:38] Enviado exitosamente a n8n. Esperando callback...
[2025-11-23 20:35:16] === Iniciando procesamiento para job_id: pdf_692370041ccba9.23758045 ===
[2025-11-23 20:35:16] Archivos verificados correctamente
[2025-11-23 20:35:16] Metadata actualizada a 'processing'
[2025-11-23 20:35:16] Enviando a n8n: http://3.17.144.50:5678/webhook/formulario-pdf?job_id=pdf_692370041ccba9.23758045
[2025-11-23 20:35:16] Respuesta de n8n - HTTP: 200, Error: ninguno
[2025-11-23 20:35:16] Enviado exitosamente a n8n. Esperando callback...
[2025-11-23 20:46:05] === Iniciando procesamiento para job_id: pdf_6923728dd47ab7.39037698 ===
[2025-11-23 20:46:05] Archivos verificados correctamente
[2025-11-23 20:46:05] Metadata actualizada a 'processing'
[2025-11-23 20:46:05] Enviando a n8n: http://3.17.144.50:5678/webhook/formulario-pdf?job_id=pdf_6923728dd47ab7.39037698
[2025-11-23 20:46:06] Respuesta de n8n - HTTP: 200, Error: ninguno
[2025-11-23 20:46:06] Enviado exitosamente a n8n. Esperando callback...
[2025-11-23 20:51:01] === Iniciando procesamiento para job_id: pdf_692373b56352a8.02089286 ===
[2025-11-23 20:51:01] Archivos verificados correctamente
[2025-11-23 20:51:01] Metadata actualizada a 'processing'
[2025-11-23 20:51:01] Enviando a n8n: http://3.17.144.50:5678/webhook/formulario-pdf?job_id=pdf_692373b56352a8.02089286
[2025-11-23 20:51:01] Respuesta de n8n - HTTP: 200, Error: ninguno
[2025-11-23 20:51:01] Enviado exitosamente a n8n. Esperando callback...
[2025-11-24 04:16:00] === Iniciando procesamiento para job_id: pdf_6923dbffeeaa02.19073659 ===
[2025-11-24 04:16:00] Archivos verificados correctamente
[2025-11-24 04:16:00] Metadata actualizada a 'processing'
[2025-11-24 04:16:00] Enviando a n8n: http://3.17.144.50:5678/webhook/formulario-pdf?job_id=pdf_6923dbffeeaa02.19073659
[2025-11-24 04:16:00] Respuesta de n8n - HTTP: 200, Error: ninguno
[2025-11-24 04:16:00] Enviado exitosamente a n8n. Esperando callback...
[2025-11-24 16:38:44] === Iniciando procesamiento para job_id: pdf_69248a14979974.42790526 ===
[2025-11-24 16:38:44] Archivos verificados correctamente
[2025-11-24 16:38:44] Metadata actualizada a 'processing'
[2025-11-24 16:38:44] Enviando a n8n: http://3.17.144.50:5678/webhook/formulario-pdf?job_id=pdf_69248a14979974.42790526
[2025-11-24 16:38:44] Respuesta de n8n - HTTP: 200, Error: ninguno
[2025-11-24 16:38:44] Enviado exitosamente a n8n. Esperando callback...
[2025-11-26 02:55:19] === Iniciando procesamiento para job_id: pdf_69266c17ae7aa3.46272862 ===
[2025-11-26 02:55:19] Archivos verificados correctamente
[2025-11-26 02:55:19] Metadata actualizada a 'processing'
[2025-11-26 02:55:19] Enviando a n8n: http://3.17.144.50:5678/webhook/formulario-pdf?job_id=pdf_69266c17ae7aa3.46272862
[2025-11-26 02:55:19] Respuesta de n8n - HTTP: 200, Error: ninguno
[2025-11-26 02:55:19] Enviado exitosamente a n8n. Esperando callback...
[2025-11-27 04:10:30] === Iniciando procesamiento para job_id: pdf_6927cf369d6ea5.24352950 ===
[2025-11-27 04:10:30] Archivos verificados correctamente
[2025-11-27 04:10:30] Metadata actualizada a 'processing'
[2025-11-27 04:10:30] Enviando a n8n: http://3.17.144.50:5678/webhook/formulario-pdf?job_id=pdf_6927cf369d6ea5.24352950
[2025-11-27 04:10:30] Respuesta de n8n - HTTP: 200, Error: ninguno
[2025-11-27 04:10:30] Enviado exitosamente a n8n. Esperando callback...
[2025-11-27 04:40:34] === Iniciando procesamiento para job_id: pdf_6927d642d7ade8.04402445 ===
[2025-11-27 04:40:34] Archivos verificados correctamente
[2025-11-27 04:40:34] Metadata actualizada a 'processing'
[2025-11-27 04:40:34] Enviando a n8n: http://3.17.144.50:5678/webhook/formulario-pdf?job_id=pdf_6927d642d7ade8.04402445
[2025-11-27 04:40:35] Respuesta de n8n - HTTP: 200, Error: ninguno
[2025-11-27 04:40:35] Enviado exitosamente a n8n. Esperando callback...
[2025-11-27 05:18:44] === Iniciando procesamiento para job_id: pdf_6927df34786560.91910785 ===
[2025-11-27 05:18:44] Archivos verificados correctamente
[2025-11-27 05:18:44] Metadata actualizada a 'processing'
[2025-11-27 05:18:44] Enviando a n8n: http://3.17.144.50:5678/webhook/formulario-pdf?job_id=pdf_6927df34786560.91910785
[2025-11-27 05:18:44] Respuesta de n8n - HTTP: 200, Error: ninguno
[2025-11-27 05:18:44] Enviado exitosamente a n8n. Esperando callback...
[2025-11-27 05:38:12] === Iniciando procesamiento para job_id: pdf_6927e3c438e5a4.46374223 ===
[2025-11-27 05:38:12] Archivos verificados correctamente
[2025-11-27 05:38:12] Metadata actualizada a 'processing'
[2025-11-27 05:38:12] Enviando a n8n: http://3.17.144.50:5678/webhook/formulario-pdf?job_id=pdf_6927e3c438e5a4.46374223
[2025-11-27 05:38:12] Respuesta de n8n - HTTP: 200, Error: ninguno
[2025-11-27 05:38:12] Enviado exitosamente a n8n. Esperando callback...
[2025-11-27 05:49:14] === Iniciando procesamiento para job_id: pdf_6927e65a4dc406.50460272 ===
[2025-11-27 05:49:14] Archivos verificados correctamente
[2025-11-27 05:49:14] Metadata actualizada a 'processing'
[2025-11-27 05:49:14] Enviando a n8n: http://3.17.144.50:5678/webhook/formulario-pdf?job_id=pdf_6927e65a4dc406.50460272
[2025-11-27 05:49:14] Respuesta de n8n - HTTP: 200, Error: ninguno
[2025-11-27 05:49:14] Enviado exitosamente a n8n. Esperando callback...
[2025-11-27 20:59:31] === Iniciando procesamiento para job_id: pdf_6928bbb39ab454.98192918 ===
[2025-11-27 20:59:31] Archivos verificados correctamente
[2025-11-27 20:59:31] Metadata actualizada a 'processing'
[2025-11-27 20:59:31] Enviando a n8n: http://3.17.144.50:5678/webhook/formulario-pdf?job_id=pdf_6928bbb39ab454.98192918
[2025-11-27 20:59:31] Respuesta de n8n - HTTP: 200, Error: ninguno
[2025-11-27 20:59:31] Enviado exitosamente a n8n. Esperando callback...
[2025-11-27 21:10:00] === Iniciando procesamiento para job_id: pdf_6928be286c71a3.95238018 ===
[2025-11-27 21:10:00] Archivos verificados correctamente
[2025-11-27 21:10:00] Metadata actualizada a 'processing'
[2025-11-27 21:10:00] Enviando a n8n: http://3.17.144.50:5678/webhook/formulario-pdf?job_id=pdf_6928be286c71a3.95238018
[2025-11-27 21:10:00] Respuesta de n8n - HTTP: 200, Error: ninguno
[2025-11-27 21:10:00] Enviado exitosamente a n8n. Esperando callback...
[2025-11-28 18:25:13] === Iniciando procesamiento para job_id: pdf_6929e90949f315.67869516 ===
[2025-11-28 18:25:13] Archivos verificados correctamente
[2025-11-28 18:25:13] Metadata actualizada a 'processing'
[2025-11-28 18:25:13] Enviando a n8n: http://3.17.144.50:5678/webhook/formulario-pdf?job_id=pdf_6929e90949f315.67869516
[2025-11-28 18:25:13] Respuesta de n8n - HTTP: 200, Error: ninguno
[2025-11-28 18:25:13] Enviado exitosamente a n8n. Esperando callback...
[2025-11-29 04:25:34] === Iniciando procesamiento para job_id: pdf_692a75be2f94f9.84387164 ===
[2025-11-29 04:25:34] Archivos verificados correctamente
[2025-11-29 04:25:34] Metadata actualizada a 'processing'
[2025-11-29 04:25:34] Enviando a n8n: http://3.17.144.50:5678/webhook/formulario-pdf?job_id=pdf_692a75be2f94f9.84387164
[2025-11-29 04:25:34] Respuesta de n8n - HTTP: 200, Error: ninguno
[2025-11-29 04:25:34] Enviado exitosamente a n8n. Esperando callback...
[2025-11-29 04:31:07] === Iniciando procesamiento para job_id: pdf_692a770ba4a871.09804197 ===
[2025-11-29 04:31:07] Archivos verificados correctamente
[2025-11-29 04:31:07] Metadata actualizada a 'processing'
[2025-11-29 04:31:07] Enviando a n8n: http://3.17.144.50:5678/webhook/formulario-pdf?job_id=pdf_692a770ba4a871.09804197
[2025-11-29 04:31:08] Respuesta de n8n - HTTP: 200, Error: ninguno
[2025-11-29 04:31:08] Enviado exitosamente a n8n. Esperando callback...
[2025-11-29 20:37:45] === Iniciando procesamiento para job_id: pdf_692b59991d8273.94491656 ===
[2025-11-29 20:37:45] Archivos verificados correctamente
[2025-11-29 20:37:45] Metadata actualizada a 'processing'
[2025-11-29 20:37:45] Enviando a n8n: http://3.17.144.50:5678/webhook/formulario-pdf?job_id=pdf_692b59991d8273.94491656
[2025-11-29 20:37:45] Respuesta de n8n - HTTP: 200, Error: ninguno
[2025-11-29 20:37:45] Enviado exitosamente a n8n. Esperando callback...
[2025-11-29 21:28:55] === Iniciando procesamiento para job_id: pdf_692b6597771e13.87236358 ===
[2025-11-29 21:28:55] Archivos verificados correctamente
[2025-11-29 21:28:55] Metadata actualizada a 'processing'
[2025-11-29 21:28:55] Enviando a n8n: http://3.17.144.50:5678/webhook/formulario-pdf?job_id=pdf_692b6597771e13.87236358
[2025-11-29 21:28:56] Respuesta de n8n - HTTP: 200, Error: ninguno
[2025-11-29 21:28:56] Enviado exitosamente a n8n. Esperando callback...
[2025-11-29 21:48:39] === Iniciando procesamiento para job_id: pdf_692b6a37a14c12.62998397 ===
[2025-11-29 21:48:39] Archivos verificados correctamente
[2025-11-29 21:48:39] Metadata actualizada a 'processing'
[2025-11-29 21:48:39] Enviando a n8n: http://3.17.144.50:5678/webhook/formulario-pdf?job_id=pdf_692b6a37a14c12.62998397
[2025-11-29 21:48:40] Respuesta de n8n - HTTP: 200, Error: ninguno
[2025-11-29 21:48:40] Enviado exitosamente a n8n. Esperando callback...
[2025-11-29 21:51:33] === Iniciando procesamiento para job_id: pdf_692b6ae5d414a9.40866967 ===
[2025-11-29 21:51:33] Archivos verificados correctamente
[2025-11-29 21:51:33] Metadata actualizada a 'processing'
[2025-11-29 21:51:33] Enviando a n8n: http://3.17.144.50:5678/webhook/formulario-pdf?job_id=pdf_692b6ae5d414a9.40866967
[2025-11-29 21:51:34] Respuesta de n8n - HTTP: 200, Error: ninguno
[2025-11-29 21:51:34] Enviado exitosamente a n8n. Esperando callback...
[2025-11-29 22:04:48] === Iniciando procesamiento para job_id: pdf_692b6e0041a869.96567508 ===
[2025-11-29 22:04:48] Archivos verificados correctamente
[2025-11-29 22:04:48] Metadata actualizada a 'processing'
[2025-11-29 22:04:48] Enviando a n8n: http://3.17.144.50:5678/webhook/formulario-pdf?job_id=pdf_692b6e0041a869.96567508
[2025-11-29 22:04:48] Respuesta de n8n - HTTP: 200, Error: ninguno
[2025-11-29 22:04:48] Enviado exitosamente a n8n. Esperando callback...
[2025-11-29 22:13:17] === Iniciando procesamiento para job_id: pdf_692b6ffd9ba6e0.45081381 ===
[2025-11-29 22:13:17] Archivos verificados correctamente
[2025-11-29 22:13:17] Metadata actualizada a 'processing'
[2025-11-29 22:13:17] Enviando a n8n: http://3.17.144.50:5678/webhook/formulario-pdf?job_id=pdf_692b6ffd9ba6e0.45081381
[2025-11-29 22:13:17] Respuesta de n8n - HTTP: 200, Error: ninguno
[2025-11-29 22:13:17] Enviado exitosamente a n8n. Esperando callback...
[2025-11-29 22:19:41] === Iniciando procesamiento para job_id: pdf_692b717cda6b81.47634449 ===
[2025-11-29 22:19:41] Archivos verificados correctamente
[2025-11-29 22:19:41] Metadata actualizada a 'processing'
[2025-11-29 22:19:41] Enviando a n8n: http://3.17.144.50:5678/webhook/formulario-pdf?job_id=pdf_692b717cda6b81.47634449
[2025-11-29 22:19:41] Respuesta de n8n - HTTP: 200, Error: ninguno
[2025-11-29 22:19:41] Enviado exitosamente a n8n. Esperando callback...
[2025-11-29 22:26:07] === Iniciando procesamiento para job_id: pdf_692b72ff05fda4.23015667 ===
[2025-11-29 22:26:07] Archivos verificados correctamente
[2025-11-29 22:26:07] Metadata actualizada a 'processing'
[2025-11-29 22:26:07] Enviando a n8n: http://3.17.144.50:5678/webhook/formulario-pdf?job_id=pdf_692b72ff05fda4.23015667
[2025-11-29 22:26:07] Respuesta de n8n - HTTP: 200, Error: ninguno
[2025-11-29 22:26:07] Enviado exitosamente a n8n. Esperando callback...
[2025-11-29 22:30:09] === Iniciando procesamiento para job_id: pdf_692b73f15ccdb1.51480361 ===
[2025-11-29 22:30:09] Archivos verificados correctamente
[2025-11-29 22:30:09] Metadata actualizada a 'processing'
[2025-11-29 22:30:09] Enviando a n8n: http://3.17.144.50:5678/webhook/formulario-pdf?job_id=pdf_692b73f15ccdb1.51480361
[2025-11-29 22:30:09] Respuesta de n8n - HTTP: 200, Error: ninguno
[2025-11-29 22:30:09] Enviado exitosamente a n8n. Esperando callback...
[2025-11-29 22:36:04] === Iniciando procesamiento para job_id: pdf_692b7554159ce7.17817891 ===
[2025-11-29 22:36:04] Archivos verificados correctamente
[2025-11-29 22:36:04] Metadata actualizada a 'processing'
[2025-11-29 22:36:04] Enviando a n8n: http://3.17.144.50:5678/webhook/formulario-pdf?job_id=pdf_692b7554159ce7.17817891
[2025-11-29 22:36:04] Respuesta de n8n - HTTP: 200, Error: ninguno
[2025-11-29 22:36:04] Enviado exitosamente a n8n. Esperando callback...
[2025-11-29 22:42:31] === Iniciando procesamiento para job_id: pdf_692b76d6e6f417.38220797 ===
[2025-11-29 22:42:31] Archivos verificados correctamente
[2025-11-29 22:42:31] Metadata actualizada a 'processing'
[2025-11-29 22:42:31] Enviando a n8n: http://3.17.144.50:5678/webhook/formulario-pdf?job_id=pdf_692b76d6e6f417.38220797
[2025-11-29 22:42:31] Respuesta de n8n - HTTP: 200, Error: ninguno
[2025-11-29 22:42:31] Enviado exitosamente a n8n. Esperando callback...
[2025-11-29 22:55:38] === Iniciando procesamiento para job_id: pdf_692b79ea95b6d6.20941092 ===
[2025-11-29 22:55:38] Archivos verificados correctamente
[2025-11-29 22:55:38] Metadata actualizada a 'processing'
[2025-11-29 22:55:38] Enviando a n8n: http://3.17.144.50:5678/webhook/formulario-pdf?job_id=pdf_692b79ea95b6d6.20941092
[2025-11-29 22:55:39] Respuesta de n8n - HTTP: 200, Error: ninguno
[2025-11-29 22:55:39] Enviado exitosamente a n8n. Esperando callback...
[2025-11-29 23:03:55] === Iniciando procesamiento para job_id: pdf_692b7bdb5c19a8.40566358 ===
[2025-11-29 23:03:55] Archivos verificados correctamente
[2025-11-29 23:03:55] Metadata actualizada a 'processing'
[2025-11-29 23:03:55] Enviando a n8n: http://3.17.144.50:5678/webhook/formulario-pdf?job_id=pdf_692b7bdb5c19a8.40566358
[2025-11-29 23:03:55] Respuesta de n8n - HTTP: 200, Error: ninguno
[2025-11-29 23:03:55] Enviado exitosamente a n8n. Esperando callback...
[2025-11-29 23:05:43] === Iniciando procesamiento para job_id: pdf_692b7c47ce3ae5.53693438 ===
[2025-11-29 23:05:43] Archivos verificados correctamente
[2025-11-29 23:05:43] Metadata actualizada a 'processing'
[2025-11-29 23:05:43] Enviando a n8n: http://3.17.144.50:5678/webhook/formulario-pdf?job_id=pdf_692b7c47ce3ae5.53693438
[2025-11-29 23:05:44] Respuesta de n8n - HTTP: 200, Error: ninguno
[2025-11-29 23:05:44] Enviado exitosamente a n8n. Esperando callback...
[2025-11-29 23:11:35] === Iniciando procesamiento para job_id: pdf_692b7da7c278f6.30770521 ===
[2025-11-29 23:11:35] Archivos verificados correctamente
[2025-11-29 23:11:35] Metadata actualizada a 'processing'
[2025-11-29 23:11:35] Enviando a n8n: http://3.17.144.50:5678/webhook/formulario-pdf?job_id=pdf_692b7da7c278f6.30770521
[2025-11-29 23:11:36] Respuesta de n8n - HTTP: 200, Error: ninguno
[2025-11-29 23:11:36] Enviado exitosamente a n8n. Esperando callback...
[2025-11-29 23:15:17] === Iniciando procesamiento para job_id: pdf_692b7e85659707.34697259 ===
[2025-11-29 23:15:17] Archivos verificados correctamente
[2025-11-29 23:15:17] Metadata actualizada a 'processing'
[2025-11-29 23:15:17] Enviando a n8n: http://3.17.144.50:5678/webhook/formulario-pdf?job_id=pdf_692b7e85659707.34697259
[2025-11-29 23:15:17] Respuesta de n8n - HTTP: 200, Error: ninguno
[2025-11-29 23:15:17] Enviado exitosamente a n8n. Esperando callback...
[2025-11-29 23:23:46] === Iniciando procesamiento para job_id: pdf_692b80823399d5.58603208 ===
[2025-11-29 23:23:46] Archivos verificados correctamente
[2025-11-29 23:23:46] Metadata actualizada a 'processing'
[2025-11-29 23:23:46] Enviando a n8n: http://3.17.144.50:5678/webhook/formulario-pdf?job_id=pdf_692b80823399d5.58603208
[2025-11-29 23:23:46] Respuesta de n8n - HTTP: 200, Error: ninguno
[2025-11-29 23:23:46] Enviado exitosamente a n8n. Esperando callback...
[2025-11-29 23:29:44] === Iniciando procesamiento para job_id: pdf_692b81e7d3e292.27194601 ===
[2025-11-29 23:29:44] Archivos verificados correctamente
[2025-11-29 23:29:44] Metadata actualizada a 'processing'
[2025-11-29 23:29:44] Enviando a n8n: http://3.17.144.50:5678/webhook/formulario-pdf?job_id=pdf_692b81e7d3e292.27194601
[2025-11-29 23:29:44] Respuesta de n8n - HTTP: 200, Error: ninguno
[2025-11-29 23:29:44] Enviado exitosamente a n8n. Esperando callback...
[2025-11-29 23:54:28] === Iniciando procesamiento para job_id: pdf_692b87b4b08734.58337128 ===
[2025-11-29 23:54:28] Archivos verificados correctamente
[2025-11-29 23:54:28] Metadata actualizada a 'processing'
[2025-11-29 23:54:28] Enviando a n8n: http://3.17.144.50:5678/webhook/formulario-pdf?job_id=pdf_692b87b4b08734.58337128
[2025-11-29 23:54:28] Respuesta de n8n - HTTP: 200, Error: ninguno
[2025-11-29 23:54:28] Enviado exitosamente a n8n. Esperando callback...
[2025-11-30 00:00:02] === Iniciando procesamiento para job_id: pdf_692b8901b66be0.54971772 ===
[2025-11-30 00:00:02] Archivos verificados correctamente
[2025-11-30 00:00:02] Metadata actualizada a 'processing'
[2025-11-30 00:00:02] Enviando a n8n: http://3.17.144.50:5678/webhook/formulario-pdf?job_id=pdf_692b8901b66be0.54971772
[2025-11-30 00:00:02] Respuesta de n8n - HTTP: 200, Error: ninguno
[2025-11-30 00:00:02] Enviado exitosamente a n8n. Esperando callback...
[2025-11-30 05:05:20] === Iniciando procesamiento para job_id: pdf_692bd090859db7.19587987 ===
[2025-11-30 05:05:20] Archivos verificados correctamente
[2025-11-30 05:05:20] Metadata actualizada a 'processing'
[2025-11-30 05:05:20] Enviando a n8n: http://3.17.144.50:5678/webhook/formulario-pdf?job_id=pdf_692bd090859db7.19587987
[2025-11-30 05:05:21] Respuesta de n8n - HTTP: 200, Error: ninguno
[2025-11-30 05:05:21] Enviado exitosamente a n8n. Esperando callback...
[2025-11-30 05:14:00] === Iniciando procesamiento para job_id: pdf_692bd298167050.15605763 ===
[2025-11-30 05:14:00] Archivos verificados correctamente
[2025-11-30 05:14:00] Metadata actualizada a 'processing'
[2025-11-30 05:14:00] Enviando a n8n: http://3.17.144.50:5678/webhook/formulario-pdf?job_id=pdf_692bd298167050.15605763
[2025-11-30 05:14:00] Respuesta de n8n - HTTP: 200, Error: ninguno
[2025-11-30 05:14:00] Enviado exitosamente a n8n. Esperando callback...
[2025-12-02 04:33:37] === Iniciando procesamiento para job_id: pdf_692e6c20dd1110.60396919 ===
[2025-12-02 04:33:37] Archivos verificados correctamente
[2025-12-02 04:33:37] Metadata actualizada a 'processing'
[2025-12-02 04:33:37] Enviando a n8n: http://3.17.144.50:5678/webhook/formulario-pdf?job_id=pdf_692e6c20dd1110.60396919
[2025-12-02 04:33:37] Respuesta de n8n - HTTP: 200, Error: ninguno
[2025-12-02 04:33:37] Enviado exitosamente a n8n. Esperando callback...
[2025-12-03 00:55:48] === Iniciando procesamiento para job_id: pdf_692f8a9479ee61.35577314 ===
[2025-12-03 00:55:48] Archivos verificados correctamente
[2025-12-03 00:55:48] Metadata actualizada a 'processing'
[2025-12-03 00:55:48] Enviando a n8n: http://3.17.144.50:5678/webhook/formulario-pdf?job_id=pdf_692f8a9479ee61.35577314
[2025-12-03 00:55:48] Respuesta de n8n - HTTP: 200, Error: ninguno
[2025-12-03 00:55:48] Enviado exitosamente a n8n. Esperando callback...
[2025-12-04 21:06:54] === Iniciando procesamiento para job_id: pdf_6931f7ee2387f2.08858955 ===
[2025-12-04 21:06:54] Archivos verificados correctamente
[2025-12-04 21:06:54] Metadata actualizada a 'processing'
[2025-12-04 21:06:54] Enviando a n8n: http://3.17.144.50:5678/webhook/formulario-pdf?job_id=pdf_6931f7ee2387f2.08858955
[2025-12-04 21:06:54] Respuesta de n8n - HTTP: 200, Error: ninguno
[2025-12-04 21:06:54] Enviado exitosamente a n8n. Esperando callback...
[2025-12-04 23:48:47] === Iniciando procesamiento para job_id: pdf_69321ddf4a5e56.61038022 ===
[2025-12-04 23:48:47] Archivos verificados correctamente
[2025-12-04 23:48:47] Metadata actualizada a 'processing'
[2025-12-04 23:48:47] Enviando a n8n: http://3.17.144.50:5678/webhook/formulario-pdf?job_id=pdf_69321ddf4a5e56.61038022
[2025-12-04 23:48:47] Respuesta de n8n - HTTP: 200, Error: ninguno
[2025-12-04 23:48:47] Enviado exitosamente a n8n. Esperando callback...
[2025-12-07 06:14:56] === Iniciando procesamiento para job_id: pdf_69351b603954f3.39978248 ===
[2025-12-07 06:14:56] Archivos verificados correctamente
[2025-12-07 06:14:56] Metadata actualizada a 'processing'
[2025-12-07 06:14:56] Enviando a n8n: http://3.17.144.50:5678/webhook/formulario-pdf?job_id=pdf_69351b603954f3.39978248
[2025-12-07 06:14:56] Respuesta de n8n - HTTP: 200, Error: ninguno
[2025-12-07 06:14:56] Enviado exitosamente a n8n. Esperando callback...
[2025-12-07 23:01:48] === Iniciando procesamiento para job_id: pdf_6936075ca34b75.38828341 ===
[2025-12-07 23:01:48] Archivos verificados correctamente
[2025-12-07 23:01:48] Metadata actualizada a 'processing'
[2025-12-07 23:01:48] Enviando a n8n: http://3.17.144.50:5678/webhook/formulario-pdf?job_id=pdf_6936075ca34b75.38828341
[2025-12-07 23:01:49] Respuesta de n8n - HTTP: 200, Error: ninguno
[2025-12-07 23:01:49] Enviado exitosamente a n8n. Esperando callback...
[2025-12-07 23:04:27] === Iniciando procesamiento para job_id: pdf_693607fbe47a69.84419873 ===
[2025-12-07 23:04:27] Archivos verificados correctamente
[2025-12-07 23:04:27] Metadata actualizada a 'processing'
[2025-12-07 23:04:27] Enviando a n8n: http://3.17.144.50:5678/webhook/formulario-pdf?job_id=pdf_693607fbe47a69.84419873
[2025-12-07 23:04:28] Respuesta de n8n - HTTP: 200, Error: ninguno
[2025-12-07 23:04:28] Enviado exitosamente a n8n. Esperando callback...
[2025-12-08 01:03:53] === Iniciando procesamiento para job_id: pdf_693623f9bc20b0.37625752 ===
[2025-12-08 01:03:53] Archivos verificados correctamente
[2025-12-08 01:03:53] Metadata actualizada a 'processing'
[2025-12-08 01:03:53] Enviando a n8n: http://3.17.144.50:5678/webhook/formulario-pdf?job_id=pdf_693623f9bc20b0.37625752
[2025-12-08 01:03:54] Respuesta de n8n - HTTP: 200, Error: ninguno
[2025-12-08 01:03:54] Enviado exitosamente a n8n. Esperando callback...
[2025-12-08 17:44:53] === Iniciando procesamiento para job_id: pdf_69370e95358942.07961537 ===
[2025-12-08 17:44:53] Archivos verificados correctamente
[2025-12-08 17:44:53] Metadata actualizada a 'processing'
[2025-12-08 17:44:53] Enviando a n8n: http://3.17.144.50:5678/webhook/formulario-pdf?job_id=pdf_69370e95358942.07961537
[2025-12-08 17:44:53] Respuesta de n8n - HTTP: 200, Error: ninguno
[2025-12-08 17:44:53] Enviado exitosamente a n8n. Esperando callback...
[2025-12-08 18:14:18] === Iniciando procesamiento para job_id: pdf_6937157ac73d83.08487288 ===
[2025-12-08 18:14:18] Archivos verificados correctamente
[2025-12-08 18:14:18] Metadata actualizada a 'processing'
[2025-12-08 18:14:18] Enviando a n8n: http://3.17.144.50:5678/webhook/formulario-pdf?job_id=pdf_6937157ac73d83.08487288
[2025-12-08 18:14:19] Respuesta de n8n - HTTP: 200, Error: ninguno
[2025-12-08 18:14:19] Enviado exitosamente a n8n. Esperando callback...
[2025-12-08 18:59:28] === Iniciando procesamiento para job_id: pdf_6937200fe6bd93.99984514 ===
[2025-12-08 18:59:28] Archivos verificados correctamente
[2025-12-08 18:59:28] Metadata actualizada a 'processing'
[2025-12-08 18:59:28] Enviando a n8n: http://3.17.144.50:5678/webhook/formulario-pdf?job_id=pdf_6937200fe6bd93.99984514
[2025-12-08 18:59:28] Respuesta de n8n - HTTP: 200, Error: ninguno
[2025-12-08 18:59:28] Enviado exitosamente a n8n. Esperando callback...
[2025-12-08 19:12:39] === Iniciando procesamiento para job_id: pdf_693723274b2215.00049274 ===
[2025-12-08 19:12:39] Archivos verificados correctamente
[2025-12-08 19:12:39] Metadata actualizada a 'processing'
[2025-12-08 19:12:39] Enviando a n8n: http://3.17.144.50:5678/webhook/formulario-pdf?job_id=pdf_693723274b2215.00049274
[2025-12-08 19:12:39] Respuesta de n8n - HTTP: 200, Error: ninguno
[2025-12-08 19:12:39] Enviado exitosamente a n8n. Esperando callback...
[2025-12-08 19:30:40] === Iniciando procesamiento para job_id: pdf_69372760473410.26007511 ===
[2025-12-08 19:30:40] Archivos verificados correctamente
[2025-12-08 19:30:40] Metadata actualizada a 'processing'
[2025-12-08 19:30:40] Enviando a n8n: http://3.17.144.50:5678/webhook/formulario-pdf?job_id=pdf_69372760473410.26007511
[2025-12-08 19:30:40] Respuesta de n8n - HTTP: 200, Error: ninguno
[2025-12-08 19:30:40] Enviado exitosamente a n8n. Esperando callback...
[2025-12-08 19:35:12] === Iniciando procesamiento para job_id: pdf_6937287046bf06.23737085 ===
[2025-12-08 19:35:12] Archivos verificados correctamente
[2025-12-08 19:35:12] Metadata actualizada a 'processing'
[2025-12-08 19:35:12] Enviando a n8n: http://3.17.144.50:5678/webhook/formulario-pdf?job_id=pdf_6937287046bf06.23737085
[2025-12-08 19:35:12] Respuesta de n8n - HTTP: 200, Error: ninguno
[2025-12-08 19:35:12] Enviado exitosamente a n8n. Esperando callback...
[2025-12-08 19:53:30] === Iniciando procesamiento para job_id: pdf_69372cba3bedc2.22415761 ===
[2025-12-08 19:53:30] Archivos verificados correctamente
[2025-12-08 19:53:30] Metadata actualizada a 'processing'
[2025-12-08 19:53:30] Enviando a n8n: http://3.17.144.50:5678/webhook/formulario-pdf?job_id=pdf_69372cba3bedc2.22415761
[2025-12-08 19:53:30] Respuesta de n8n - HTTP: 200, Error: ninguno
[2025-12-08 19:53:30] Enviado exitosamente a n8n. Esperando callback...
[2025-12-09 20:11:48] === Iniciando procesamiento para job_id: pdf_693882845c6a39.72566251 ===
[2025-12-09 20:11:48] Archivos verificados correctamente
[2025-12-09 20:11:48] Metadata actualizada a 'processing'
[2025-12-09 20:11:48] Enviando a n8n: http://3.17.144.50:5678/webhook/formulario-pdf?job_id=pdf_693882845c6a39.72566251
[2025-12-09 20:11:48] Respuesta de n8n - HTTP: 200, Error: ninguno
[2025-12-09 20:11:48] Enviado exitosamente a n8n. Esperando callback...
[2025-12-12 01:17:24] === Iniciando procesamiento para job_id: pdf_693b6d24c0bc36.45959382 ===
[2025-12-12 01:17:24] Archivos verificados correctamente
[2025-12-12 01:17:24] Metadata actualizada a 'processing'
[2025-12-12 01:17:24] Enviando a n8n: http://3.17.144.50:5678/webhook/formulario-pdf?job_id=pdf_693b6d24c0bc36.45959382
[2025-12-12 01:17:25] Respuesta de n8n - HTTP: 200, Error: ninguno
[2025-12-12 01:17:25] Enviado exitosamente a n8n. Esperando callback...
[2025-12-12 01:24:37] === Iniciando procesamiento para job_id: pdf_693b6ed5ad70b8.22681653 ===
[2025-12-12 01:24:37] Archivos verificados correctamente
[2025-12-12 01:24:37] Metadata actualizada a 'processing'
[2025-12-12 01:24:37] Enviando a n8n: http://3.17.144.50:5678/webhook/formulario-pdf?job_id=pdf_693b6ed5ad70b8.22681653
[2025-12-12 01:24:38] Respuesta de n8n - HTTP: 200, Error: ninguno
[2025-12-12 01:24:38] Enviado exitosamente a n8n. Esperando callback...
[2025-12-12 01:30:55] === Iniciando procesamiento para job_id: pdf_693b704f836440.86844550 ===
[2025-12-12 01:30:55] Archivos verificados correctamente
[2025-12-12 01:30:55] Metadata actualizada a 'processing'
[2025-12-12 01:30:55] Enviando a n8n: http://3.17.144.50:5678/webhook/formulario-pdf?job_id=pdf_693b704f836440.86844550
[2025-12-12 01:30:55] Respuesta de n8n - HTTP: 200, Error: ninguno
[2025-12-12 01:30:55] Enviado exitosamente a n8n. Esperando callback...
[2025-12-12 01:34:05] === Iniciando procesamiento para job_id: pdf_693b710de41308.03447338 ===
[2025-12-12 01:34:05] Archivos verificados correctamente
[2025-12-12 01:34:05] Metadata actualizada a 'processing'
[2025-12-12 01:34:05] Enviando a n8n: http://3.17.144.50:5678/webhook/formulario-pdf?job_id=pdf_693b710de41308.03447338
[2025-12-12 01:34:06] Respuesta de n8n - HTTP: 200, Error: ninguno
[2025-12-12 01:34:06] Enviado exitosamente a n8n. Esperando callback...
[2025-12-12 01:38:37] === Iniciando procesamiento para job_id: pdf_693b721d9a0a39.06839103 ===
[2025-12-12 01:38:37] Archivos verificados correctamente
[2025-12-12 01:38:37] Metadata actualizada a 'processing'
[2025-12-12 01:38:37] Enviando a n8n: http://3.17.144.50:5678/webhook/formulario-pdf?job_id=pdf_693b721d9a0a39.06839103
[2025-12-12 01:38:37] Respuesta de n8n - HTTP: 200, Error: ninguno
[2025-12-12 01:38:37] Enviado exitosamente a n8n. Esperando callback...
[2025-12-12 01:47:03] === Iniciando procesamiento para job_id: pdf_693b7417c13571.76501540 ===
[2025-12-12 01:47:03] Archivos verificados correctamente
[2025-12-12 01:47:03] Metadata actualizada a 'processing'
[2025-12-12 01:47:03] Enviando a n8n: http://3.17.144.50:5678/webhook/formulario-pdf?job_id=pdf_693b7417c13571.76501540
[2025-12-12 01:47:04] Respuesta de n8n - HTTP: 200, Error: ninguno
[2025-12-12 01:47:04] Enviado exitosamente a n8n. Esperando callback...
[2025-12-12 01:54:58] === Iniciando procesamiento para job_id: pdf_693b75f2784c76.60324515 ===
[2025-12-12 01:54:58] Archivos verificados correctamente
[2025-12-12 01:54:58] Metadata actualizada a 'processing'
[2025-12-12 01:54:58] Enviando a n8n: http://3.17.144.50:5678/webhook/formulario-pdf?job_id=pdf_693b75f2784c76.60324515
[2025-12-12 01:54:58] Respuesta de n8n - HTTP: 200, Error: ninguno
[2025-12-12 01:54:58] Enviado exitosamente a n8n. Esperando callback...
[2025-12-12 02:04:40] === Iniciando procesamiento para job_id: pdf_693b7838891f15.74666611 ===
[2025-12-12 02:04:40] Archivos verificados correctamente
[2025-12-12 02:04:40] Metadata actualizada a 'processing'
[2025-12-12 02:04:40] Enviando a n8n: http://3.17.144.50:5678/webhook/formulario-pdf?job_id=pdf_693b7838891f15.74666611
[2025-12-12 02:04:41] Respuesta de n8n - HTTP: 200, Error: ninguno
[2025-12-12 02:04:41] Enviado exitosamente a n8n. Esperando callback...
[2025-12-12 02:08:31] === Iniciando procesamiento para job_id: pdf_693b791fc6b3a8.01685129 ===
[2025-12-12 02:08:31] Archivos verificados correctamente
[2025-12-12 02:08:31] Metadata actualizada a 'processing'
[2025-12-12 02:08:31] Enviando a n8n: http://3.17.144.50:5678/webhook/formulario-pdf?job_id=pdf_693b791fc6b3a8.01685129
[2025-12-12 02:08:32] Respuesta de n8n - HTTP: 200, Error: ninguno
[2025-12-12 02:08:32] Enviado exitosamente a n8n. Esperando callback...
[2025-12-12 02:10:10] === Iniciando procesamiento para job_id: pdf_693b7981e0bde0.02450154 ===
[2025-12-12 02:10:10] Archivos verificados correctamente
[2025-12-12 02:10:10] Metadata actualizada a 'processing'
[2025-12-12 02:10:10] Enviando a n8n: http://3.17.144.50:5678/webhook/formulario-pdf?job_id=pdf_693b7981e0bde0.02450154
[2025-12-12 02:10:10] Respuesta de n8n - HTTP: 200, Error: ninguno
[2025-12-12 02:10:10] Enviado exitosamente a n8n. Esperando callback...
[2025-12-12 02:14:17] === Iniciando procesamiento para job_id: pdf_693b7a797bf596.71882072 ===
[2025-12-12 02:14:17] Archivos verificados correctamente
[2025-12-12 02:14:17] Metadata actualizada a 'processing'
[2025-12-12 02:14:17] Enviando a n8n: http://3.17.144.50:5678/webhook/formulario-pdf?job_id=pdf_693b7a797bf596.71882072
[2025-12-12 02:14:17] Respuesta de n8n - HTTP: 200, Error: ninguno
[2025-12-12 02:14:17] Enviado exitosamente a n8n. Esperando callback...
[2025-12-12 02:27:28] === Iniciando procesamiento para job_id: pdf_693b7d90021f32.23054830 ===
[2025-12-12 02:27:28] Archivos verificados correctamente
[2025-12-12 02:27:28] Metadata actualizada a 'processing'
[2025-12-12 02:27:28] Enviando a n8n: http://3.17.144.50:5678/webhook/formulario-pdf?job_id=pdf_693b7d90021f32.23054830
[2025-12-12 02:27:28] Respuesta de n8n - HTTP: 200, Error: ninguno
[2025-12-12 02:27:28] Enviado exitosamente a n8n. Esperando callback...
[2025-12-12 02:29:34] === Iniciando procesamiento para job_id: pdf_693b7e0deeef34.31666343 ===
[2025-12-12 02:29:34] Archivos verificados correctamente
[2025-12-12 02:29:34] Metadata actualizada a 'processing'
[2025-12-12 02:29:34] Enviando a n8n: http://3.17.144.50:5678/webhook/formulario-pdf?job_id=pdf_693b7e0deeef34.31666343
[2025-12-12 02:29:34] Respuesta de n8n - HTTP: 200, Error: ninguno
[2025-12-12 02:29:34] Enviado exitosamente a n8n. Esperando callback...
[2025-12-12 02:33:33] === Iniciando procesamiento para job_id: pdf_693b7efd48a329.18296893 ===
[2025-12-12 02:33:33] Archivos verificados correctamente
[2025-12-12 02:33:33] Metadata actualizada a 'processing'
[2025-12-12 02:33:33] Enviando a n8n: http://3.17.144.50:5678/webhook/formulario-pdf?job_id=pdf_693b7efd48a329.18296893
[2025-12-12 02:33:33] Respuesta de n8n - HTTP: 200, Error: ninguno
[2025-12-12 02:33:33] Enviado exitosamente a n8n. Esperando callback...
[2025-12-12 02:36:35] === Iniciando procesamiento para job_id: pdf_693b7fb3aaada4.78831665 ===
[2025-12-12 02:36:35] Archivos verificados correctamente
[2025-12-12 02:36:35] Metadata actualizada a 'processing'
[2025-12-12 02:36:35] Enviando a n8n: http://3.17.144.50:5678/webhook/formulario-pdf?job_id=pdf_693b7fb3aaada4.78831665
[2025-12-12 02:36:36] Respuesta de n8n - HTTP: 200, Error: ninguno
[2025-12-12 02:36:36] Enviado exitosamente a n8n. Esperando callback...
[2025-12-12 02:46:00] === Iniciando procesamiento para job_id: pdf_693b81e84d3418.06667632 ===
[2025-12-12 02:46:00] Archivos verificados correctamente
[2025-12-12 02:46:00] Metadata actualizada a 'processing'
[2025-12-12 02:46:00] Enviando a n8n: http://3.17.144.50:5678/webhook/formulario-pdf?job_id=pdf_693b81e84d3418.06667632
[2025-12-12 02:46:00] Respuesta de n8n - HTTP: 200, Error: ninguno
[2025-12-12 02:46:00] Enviado exitosamente a n8n. Esperando callback...
[2025-12-12 02:54:30] === Iniciando procesamiento para job_id: pdf_693b83e6cb0e02.62144241 ===
[2025-12-12 02:54:30] Archivos verificados correctamente
[2025-12-12 02:54:30] Metadata actualizada a 'processing'
[2025-12-12 02:54:30] Enviando a n8n: http://3.17.144.50:5678/webhook/formulario-pdf?job_id=pdf_693b83e6cb0e02.62144241
[2025-12-12 02:54:31] Respuesta de n8n - HTTP: 200, Error: ninguno
[2025-12-12 02:54:31] Enviado exitosamente a n8n. Esperando callback...
[2025-12-12 03:11:03] === Iniciando procesamiento para job_id: pdf_693b87c78b1560.40440807 ===
[2025-12-12 03:11:03] Archivos verificados correctamente
[2025-12-12 03:11:03] Metadata actualizada a 'processing'
[2025-12-12 03:11:03] Enviando a n8n: http://3.17.144.50:5678/webhook/formulario-pdf?job_id=pdf_693b87c78b1560.40440807
[2025-12-12 03:11:03] Respuesta de n8n - HTTP: 200, Error: ninguno
[2025-12-12 03:11:03] Enviado exitosamente a n8n. Esperando callback...
[2025-12-12 03:15:06] === Iniciando procesamiento para job_id: pdf_693b88ba29c910.71369104 ===
[2025-12-12 03:15:06] Archivos verificados correctamente
[2025-12-12 03:15:06] Metadata actualizada a 'processing'
[2025-12-12 03:15:06] Enviando a n8n: http://3.17.144.50:5678/webhook/formulario-pdf?job_id=pdf_693b88ba29c910.71369104
[2025-12-12 03:15:06] Respuesta de n8n - HTTP: 200, Error: ninguno
[2025-12-12 03:15:06] Enviado exitosamente a n8n. Esperando callback...
[2025-12-20 17:29:09] === Iniciando procesamiento para job_id: pdf_6946dce5b46b65.12734596 ===
[2025-12-20 17:29:09] Archivos verificados correctamente
[2025-12-20 17:29:09] Metadata actualizada a 'processing'
[2025-12-20 17:29:09] Enviando a n8n: http://3.17.144.50:5678/webhook/formulario-pdf?job_id=pdf_6946dce5b46b65.12734596
[2025-12-20 17:29:10] Respuesta de n8n - HTTP: 200, Error: ninguno
[2025-12-20 17:29:10] Enviado exitosamente a n8n. Esperando callback...
[2026-01-04 19:14:09] === Iniciando procesamiento para job_id: pdf_695abc01373f67.65765619 ===
[2026-01-04 19:14:09] Archivos verificados correctamente
[2026-01-04 19:14:09] Metadata actualizada a 'processing'
[2026-01-04 19:14:09] Enviando a n8n: http://3.17.144.50:5678/webhook/formulario-pdf?job_id=pdf_695abc01373f67.65765619
[2026-01-04 19:14:09] Respuesta de n8n - HTTP: 0, Error: Failed to connect to 3.17.144.50 port 5678 after 29 ms: Could not connect to server
[2026-01-04 19:14:09] ERROR en conexión a n8n: Failed to connect to 3.17.144.50 port 5678 after 29 ms: Could not connect to server
[2026-01-04 19:15:41] === Iniciando procesamiento para job_id: pdf_695abc5d7038a5.65672623 ===
[2026-01-04 19:15:41] Archivos verificados correctamente
[2026-01-04 19:15:41] Metadata actualizada a 'processing'
[2026-01-04 19:15:41] Enviando a n8n: http://3.17.144.50:5678/webhook/formulario-pdf?job_id=pdf_695abc5d7038a5.65672623
[2026-01-04 19:15:41] Respuesta de n8n - HTTP: 0, Error: Failed to connect to 3.17.144.50 port 5678 after 29 ms: Could not connect to server
[2026-01-04 19:15:41] ERROR en conexión a n8n: Failed to connect to 3.17.144.50 port 5678 after 29 ms: Could not connect to server
[2026-01-11 18:55:16] === Iniciando procesamiento para job_id: pdf_6963f214954356.61736673 ===
[2026-01-11 18:55:16] Archivos verificados correctamente
[2026-01-11 18:55:16] Metadata actualizada a 'processing'
[2026-01-11 18:55:16] Enviando a n8n: http://3.17.144.50:5678/webhook/formulario-pdf?job_id=pdf_6963f214954356.61736673
[2026-01-11 18:55:16] Respuesta de n8n - HTTP: 200, Error: ninguno
[2026-01-11 18:55:16] Enviado exitosamente a n8n. Esperando callback...
[2026-01-12 00:28:44] === Iniciando procesamiento para job_id: pdf_6964403c5ad3d5.15634932 ===
[2026-01-12 00:28:44] Archivos verificados correctamente
[2026-01-12 00:28:44] Metadata actualizada a 'processing'
[2026-01-12 00:28:44] Enviando a n8n: http://3.17.144.50:5678/webhook/formulario-pdf?job_id=pdf_6964403c5ad3d5.15634932
[2026-01-12 00:28:44] Respuesta de n8n - HTTP: 200, Error: ninguno
[2026-01-12 00:28:44] Enviado exitosamente a n8n. Esperando callback...
[2026-01-14 08:42:25] === Iniciando procesamiento para job_id: pdf_696756f0a40376.99840493 ===
[2026-01-14 08:42:25] Archivos verificados correctamente
[2026-01-14 08:42:25] Metadata actualizada a 'processing'
[2026-01-14 08:42:25] Enviando a n8n: http://3.17.144.50:5678/webhook/formulario-pdf?job_id=pdf_696756f0a40376.99840493
[2026-01-14 08:42:25] Respuesta de n8n - HTTP: 200, Error: ninguno
[2026-01-14 08:42:25] Enviado exitosamente a n8n. Esperando callback...
[2026-01-14 15:59:27] === Iniciando procesamiento para job_id: pdf_6967bd5f262e94.20242837 ===
[2026-01-14 15:59:27] Archivos verificados correctamente
[2026-01-14 15:59:27] Metadata actualizada a 'processing'
[2026-01-14 15:59:27] Enviando a n8n: http://3.17.144.50:5678/webhook/formulario-pdf?job_id=pdf_6967bd5f262e94.20242837
[2026-01-14 15:59:27] Respuesta de n8n - HTTP: 200, Error: ninguno
[2026-01-14 15:59:27] Enviado exitosamente a n8n. Esperando callback...
[2026-01-14 21:10:44] === Iniciando procesamiento para job_id: pdf_696806543dc024.52033712 ===
[2026-01-14 21:10:44] Archivos verificados correctamente
[2026-01-14 21:10:44] Metadata actualizada a 'processing'
[2026-01-14 21:10:44] Enviando a n8n: http://3.17.144.50:5678/webhook/formulario-pdf?job_id=pdf_696806543dc024.52033712
[2026-01-14 21:10:44] Respuesta de n8n - HTTP: 200, Error: ninguno
[2026-01-14 21:10:44] Enviado exitosamente a n8n. Esperando callback...
[2026-01-15 19:25:18] === Iniciando procesamiento para job_id: pdf_69693f1e557287.59201602 ===
[2026-01-15 19:25:18] Archivos verificados correctamente
[2026-01-15 19:25:18] Metadata actualizada a 'processing'
[2026-01-15 19:25:18] Enviando a n8n: http://3.17.144.50:5678/webhook/formulario-pdf?job_id=pdf_69693f1e557287.59201602
[2026-01-15 19:25:18] Respuesta de n8n - HTTP: 200, Error: ninguno
[2026-01-15 19:25:18] Enviado exitosamente a n8n. Esperando callback...
[2026-01-15 19:34:35] === Iniciando procesamiento para job_id: pdf_6969414b8db663.37569360 ===
[2026-01-15 19:34:35] Archivos verificados correctamente
[2026-01-15 19:34:35] Metadata actualizada a 'processing'
[2026-01-15 19:34:35] Enviando a n8n: http://3.17.144.50:5678/webhook/formulario-pdf?job_id=pdf_6969414b8db663.37569360
[2026-01-15 19:34:36] Respuesta de n8n - HTTP: 200, Error: ninguno
[2026-01-15 19:34:36] Enviado exitosamente a n8n. Esperando callback...
[2026-01-25 23:31:24] === Iniciando procesamiento para job_id: pdf_6976a7cc221fb5.20684958 ===
[2026-01-25 23:31:24] Archivos verificados correctamente
[2026-01-25 23:31:24] Metadata actualizada a 'processing'
[2026-01-25 23:31:24] Enviando a n8n: http://3.17.144.50:5678/webhook/formulario-pdf?job_id=pdf_6976a7cc221fb5.20684958
[2026-01-25 23:31:24] Respuesta de n8n - HTTP: 200, Error: ninguno
[2026-01-25 23:31:24] Enviado exitosamente a n8n. Esperando callback...
[2026-01-25 23:37:20] === Iniciando procesamiento para job_id: pdf_6976a9300b6d20.04296364 ===
[2026-01-25 23:37:20] Archivos verificados correctamente
[2026-01-25 23:37:20] Metadata actualizada a 'processing'
[2026-01-25 23:37:20] Enviando a n8n: http://3.17.144.50:5678/webhook/formulario-pdf?job_id=pdf_6976a9300b6d20.04296364
[2026-01-25 23:37:20] Respuesta de n8n - HTTP: 200, Error: ninguno
[2026-01-25 23:37:20] Enviado exitosamente a n8n. Esperando callback...
[2026-01-25 23:38:49] === Iniciando procesamiento para job_id: pdf_6976a9890f82a8.85365265 ===
[2026-01-25 23:38:49] Archivos verificados correctamente
[2026-01-25 23:38:49] Metadata actualizada a 'processing'
[2026-01-25 23:38:49] Enviando a n8n: http://3.17.144.50:5678/webhook/formulario-pdf?job_id=pdf_6976a9890f82a8.85365265
[2026-01-25 23:38:49] Respuesta de n8n - HTTP: 200, Error: ninguno
[2026-01-25 23:38:49] Enviado exitosamente a n8n. Esperando callback...
[2026-01-25 23:42:08] === Iniciando procesamiento para job_id: pdf_6976aa5028d004.20278081 ===
[2026-01-25 23:42:08] Archivos verificados correctamente
[2026-01-25 23:42:08] Metadata actualizada a 'processing'
[2026-01-25 23:42:08] Enviando a n8n: http://3.17.144.50:5678/webhook/formulario-pdf?job_id=pdf_6976aa5028d004.20278081
[2026-01-25 23:42:08] Respuesta de n8n - HTTP: 200, Error: ninguno
[2026-01-25 23:42:08] Enviado exitosamente a n8n. Esperando callback...
[2026-01-25 23:43:11] === Iniciando procesamiento para job_id: pdf_6976aa8f9a3459.26942887 ===
[2026-01-25 23:43:11] Archivos verificados correctamente
[2026-01-25 23:43:11] Metadata actualizada a 'processing'
[2026-01-25 23:43:11] Enviando a n8n: http://3.17.144.50:5678/webhook/formulario-pdf?job_id=pdf_6976aa8f9a3459.26942887
[2026-01-25 23:43:11] Respuesta de n8n - HTTP: 200, Error: ninguno
[2026-01-25 23:43:11] Enviado exitosamente a n8n. Esperando callback...
[2026-01-25 23:45:22] === Iniciando procesamiento para job_id: pdf_6976ab121bc024.06443965 ===
[2026-01-25 23:45:22] Archivos verificados correctamente
[2026-01-25 23:45:22] Metadata actualizada a 'processing'
[2026-01-25 23:45:22] Enviando a n8n: http://3.17.144.50:5678/webhook/formulario-pdf?job_id=pdf_6976ab121bc024.06443965
[2026-01-25 23:45:22] Respuesta de n8n - HTTP: 200, Error: ninguno
[2026-01-25 23:45:22] Enviado exitosamente a n8n. Esperando callback...
[2026-01-25 23:46:35] === Iniciando procesamiento para job_id: pdf_6976ab5b058947.49273396 ===
[2026-01-25 23:46:35] Archivos verificados correctamente
[2026-01-25 23:46:35] Metadata actualizada a 'processing'
[2026-01-25 23:46:35] Enviando a n8n: http://3.17.144.50:5678/webhook/formulario-pdf?job_id=pdf_6976ab5b058947.49273396
[2026-01-25 23:46:35] Respuesta de n8n - HTTP: 200, Error: ninguno
[2026-01-25 23:46:35] Enviado exitosamente a n8n. Esperando callback...
[2026-01-25 23:47:14] === Iniciando procesamiento para job_id: pdf_6976ab827f6cd0.31502204 ===
[2026-01-25 23:47:14] Archivos verificados correctamente
[2026-01-25 23:47:14] Metadata actualizada a 'processing'
[2026-01-25 23:47:14] Enviando a n8n: http://3.17.144.50:5678/webhook/formulario-pdf?job_id=pdf_6976ab827f6cd0.31502204
[2026-01-25 23:47:14] Respuesta de n8n - HTTP: 200, Error: ninguno
[2026-01-25 23:47:14] Enviado exitosamente a n8n. Esperando callback...
[2026-01-25 23:48:26] === Iniciando procesamiento para job_id: pdf_6976abca79fd00.08359788 ===
[2026-01-25 23:48:26] Archivos verificados correctamente
[2026-01-25 23:48:26] Metadata actualizada a 'processing'
[2026-01-25 23:48:26] Enviando a n8n: http://3.17.144.50:5678/webhook/formulario-pdf?job_id=pdf_6976abca79fd00.08359788
[2026-01-25 23:48:26] Respuesta de n8n - HTTP: 200, Error: ninguno
[2026-01-25 23:48:26] Enviado exitosamente a n8n. Esperando callback...
[2026-01-25 23:50:15] === Iniciando procesamiento para job_id: pdf_6976ac3748fb43.68224159 ===
[2026-01-25 23:50:15] Archivos verificados correctamente
[2026-01-25 23:50:15] Metadata actualizada a 'processing'
[2026-01-25 23:50:15] Enviando a n8n: http://3.17.144.50:5678/webhook/formulario-pdf?job_id=pdf_6976ac3748fb43.68224159
[2026-01-25 23:50:15] Respuesta de n8n - HTTP: 200, Error: ninguno
[2026-01-25 23:50:15] Enviado exitosamente a n8n. Esperando callback...
[2026-01-25 23:54:02] === Iniciando procesamiento para job_id: pdf_6976ad1a60a689.00456710 ===
[2026-01-25 23:54:02] Archivos verificados correctamente
[2026-01-25 23:54:02] Metadata actualizada a 'processing'
[2026-01-25 23:54:02] Enviando a n8n: http://3.17.144.50:5678/webhook/formulario-pdf?job_id=pdf_6976ad1a60a689.00456710
[2026-01-25 23:54:02] Respuesta de n8n - HTTP: 200, Error: ninguno
[2026-01-25 23:54:02] Enviado exitosamente a n8n. Esperando callback...
[2026-01-26 00:00:25] === Iniciando procesamiento para job_id: pdf_6976ae99b3b905.16692002 ===
[2026-01-26 00:00:25] Archivos verificados correctamente
[2026-01-26 00:00:25] Metadata actualizada a 'processing'
[2026-01-26 00:00:25] Enviando a n8n: http://3.17.144.50:5678/webhook/formulario-pdf?job_id=pdf_6976ae99b3b905.16692002
[2026-01-26 00:00:26] Respuesta de n8n - HTTP: 200, Error: ninguno
[2026-01-26 00:00:26] Enviado exitosamente a n8n. Esperando callback...
[2026-01-26 00:06:34] === Iniciando procesamiento para job_id: pdf_6976b00a9a1e43.71130912 ===
[2026-01-26 00:06:34] Archivos verificados correctamente
[2026-01-26 00:06:34] Metadata actualizada a 'processing'
[2026-01-26 00:06:34] Enviando a n8n: http://3.17.144.50:5678/webhook/formulario-pdf?job_id=pdf_6976b00a9a1e43.71130912
[2026-01-26 00:06:34] Respuesta de n8n - HTTP: 200, Error: ninguno
[2026-01-26 00:06:34] Enviado exitosamente a n8n. Esperando callback...
[2026-01-26 00:09:28] === Iniciando procesamiento para job_id: pdf_6976b0b7f03e32.35770155 ===
[2026-01-26 00:09:28] Archivos verificados correctamente
[2026-01-26 00:09:28] Metadata actualizada a 'processing'
[2026-01-26 00:09:28] Enviando a n8n: http://3.17.144.50:5678/webhook/formulario-pdf?job_id=pdf_6976b0b7f03e32.35770155
[2026-01-26 00:09:28] Respuesta de n8n - HTTP: 200, Error: ninguno
[2026-01-26 00:09:28] Enviado exitosamente a n8n. Esperando callback...
[2026-01-26 00:15:38] === Iniciando procesamiento para job_id: pdf_6976b229d08009.74023600 ===
[2026-01-26 00:15:38] Archivos verificados correctamente
[2026-01-26 00:15:38] Metadata actualizada a 'processing'
[2026-01-26 00:15:38] Enviando a n8n: http://3.17.144.50:5678/webhook/formulario-pdf?job_id=pdf_6976b229d08009.74023600
[2026-01-26 00:15:38] Respuesta de n8n - HTTP: 200, Error: ninguno
[2026-01-26 00:15:38] Enviado exitosamente a n8n. Esperando callback...
[2026-01-26 00:19:22] === Iniciando procesamiento para job_id: pdf_6976b30a059640.80576768 ===
[2026-01-26 00:19:22] Archivos verificados correctamente
[2026-01-26 00:19:22] Metadata actualizada a 'processing'
[2026-01-26 00:19:22] Enviando a n8n: http://3.17.144.50:5678/webhook/formulario-pdf?job_id=pdf_6976b30a059640.80576768
[2026-01-26 00:19:22] Respuesta de n8n - HTTP: 200, Error: ninguno
[2026-01-26 00:19:22] Enviado exitosamente a n8n. Esperando callback...
[2026-01-26 00:23:10] === Iniciando procesamiento para job_id: pdf_6976b3eec18954.21348832 ===
[2026-01-26 00:23:10] Archivos verificados correctamente
[2026-01-26 00:23:10] Metadata actualizada a 'processing'
[2026-01-26 00:23:10] Enviando a n8n: http://3.17.144.50:5678/webhook/formulario-pdf?job_id=pdf_6976b3eec18954.21348832
[2026-01-26 00:23:11] Respuesta de n8n - HTTP: 200, Error: ninguno
[2026-01-26 00:23:11] Enviado exitosamente a n8n. Esperando callback...
[2026-01-26 00:24:29] === Iniciando procesamiento para job_id: pdf_6976b43d7813b5.65388922 ===
[2026-01-26 00:24:29] Archivos verificados correctamente
[2026-01-26 00:24:29] Metadata actualizada a 'processing'
[2026-01-26 00:24:29] Enviando a n8n: http://3.17.144.50:5678/webhook/formulario-pdf?job_id=pdf_6976b43d7813b5.65388922
[2026-01-26 00:24:29] Respuesta de n8n - HTTP: 200, Error: ninguno
[2026-01-26 00:24:29] Enviado exitosamente a n8n. Esperando callback...
[2026-01-26 00:27:22] === Iniciando procesamiento para job_id: pdf_6976b4ea2b1358.32508567 ===
[2026-01-26 00:27:22] Archivos verificados correctamente
[2026-01-26 00:27:22] Metadata actualizada a 'processing'
[2026-01-26 00:27:22] Enviando a n8n: http://3.17.144.50:5678/webhook/formulario-pdf?job_id=pdf_6976b4ea2b1358.32508567
[2026-01-26 00:27:22] Respuesta de n8n - HTTP: 200, Error: ninguno
[2026-01-26 00:27:22] Enviado exitosamente a n8n. Esperando callback...
[2026-01-26 00:32:49] === Iniciando procesamiento para job_id: pdf_6976b630e05c21.54408685 ===
[2026-01-26 00:32:49] Archivos verificados correctamente
[2026-01-26 00:32:49] Metadata actualizada a 'processing'
[2026-01-26 00:32:49] Enviando a n8n: http://3.17.144.50:5678/webhook/formulario-pdf?job_id=pdf_6976b630e05c21.54408685
[2026-01-26 00:32:49] Respuesta de n8n - HTTP: 200, Error: ninguno
[2026-01-26 00:32:49] Enviado exitosamente a n8n. Esperando callback...
[2026-01-26 00:36:35] === Iniciando procesamiento para job_id: pdf_6976b71350a0f8.12289165 ===
[2026-01-26 00:36:35] Archivos verificados correctamente
[2026-01-26 00:36:35] Metadata actualizada a 'processing'
[2026-01-26 00:36:35] Enviando a n8n: http://3.17.144.50:5678/webhook/formulario-pdf?job_id=pdf_6976b71350a0f8.12289165
[2026-01-26 00:36:35] Respuesta de n8n - HTTP: 200, Error: ninguno
[2026-01-26 00:36:35] Enviado exitosamente a n8n. Esperando callback...
[2026-01-26 00:38:43] === Iniciando procesamiento para job_id: pdf_6976b793434225.24168253 ===
[2026-01-26 00:38:43] Archivos verificados correctamente
[2026-01-26 00:38:43] Metadata actualizada a 'processing'
[2026-01-26 00:38:43] Enviando a n8n: http://3.17.144.50:5678/webhook/formulario-pdf?job_id=pdf_6976b793434225.24168253
[2026-01-26 00:38:43] Respuesta de n8n - HTTP: 200, Error: ninguno
[2026-01-26 00:38:43] Enviado exitosamente a n8n. Esperando callback...
[2026-01-26 00:52:04] === Iniciando procesamiento para job_id: pdf_6976bab409a069.49655144 ===
[2026-01-26 00:52:04] Archivos verificados correctamente
[2026-01-26 00:52:04] Metadata actualizada a 'processing'
[2026-01-26 00:52:04] Enviando a n8n: http://3.17.144.50:5678/webhook/formulario-pdf?job_id=pdf_6976bab409a069.49655144
[2026-01-26 00:52:04] Respuesta de n8n - HTTP: 200, Error: ninguno
[2026-01-26 00:52:04] Enviado exitosamente a n8n. Esperando callback...
[2026-01-26 00:58:13] === Iniciando procesamiento para job_id: pdf_6976bc252d1a63.22954972 ===
[2026-01-26 00:58:13] Archivos verificados correctamente
[2026-01-26 00:58:13] Metadata actualizada a 'processing'
[2026-01-26 00:58:13] Enviando a n8n: http://3.17.144.50:5678/webhook/formulario-pdf?job_id=pdf_6976bc252d1a63.22954972
[2026-01-26 00:58:13] Respuesta de n8n - HTTP: 200, Error: ninguno
[2026-01-26 00:58:13] Enviado exitosamente a n8n. Esperando callback...
[2026-01-26 01:04:37] === Iniciando procesamiento para job_id: pdf_6976bda535a9d3.33426583 ===
[2026-01-26 01:04:37] Archivos verificados correctamente
[2026-01-26 01:04:37] Metadata actualizada a 'processing'
[2026-01-26 01:04:37] Enviando a n8n: http://3.17.144.50:5678/webhook/formulario-pdf?job_id=pdf_6976bda535a9d3.33426583
[2026-01-26 01:04:37] Respuesta de n8n - HTTP: 200, Error: ninguno
[2026-01-26 01:04:37] Enviado exitosamente a n8n. Esperando callback...
[2026-01-26 01:22:12] === Iniciando procesamiento para job_id: pdf_6976c1c38c04a0.81891101 ===
[2026-01-26 01:22:12] Archivos verificados correctamente
[2026-01-26 01:22:12] Metadata actualizada a 'processing'
[2026-01-26 01:22:12] Enviando a n8n: http://3.17.144.50:5678/webhook/formulario-pdf?job_id=pdf_6976c1c38c04a0.81891101
[2026-01-26 01:22:12] Respuesta de n8n - HTTP: 200, Error: ninguno
[2026-01-26 01:22:12] Enviado exitosamente a n8n. Esperando callback...
[2026-01-26 01:25:28] === Iniciando procesamiento para job_id: pdf_6976c2878c7155.75096381 ===
[2026-01-26 01:25:28] Archivos verificados correctamente
[2026-01-26 01:25:28] Metadata actualizada a 'processing'
[2026-01-26 01:25:28] Enviando a n8n: http://3.17.144.50:5678/webhook/formulario-pdf?job_id=pdf_6976c2878c7155.75096381
[2026-01-26 01:25:28] Respuesta de n8n - HTTP: 200, Error: ninguno
[2026-01-26 01:25:28] Enviado exitosamente a n8n. Esperando callback...
[2026-01-26 01:33:03] === Iniciando procesamiento para job_id: pdf_6976c44f9230c4.73254951 ===
[2026-01-26 01:33:03] Archivos verificados correctamente
[2026-01-26 01:33:03] Metadata actualizada a 'processing'
[2026-01-26 01:33:03] Enviando Multipart a n8n: http://3.17.144.50:5678/webhook/formulario-pdf?job_id=pdf_6976c44f9230c4.73254951
[2026-01-26 01:33:03] Respuesta de n8n - HTTP: 200, Error: ninguno
[2026-01-26 01:33:03] Enviado exitosamente a n8n. Esperando callback...
[2026-01-26 01:33:49] === Iniciando procesamiento para job_id: pdf_6976c47d562b72.82731613 ===
[2026-01-26 01:33:49] Archivos verificados correctamente
[2026-01-26 01:33:49] Metadata actualizada a 'processing'
[2026-01-26 01:33:49] Enviando Multipart a n8n: http://3.17.144.50:5678/webhook/formulario-pdf?job_id=pdf_6976c47d562b72.82731613
[2026-01-26 01:33:49] Respuesta de n8n - HTTP: 200, Error: ninguno
[2026-01-26 01:33:49] Enviado exitosamente a n8n. Esperando callback...
[2026-01-26 01:43:48] === Iniciando procesamiento para job_id: pdf_6976c6d40ab8b7.54936340 ===
[2026-01-26 01:43:48] Archivos verificados correctamente
[2026-01-26 01:43:48] Metadata actualizada a 'processing'
[2026-01-26 01:43:48] Enviando Multipart a n8n: http://3.17.144.50:5678/webhook/formulario-pdf?job_id=pdf_6976c6d40ab8b7.54936340
[2026-01-26 01:43:48] Respuesta de n8n - HTTP: 200, Error: ninguno
[2026-01-26 01:43:48] Enviado exitosamente a n8n. Esperando callback...
[2026-01-26 01:44:56] === Iniciando procesamiento para job_id: pdf_6976c71809d5f4.84480148 ===
[2026-01-26 01:44:56] Archivos verificados correctamente
[2026-01-26 01:44:56] Metadata actualizada a 'processing'
[2026-01-26 01:44:56] Enviando Multipart a n8n: http://3.17.144.50:5678/webhook/formulario-pdf?job_id=pdf_6976c71809d5f4.84480148
[2026-01-26 01:44:56] Respuesta de n8n - HTTP: 200, Error: ninguno
[2026-01-26 01:44:56] Enviado exitosamente a n8n. Esperando callback...
[2026-01-26 01:47:33] === Iniciando procesamiento para job_id: pdf_6976c7b5699228.76451738 ===
[2026-01-26 01:47:33] Archivos verificados correctamente
[2026-01-26 01:47:33] Metadata actualizada a 'processing'
[2026-01-26 01:47:33] Enviando Multipart a n8n: http://3.17.144.50:5678/webhook/formulario-pdf?job_id=pdf_6976c7b5699228.76451738
[2026-01-26 01:47:33] Respuesta de n8n - HTTP: 200, Error: ninguno
[2026-01-26 01:47:33] Enviado exitosamente a n8n. Esperando callback...
[2026-01-26 01:51:03] === Iniciando procesamiento para job_id: pdf_6976c886d58b74.02855500 ===
[2026-01-26 01:51:03] Archivos verificados correctamente
[2026-01-26 01:51:03] Metadata actualizada a 'processing'
[2026-01-26 01:51:03] Enviando Payload Base64 a n8n: http://3.17.144.50:5678/webhook/formulario-pdf
[2026-01-26 01:51:03] Enviado exitosamente a n8n. Esperando callback...
[2026-01-26 01:52:19] === Iniciando procesamiento para job_id: pdf_6976c8d3977365.14536980 ===
[2026-01-26 01:52:19] Archivos verificados correctamente
[2026-01-26 01:52:19] Metadata actualizada a 'processing'
[2026-01-26 01:52:19] Enviando Payload Base64 a n8n: http://3.17.144.50:5678/webhook/formulario-pdf
[2026-01-26 01:52:19] Enviado exitosamente a n8n. Esperando callback...
[2026-01-26 02:00:41] === Iniciando procesamiento para job_id: pdf_6976cac9b0f059.56564147 ===
[2026-01-26 02:00:41] Archivos verificados correctamente
[2026-01-26 02:00:41] Metadata actualizada a 'processing'
[2026-01-26 02:00:41] Enviando Payload Base64 a n8n: http://3.17.144.50:5678/webhook/formulario-pdf
[2026-01-26 02:00:42] Enviado exitosamente a n8n. Esperando callback...
[2026-01-26 02:16:48] === Iniciando procesamiento para job_id: pdf_6976ce900cfb10.26183559 ===
[2026-01-26 02:16:48] Archivos verificados correctamente
[2026-01-26 02:16:48] Metadata actualizada a 'processing'
[2026-01-26 02:16:48] Enviando a n8n: http://3.17.144.50:5678/webhook/formulario-pdf?job_id=pdf_6976ce900cfb10.26183559
[2026-01-26 02:16:48] Respuesta de n8n - HTTP: 200, Error: ninguno
[2026-01-26 02:16:48] Enviado exitosamente a n8n. Esperando callback...
[2026-05-19 00:54:43] === Iniciando procesamiento para job_id: pdf_6a0bb4d31ed5f2.76701103 ===
[2026-05-19 00:54:43] Archivos verificados correctamente
[2026-05-19 00:54:43] Metadata actualizada a 'processing'
[2026-05-19 00:54:43] Enviando a n8n: http://3.17.144.50:5678/webhook/formulario-pdf?job_id=pdf_6a0bb4d31ed5f2.76701103
[2026-05-19 00:54:53] Respuesta de n8n - HTTP: 0, Error: Connection timed out after 10002 milliseconds
[2026-05-19 00:54:53] ERROR en conexión a n8n: Connection timed out after 10002 milliseconds
[2026-05-19 00:55:02] === Iniciando procesamiento para job_id: pdf_6a0bb4e66c7119.06890787 ===
[2026-05-19 00:55:02] Archivos verificados correctamente
[2026-05-19 00:55:02] Metadata actualizada a 'processing'
[2026-05-19 00:55:02] Enviando a n8n: http://3.17.144.50:5678/webhook/formulario-pdf?job_id=pdf_6a0bb4e66c7119.06890787
[2026-05-19 00:55:12] Respuesta de n8n - HTTP: 0, Error: Connection timed out after 10002 milliseconds
[2026-05-19 00:55:12] ERROR en conexión a n8n: Connection timed out after 10002 milliseconds
[2026-05-19 00:55:26] === Iniciando procesamiento para job_id: pdf_6a0bb4fee473e8.77019071 ===
[2026-05-19 00:55:26] Archivos verificados correctamente
[2026-05-19 00:55:26] Metadata actualizada a 'processing'
[2026-05-19 00:55:26] Enviando a n8n: http://3.17.144.50:5678/webhook/formulario-pdf?job_id=pdf_6a0bb4fee473e8.77019071
[2026-05-19 00:55:36] Respuesta de n8n - HTTP: 0, Error: Connection timed out after 10002 milliseconds
[2026-05-19 00:55:36] ERROR en conexión a n8n: Connection timed out after 10002 milliseconds
[2026-05-19 00:55:57] === Iniciando procesamiento para job_id: pdf_6a0bb51ce245d5.34224203 ===
[2026-05-19 00:55:57] Archivos verificados correctamente
[2026-05-19 00:55:57] Metadata actualizada a 'processing'
[2026-05-19 00:55:57] Enviando a n8n: http://3.17.144.50:5678/webhook/formulario-pdf?job_id=pdf_6a0bb51ce245d5.34224203
[2026-05-19 00:56:07] Respuesta de n8n - HTTP: 0, Error: Connection timed out after 10002 milliseconds
[2026-05-19 00:56:07] ERROR en conexión a n8n: Connection timed out after 10002 milliseconds
[2026-05-19 00:56:47] === Iniciando procesamiento para job_id: pdf_6a0bb54fc51960.86590599 ===
[2026-05-19 00:56:47] Archivos verificados correctamente
[2026-05-19 00:56:47] Metadata actualizada a 'processing'
[2026-05-19 00:56:47] Enviando a n8n: http://3.17.144.50:5678/webhook/formulario-pdf?job_id=pdf_6a0bb54fc51960.86590599
[2026-05-19 00:56:57] Respuesta de n8n - HTTP: 0, Error: Connection timed out after 10002 milliseconds
[2026-05-19 00:56:57] ERROR en conexión a n8n: Connection timed out after 10002 milliseconds
[2026-05-20 00:40:32] === Iniciando procesamiento para job_id: pdf_6a0d0300746022.06619991 ===
[2026-05-20 00:40:32] Archivos verificados correctamente
[2026-05-20 00:40:32] Metadata actualizada a 'processing'
[2026-05-20 00:40:32] Enviando a n8n: http://3.17.144.50:5678/webhook/formulario-pdf?job_id=pdf_6a0d0300746022.06619991
[2026-05-20 00:40:42] Respuesta de n8n - HTTP: 0, Error: Connection timed out after 10002 milliseconds
[2026-05-20 00:40:42] ERROR en conexión a n8n: Connection timed out after 10002 milliseconds
[2026-05-20 01:03:10] === Iniciando procesamiento para job_id: pdf_6a0d084ea2dcc7.90421510 ===
[2026-05-20 01:03:10] Archivos verificados correctamente
[2026-05-20 01:03:10] Metadata actualizada a 'processing'
[2026-05-20 01:03:10] Enviando a n8n: http://44.220.84.111:5678/webhook/82921b6e-dc98-46b7-a6d6-d241d0512deb?job_id=pdf_6a0d084ea2dcc7.90421510
[2026-05-20 01:03:11] Respuesta de n8n - HTTP: 500, Error: ninguno
[2026-05-20 01:03:11] ERROR en conexión a n8n: n8n respondió con código 500
[2026-05-20 01:07:01] === Iniciando procesamiento para job_id: pdf_6a0d0935822181.35568048 ===
[2026-05-20 01:07:01] Archivos verificados correctamente
[2026-05-20 01:07:01] Metadata actualizada a 'processing'
[2026-05-20 01:07:01] Enviando a n8n: http://44.220.84.111:5678/webhook/82921b6e-dc98-46b7-a6d6-d241d0512deb?job_id=pdf_6a0d0935822181.35568048
[2026-05-20 01:07:16] Respuesta de n8n - HTTP: 0, Error: Operation timed out after 15002 milliseconds with 0 bytes received
[2026-05-20 01:07:16] ERROR en conexión a n8n: Operation timed out after 15002 milliseconds with 0 bytes received
[2026-05-20 01:12:34] === Iniciando procesamiento para job_id: pdf_6a0d0a82a95171.90616583 ===
[2026-05-20 01:12:34] Archivos verificados correctamente
[2026-05-20 01:12:34] Metadata actualizada a 'processing'
[2026-05-20 01:12:34] Enviando a n8n: http://44.220.84.111:5678/webhook/82921b6e-dc98-46b7-a6d6-d241d0512deb?job_id=pdf_6a0d0a82a95171.90616583
[2026-05-20 01:12:35] Respuesta de n8n - HTTP: 500, Error: ninguno
[2026-05-20 01:12:35] ERROR en conexión a n8n: n8n respondió con código 500
[2026-05-20 01:16:07] === Iniciando procesamiento para job_id: pdf_6a0d0b578d5e58.79065676 ===
[2026-05-20 01:16:07] Archivos verificados correctamente
[2026-05-20 01:16:07] Metadata actualizada a 'processing'
[2026-05-20 01:16:07] Enviando a n8n: http://44.220.84.111:5678/webhook/82921b6e-dc98-46b7-a6d6-d241d0512deb?job_id=pdf_6a0d0b578d5e58.79065676
[2026-05-20 01:16:22] Respuesta de n8n - HTTP: 0, Error: Operation timed out after 15002 milliseconds with 0 bytes received
[2026-05-20 01:16:22] ERROR en conexión a n8n: Operation timed out after 15002 milliseconds with 0 bytes received
[2026-05-20 01:26:03] === Iniciando procesamiento para job_id: pdf_6a0d0daae80932.02454606 ===
[2026-05-20 01:26:03] Archivos verificados correctamente
[2026-05-20 01:26:03] Metadata actualizada a 'processing'
[2026-05-20 01:26:03] Enviando a n8n: http://44.220.84.111:5678/webhook/82921b6e-dc98-46b7-a6d6-d241d0512deb?job_id=pdf_6a0d0daae80932.02454606
[2026-05-20 01:26:08] Enviado. n8n llamará al callback al terminar.
[2026-05-20 01:26:13] Respuesta de n8n - HTTP: 0, Error: Operation timed out after 5002 milliseconds with 0 bytes received
[2026-05-20 01:26:13] ERROR en conexión a n8n: Operation timed out after 5002 milliseconds with 0 bytes received
[2026-05-20 01:30:03] === Iniciando procesamiento para job_id: pdf_6a0d0e9b6d1541.63569083 ===
[2026-05-20 01:30:03] Archivos verificados correctamente
[2026-05-20 01:30:03] Metadata actualizada a 'processing'
[2026-05-20 01:30:03] Enviando a n8n: http://44.220.84.111:5678/webhook/82921b6e-dc98-46b7-a6d6-d241d0512deb?job_id=pdf_6a0d0e9b6d1541.63569083
[2026-05-20 01:30:08] Enviado. n8n llamará al callback al terminar.
[2026-05-20 01:30:13] Respuesta de n8n - HTTP: 0, Error: Operation timed out after 5002 milliseconds with 0 bytes received
[2026-05-20 01:30:13] ERROR en conexión a n8n: Operation timed out after 5002 milliseconds with 0 bytes received
[2026-05-20 01:32:52] === Iniciando procesamiento para job_id: pdf_6a0d0f444b8845.71599336 ===
[2026-05-20 01:32:52] Archivos verificados correctamente
[2026-05-20 01:32:52] Metadata actualizada a 'processing'
[2026-05-20 01:32:52] Enviando a n8n: http://44.220.84.111:5678/webhook/82921b6e-dc98-46b7-a6d6-d241d0512deb?job_id=pdf_6a0d0f444b8845.71599336
[2026-05-20 01:32:57] Enviado. n8n llamará al callback al terminar.
[2026-05-20 01:33:02] Respuesta de n8n - HTTP: 0, Error: Operation timed out after 5001 milliseconds with 0 bytes received
[2026-05-20 01:33:02] ERROR en conexión a n8n: Operation timed out after 5001 milliseconds with 0 bytes received
[2026-05-20 01:35:42] === Iniciando procesamiento para job_id: pdf_6a0d0fee58b724.30341539 ===
[2026-05-20 01:35:42] Archivos verificados correctamente
[2026-05-20 01:35:42] Metadata actualizada a 'processing'
[2026-05-20 01:35:42] Enviando a n8n: http://44.220.84.111:5678/webhook/82921b6e-dc98-46b7-a6d6-d241d0512deb?job_id=pdf_6a0d0fee58b724.30341539
[2026-05-20 01:35:47] Enviado. n8n llamará al callback al terminar.
[2026-05-20 01:35:52] Respuesta de n8n - HTTP: 0, Error: Operation timed out after 5001 milliseconds with 0 bytes received
[2026-05-20 01:35:52] ERROR en conexión a n8n: Operation timed out after 5001 milliseconds with 0 bytes received
[2026-05-20 01:39:52] === Iniciando procesamiento para job_id: pdf_6a0d10e85a87f2.02430377 ===
[2026-05-20 01:39:52] Archivos verificados correctamente
[2026-05-20 01:39:52] Metadata actualizada a 'processing'
[2026-05-20 01:39:52] Enviando a n8n: http://44.220.84.111:5678/webhook/82921b6e-dc98-46b7-a6d6-d241d0512deb?job_id=pdf_6a0d10e85a87f2.02430377
[2026-05-20 01:39:57] Enviado. n8n llamará al callback al terminar.
[2026-05-20 01:40:02] Respuesta de n8n - HTTP: 0, Error: Operation timed out after 5001 milliseconds with 0 bytes received
[2026-05-20 01:40:02] ERROR en conexión a n8n: Operation timed out after 5001 milliseconds with 0 bytes received
[2026-05-20 01:42:13] === Iniciando procesamiento para job_id: pdf_6a0d11758672b9.06252640 ===
[2026-05-20 01:42:13] Archivos verificados correctamente
[2026-05-20 01:42:13] Metadata actualizada a 'processing'
[2026-05-20 01:42:13] Enviando a n8n: http://44.220.84.111:5678/webhook/82921b6e-dc98-46b7-a6d6-d241d0512deb?job_id=pdf_6a0d11758672b9.06252640
[2026-05-20 01:42:13] Enviado. n8n llamará al callback al terminar.
[2026-05-20 01:42:14] Respuesta de n8n - HTTP: 200, Error: ninguno
[2026-05-20 01:42:14] Enviado exitosamente a n8n. Esperando callback...
[2026-05-20 01:49:12] === Iniciando procesamiento para job_id: pdf_6a0d1318447582.95989687 ===
[2026-05-20 01:49:12] Archivos verificados correctamente
[2026-05-20 01:49:12] Metadata actualizada a 'processing'
[2026-05-20 01:49:12] Enviando a n8n: http://44.220.84.111:5678/webhook/82921b6e-dc98-46b7-a6d6-d241d0512deb?job_id=pdf_6a0d1318447582.95989687
[2026-05-20 01:49:12] Enviado. n8n llamará al callback al terminar.
[2026-05-20 01:49:12] Respuesta de n8n - HTTP: 200, Error: ninguno
[2026-05-20 01:49:12] Enviado exitosamente a n8n. Esperando callback...
[2026-05-20 02:08:12] === Iniciando procesamiento para job_id: pdf_6a0d178c02eb67.01260773 ===
[2026-05-20 02:08:12] Metadata actualizada a 'processing'
[2026-05-20 02:08:12] Enviando a n8n: http://44.220.84.111:5678/webhook/82921b6e-dc98-46b7-a6d6-d241d0512deb?job_id=pdf_6a0d178c02eb67.01260773
[2026-05-20 02:08:12] Enviado. n8n llamará al callback al terminar.
[2026-05-20 02:08:12] Respuesta de n8n - HTTP: 200, Error: ninguno
[2026-05-20 02:08:12] Enviado exitosamente a n8n. Esperando callback...
[2026-05-20 02:36:34] === Iniciando procesamiento para job_id: pdf_6a0d1e32800102.35094524 ===
[2026-05-20 02:36:34] Metadata actualizada a 'processing'
[2026-05-20 02:36:34] Enviando a n8n: http://44.220.84.111:5678/webhook/82921b6e-dc98-46b7-a6d6-d241d0512deb?job_id=pdf_6a0d1e32800102.35094524
[2026-05-20 02:36:34] Enviado. n8n llamará al callback al terminar.
[2026-05-20 02:36:35] Respuesta de n8n - HTTP: 200, Error: ninguno
[2026-05-20 02:36:35] Enviado exitosamente a n8n. Esperando callback...
[2026-05-20 16:44:38] === Iniciando procesamiento para job_id: pdf_6a0de4f6b048e6.48531897 ===
[2026-05-20 16:44:38] Metadata actualizada a 'processing'
[2026-05-20 16:44:38] Enviando a n8n: http://44.220.84.111:5678/webhook/82921b6e-dc98-46b7-a6d6-d241d0512deb?job_id=pdf_6a0de4f6b048e6.48531897
[2026-05-20 16:44:38] Enviado. n8n llamará al callback al terminar.
[2026-05-20 16:44:38] Respuesta de n8n - HTTP: 0, Error: Failed to connect to 44.220.84.111 port 5678 after 21 ms: Could not connect to server
[2026-05-20 16:44:38] ERROR en conexión a n8n: Failed to connect to 44.220.84.111 port 5678 after 21 ms: Could not connect to server
[2026-05-20 16:51:11] === Iniciando procesamiento para job_id: pdf_6a0de67fa63893.77266217 ===
[2026-05-20 16:51:11] Metadata actualizada a 'processing'
[2026-05-20 16:51:11] Enviando a n8n: http://44.220.84.111:5678/webhook/82921b6e-dc98-46b7-a6d6-d241d0512deb?job_id=pdf_6a0de67fa63893.77266217
[2026-05-20 16:51:12] Enviado. n8n llamará al callback al terminar.
[2026-05-20 16:51:12] Respuesta de n8n - HTTP: 0, Error: Failed to connect to 44.220.84.111 port 5678 after 21 ms: Could not connect to server
[2026-05-20 16:51:12] ERROR en conexión a n8n: Failed to connect to 44.220.84.111 port 5678 after 21 ms: Could not connect to server
[2026-05-20 16:51:25] === Iniciando procesamiento para job_id: pdf_6a0de68d4a9b20.11792501 ===
[2026-05-20 16:51:25] Metadata actualizada a 'processing'
[2026-05-20 16:51:25] Enviando a n8n: http://44.220.84.111:5678/webhook/82921b6e-dc98-46b7-a6d6-d241d0512deb?job_id=pdf_6a0de68d4a9b20.11792501
[2026-05-20 16:51:25] Enviado. n8n llamará al callback al terminar.
[2026-05-20 16:51:25] Respuesta de n8n - HTTP: 0, Error: Failed to connect to 44.220.84.111 port 5678 after 20 ms: Could not connect to server
[2026-05-20 16:51:25] ERROR en conexión a n8n: Failed to connect to 44.220.84.111 port 5678 after 20 ms: Could not connect to server
[2026-05-20 16:51:50] === Iniciando procesamiento para job_id: pdf_6a0de6a6e0a1c0.78800545 ===
[2026-05-20 16:51:50] Metadata actualizada a 'processing'
[2026-05-20 16:51:50] Enviando a n8n: http://44.220.84.111:5678/webhook/82921b6e-dc98-46b7-a6d6-d241d0512deb?job_id=pdf_6a0de6a6e0a1c0.78800545
[2026-05-20 16:51:51] Enviado. n8n llamará al callback al terminar.
[2026-05-20 16:51:51] Respuesta de n8n - HTTP: 0, Error: Failed to connect to 44.220.84.111 port 5678 after 21 ms: Could not connect to server
[2026-05-20 16:51:51] ERROR en conexión a n8n: Failed to connect to 44.220.84.111 port 5678 after 21 ms: Could not connect to server
[2026-05-20 18:12:12] === Iniciando procesamiento para job_id: pdf_6a0df97c5c7795.23914428 ===
[2026-05-20 18:12:12] Metadata actualizada a 'processing'
[2026-05-20 18:12:12] Enviando a n8n: http://44.220.84.111:5678/webhook/82921b6e-dc98-46b7-a6d6-d241d0512deb?job_id=pdf_6a0df97c5c7795.23914428
[2026-05-20 18:12:12] Enviado. n8n llamará al callback al terminar.
[2026-05-20 18:12:12] Respuesta de n8n - HTTP: 0, Error: Failed to connect to 44.220.84.111 port 5678 after 21 ms: Could not connect to server
[2026-05-20 18:12:12] ERROR en conexión a n8n: Failed to connect to 44.220.84.111 port 5678 after 21 ms: Could not connect to server
[2026-05-22 22:07:53] === Iniciando procesamiento para job_id: pdf_6a10d3b8ae9461.40442088 ===
[2026-05-22 22:07:53] Metadata actualizada a 'processing'
[2026-05-22 22:07:53] Enviando a n8n: http://44.220.84.111:5678/webhook/82921b6e-dc98-46b7-a6d6-d241d0512deb?job_id=pdf_6a10d3b8ae9461.40442088
[2026-05-22 22:07:53] Enviado. n8n llamará al callback al terminar.
[2026-05-22 22:07:53] Respuesta de n8n - HTTP: 0, Error: Failed to connect to 44.220.84.111 port 5678 after 20 ms: Could not connect to server
[2026-05-22 22:07:53] ERROR en conexión a n8n: Failed to connect to 44.220.84.111 port 5678 after 20 ms: Could not connect to server
[2026-05-24 17:16:37] === Iniciando procesamiento para job_id: pdf_6a1332755cb9d5.21277901 ===
[2026-05-24 17:16:37] Metadata actualizada a 'processing'
[2026-05-24 17:16:37] Enviando a n8n: http://44.220.84.111:5678/webhook/82921b6e-dc98-46b7-a6d6-d241d0512deb?job_id=pdf_6a1332755cb9d5.21277901
[2026-05-24 17:16:38] Enviado. n8n llamará al callback al terminar.
[2026-05-24 17:16:38] Respuesta de n8n - HTTP: 200, Error: ninguno
[2026-05-24 17:16:38] Enviado exitosamente a n8n. Esperando callback...
[2026-05-25 05:09:09] === Iniciando procesamiento para job_id: pdf_6a13d9757ca619.78634404 ===
[2026-05-25 05:09:09] Metadata actualizada a 'processing'
[2026-05-25 05:09:09] Enviando a n8n: http://44.220.84.111:5678/webhook/82921b6e-dc98-46b7-a6d6-d241d0512deb?job_id=pdf_6a13d9757ca619.78634404
[2026-05-25 05:09:10] Enviado. n8n llamará al callback al terminar.
[2026-05-25 05:09:10] Respuesta de n8n - HTTP: 200, Error: ninguno
[2026-05-25 05:09:10] Enviado exitosamente a n8n. Esperando callback...
[2026-05-25 05:14:53] === Iniciando procesamiento para job_id: pdf_6a13dacd781583.42654895 ===
[2026-05-25 05:14:53] Metadata actualizada a 'processing'
[2026-05-25 05:14:53] Enviando a n8n: http://44.220.84.111:5678/webhook/82921b6e-dc98-46b7-a6d6-d241d0512deb?job_id=pdf_6a13dacd781583.42654895
[2026-05-25 05:14:53] Enviado. n8n llamará al callback al terminar.
[2026-05-25 05:14:54] Respuesta de n8n - HTTP: 200, Error: ninguno
[2026-05-25 05:14:54] Enviado exitosamente a n8n. Esperando callback...
[2026-05-25 05:44:19] === Iniciando procesamiento para job_id: pdf_6a13e1b2efc8f9.27492067 ===
[2026-05-25 05:44:19] Metadata actualizada a 'processing'
[2026-05-25 05:44:19] Enviando a n8n: http://44.220.84.111:5678/webhook/82921b6e-dc98-46b7-a6d6-d241d0512deb?job_id=pdf_6a13e1b2efc8f9.27492067
[2026-05-25 05:44:19] Enviado. n8n llamará al callback al terminar.
[2026-05-25 05:44:19] Respuesta de n8n - HTTP: 200, Error: ninguno
[2026-05-25 05:44:19] Enviado exitosamente a n8n. Esperando callback...
[2026-05-25 14:14:58] === Iniciando procesamiento para job_id: pdf_6a145961dfb4a6.13888194 ===
[2026-05-25 14:14:58] Metadata actualizada a 'processing'
[2026-05-25 14:14:58] Enviando a n8n: http://44.220.84.111:5678/webhook/82921b6e-dc98-46b7-a6d6-d241d0512deb?job_id=pdf_6a145961dfb4a6.13888194
[2026-05-25 14:14:58] Enviado. n8n llamará al callback al terminar.
[2026-05-25 14:14:59] Respuesta de n8n - HTTP: 200, Error: ninguno
[2026-05-25 14:14:59] Enviado exitosamente a n8n. Esperando callback...
[2026-05-25 17:54:24] === Iniciando procesamiento para job_id: pdf_6a148ccf8f5a81.75613433 ===
[2026-05-25 17:54:24] Metadata actualizada a 'processing'
[2026-05-25 17:54:24] Enviando a n8n: http://44.220.84.111:5678/webhook/82921b6e-dc98-46b7-a6d6-d241d0512deb?job_id=pdf_6a148ccf8f5a81.75613433
[2026-05-25 17:54:24] Enviado. n8n llamará al callback al terminar.
[2026-05-25 17:54:24] Respuesta de n8n - HTTP: 200, Error: ninguno
[2026-05-25 17:54:24] Enviado exitosamente a n8n. Esperando callback...
[2026-05-27 19:12:56] === Iniciando procesamiento para job_id: pdf_6a174238a65782.58091030 ===
[2026-05-27 19:12:56] Metadata actualizada a 'processing'
[2026-05-27 19:12:56] Enviando a n8n: http://44.220.84.111:5678/webhook/82921b6e-dc98-46b7-a6d6-d241d0512deb?job_id=pdf_6a174238a65782.58091030
[2026-05-27 19:12:57] Enviado. n8n llamará al callback al terminar.
[2026-05-27 19:12:57] Respuesta de n8n - HTTP: 200, Error: ninguno
[2026-05-27 19:12:57] Enviado exitosamente a n8n. Esperando callback...
[2026-05-27 21:38:32] === Iniciando procesamiento para job_id: pdf_6a1764581db1f3.12886825 ===
[2026-05-27 21:38:32] Metadata actualizada a 'processing'
[2026-05-27 21:38:32] Enviando a n8n: http://44.220.84.111:5678/webhook/82921b6e-dc98-46b7-a6d6-d241d0512deb?job_id=pdf_6a1764581db1f3.12886825
[2026-05-27 21:38:32] Enviado. n8n llamará al callback al terminar.
[2026-05-27 21:38:32] Respuesta de n8n - HTTP: 200, Error: ninguno
[2026-05-27 21:38:32] Enviado exitosamente a n8n. Esperando callback...
[2026-05-27 21:43:28] === Iniciando procesamiento para job_id: pdf_6a1765803ef690.05843532 ===
[2026-05-27 21:43:28] Metadata actualizada a 'processing'
[2026-05-27 21:43:28] Enviando a n8n: http://44.220.84.111:5678/webhook/82921b6e-dc98-46b7-a6d6-d241d0512deb?job_id=pdf_6a1765803ef690.05843532
[2026-05-27 21:43:28] Enviado. n8n llamará al callback al terminar.
[2026-05-27 21:43:28] Respuesta de n8n - HTTP: 200, Error: ninguno
[2026-05-27 21:43:28] Enviado exitosamente a n8n. Esperando callback...
[2026-05-27 21:51:52] === Iniciando procesamiento para job_id: pdf_6a1767784082f9.75986915 ===
[2026-05-27 21:51:52] Metadata actualizada a 'processing'
[2026-05-27 21:51:52] Enviando a n8n: http://44.220.84.111:5678/webhook/82921b6e-dc98-46b7-a6d6-d241d0512deb?job_id=pdf_6a1767784082f9.75986915
[2026-05-27 21:51:52] Enviado. n8n llamará al callback al terminar.
[2026-05-27 21:51:52] Respuesta de n8n - HTTP: 200, Error: ninguno
[2026-05-27 21:51:52] Enviado exitosamente a n8n. Esperando callback...
[2026-05-27 21:58:54] === Iniciando procesamiento para job_id: pdf_6a17691ebca4e3.83019644 ===
[2026-05-27 21:58:54] Metadata actualizada a 'processing'
[2026-05-27 21:58:54] Enviando a n8n: http://44.220.84.111:5678/webhook/82921b6e-dc98-46b7-a6d6-d241d0512deb?job_id=pdf_6a17691ebca4e3.83019644
[2026-05-27 21:58:55] Enviado. n8n llamará al callback al terminar.
[2026-05-27 21:58:55] Respuesta de n8n - HTTP: 200, Error: ninguno
[2026-05-27 21:58:55] Enviado exitosamente a n8n. Esperando callback...
[2026-05-27 22:22:29] === Iniciando procesamiento para job_id: pdf_6a176ea52dd362.58901771 ===
[2026-05-27 22:22:29] Metadata actualizada a 'processing'
[2026-05-27 22:22:29] Enviando a n8n: http://44.220.84.111:5678/webhook/82921b6e-dc98-46b7-a6d6-d241d0512deb?job_id=pdf_6a176ea52dd362.58901771
[2026-05-27 22:22:29] Enviado. n8n llamará al callback al terminar.
[2026-05-27 22:22:29] Respuesta de n8n - HTTP: 200, Error: ninguno
[2026-05-27 22:22:29] Enviado exitosamente a n8n. Esperando callback...
[2026-06-03 17:47:25] === Iniciando procesamiento para job_id: pdf_6a2068ad42fa60.95783461 ===
[2026-06-03 17:47:25] Metadata actualizada a 'processing'
[2026-06-03 17:47:25] Enviando a n8n: http://44.220.84.111:5678/webhook/82921b6e-dc98-46b7-a6d6-d241d0512deb?job_id=pdf_6a2068ad42fa60.95783461
[2026-06-03 17:47:25] Enviado. n8n llamará al callback al terminar.
[2026-06-03 17:47:26] Respuesta de n8n - HTTP: 200, Error: ninguno
[2026-06-03 17:47:26] Enviado exitosamente a n8n. Esperando callback...
